ts_ms,symbol,asset,source,event_type,urgency,sentiment,abs_sentiment,confidence,hour,ret_1h,ret_4h,exc_1h,exc_4h
1775694468000,BTCUSDT,BTC,decrypt,geopolitical,2,1.0,1.0,0.3,0,-8.062467603642265e-05,0.0009689081032600022,0.0,0.0
1775694468000,BTCUSDT,ALL,decrypt,regulatory,2,-1.0,1.0,0.3,0,-8.062467603642265e-05,0.0009689081032600022,0.0,0.0
1775694471000,BTCUSDT,BTC,decrypt,geopolitical,2,1.0,1.0,0.3,0,-8.062467603642265e-05,0.0009689081032600022,0.0,0.0
1775695366000,BTCUSDT,ALL,cointelegraph,regulatory,2,-0.45,0.45,0.7,0,0.0012618779010502568,0.0002096297666918101,0.0,0.0
1775696444000,BTCUSDT,ALL,theblock,exchange,2,0.4,0.4,0.7,1,0.005530426912061515,0.003992811805234142,0.0,0.0
1775706125000,BTCUSDT,BTC,cointelegraph,macro,2,0.7,0.7,0.8,3,-0.0030193218847364145,0.00017598268860141708,0.0,0.0
1775716841000,BTCUSDT,ALL,cointelegraph,hack,2,-0.2,0.2,0.8,6,0.0004986610288937321,0.0064796335447496745,0.0,0.0
1775717386000,BTCUSDT,BTC,theblock,hack,3,-0.7,0.7,0.8,6,2.0287093365212172e-05,0.005017110895310317,0.0,0.0
1775724117000,BTCUSDT,ALL,cointelegraph,macro,2,0.7,0.7,0.8,8,0.0012266429887994867,-0.0014959095062444527,0.0,0.0
1775724127000,BTCUSDT,ALL,cointelegraph,macro,2,-0.2,0.2,0.6,8,0.0012266429887994867,-0.0014959095062444527,0.0,0.0
1775725557000,BTCUSDT,BTC,theblock,exchange,2,-0.2,0.2,0.8,9,0.0007032637691994914,-0.0029448469314719006,0.0,0.0
1775727102000,BTCUSDT,ALL,coindesk,regulatory,2,0.2,0.2,0.8,9,0.002175628246525285,-0.003898497823950575,0.0,0.0
1775727647000,BTCUSDT,ALL,cointelegraph,influencer,2,0.4,0.4,0.8,9,0.0007656075038784405,-0.006636105898527256,0.0,0.0
1775727657000,BTCUSDT,ALL,cointelegraph,regulatory,2,-0.3,0.3,0.7,9,0.0007656075038784405,-0.006636105898527256,0.0,0.0
1775734376000,BTCUSDT,ALL,coindesk,geopolitical,2,-0.45,0.45,0.7,11,-0.00037695221698630377,0.009912171397910896,0.0,0.0
1775734932000,BTCUSDT,BTC,cointelegraph,exchange,2,-0.2,0.2,0.8,11,-0.0007843640550074804,0.012559654003619691,0.0,0.0
1775737752000,BTCUSDT,BTC,coindesk,exchange,2,-0.4,0.4,0.8,12,-0.0034170990569845072,0.009935559464332666,0.0,0.0
1775737762000,BTCUSDT,BTC,decrypt,exchange,3,0.5,0.5,0.8,12,-0.0034170990569845072,0.009935559464332666,0.0,0.0
1775737842000,BTCUSDT,BTC,coindesk,macro,2,0.8,0.8,0.7,12,-0.002768685004631233,0.009956949681866112,0.0,0.0
1775738471000,BTCUSDT,ALL,cointelegraph,regulatory,2,-0.2,0.2,0.8,12,-0.003927568823796523,0.009368746141675377,0.0,0.0
1775740201000,BTCUSDT,ALL,theblock,regulatory,2,-0.4,0.4,0.8,13,-0.00725468041743782,0.01818084432029976,0.0,0.0
1775740841000,BTCUSDT,BTC,theblock,influencer,3,0.7,0.7,0.8,13,-0.0066956155615263135,0.01733277344344386,0.0,0.0
1775741291000,BTCUSDT,ALL,decrypt,influencer,2,-0.2,0.2,0.6,13,-0.0046307324719409015,0.016857404516147367,0.0,0.0
1775741566000,BTCUSDT,BTC,coindesk,influencer,2,-0.2,0.2,0.8,13,-0.0020547604440220857,0.021131376836075022,0.0,0.0
1775742112000,BTCUSDT,ALL,cointelegraph,regulatory,2,0.2,0.2,0.8,13,0.0020788193491170226,0.02101110048619126,0.0,0.0
1775742122000,BTCUSDT,ALL,cointelegraph,regulatory,3,0.7,0.7,0.8,13,0.0020788193491170226,0.02101110048619126,0.0,0.0
1775744747000,BTCUSDT,BTC,coindesk,macro,2,0.8,0.8,0.9,14,0.021843137404754076,0.017020604493001468,0.0,0.0
1775748273000,BTCUSDT,ALL,theblock,hack,3,-0.8,0.8,0.9,15,0.010112817076820324,0.006779677647472893,0.0,0.0
1775748283000,BTCUSDT,BTC,decrypt,macro,2,0.5,0.5,0.7,15,0.010112817076820324,0.006779677647472893,0.0,0.0
1775748999000,BTCUSDT,ALL,coindesk,regulatory,2,-0.35,0.35,0.7,15,-0.0014379316205519466,0.0005613538534112728,0.0,0.0
1775749179000,BTCUSDT,BTC,cointelegraph,hack,3,-0.7,0.7,0.8,15,-0.0014379316205519466,0.0005613538534112728,0.0,0.0
1775752908000,BTCUSDT,ALL,cointelegraph,regulatory,3,0.7,0.7,0.8,16,0.0075614219349178224,0.007081523912203513,0.0,0.0
1775753278000,BTCUSDT,ALL,coindesk,exchange,3,0.7,0.7,0.8,16,0.006582021336276167,0.006803749685108107,0.0,0.0
1775753817000,ETHUSDT,ETH,theblock,exchange,3,0.8,0.8,0.9,16,-0.00553282750914641,-0.0012840845603474538,0.002049974723539405,-0.0011035975019456634
1775756548000,BTCUSDT,ALL,coindesk,geopolitical,2,-0.4,0.4,0.7,17,-0.006726738710376434,0.0005958197551279021,0.0,0.0
1775757828000,BTCUSDT,BTC,decrypt,exchange,2,-0.2,0.2,0.8,18,0.0006468418481402338,0.005306658305029854,0.0,0.0
1775760008000,BTCUSDT,ALL,cointelegraph,regulatory,2,-0.2,0.2,0.8,18,0.004946854699080738,0.007322068341715671,0.0,0.0
1775760738000,BTCUSDT,BTC,theblock,exchange,3,-0.65,0.65,0.8,18,0.002888215100316893,0.0007973437824502216,0.0,0.0
1775761364000,BTCUSDT,ALL,theblock,influencer,2,-0.35,0.35,0.7,19,-0.0003275139470982902,-0.0016035693469150791,0.0,0.0
1775761644000,BTCUSDT,BTC,coindesk,macro,2,0.8,0.8,0.7,19,0.0020687522072984077,-0.003197389668399775,0.0,0.0
1775763727000,BTCUSDT,ALL,cointelegraph,exchange,2,0.5,0.5,0.8,19,0.0013392920177088818,-0.006221374796060886,0.0,0.0
1775765188000,BTCUSDT,ALL,coindesk,regulatory,2,0.0,0.0,0.8,20,0.0021261303596231684,-0.005081267305027559,0.0,0.0
1775765278000,BTCUSDT,ALL,coindesk,exchange,2,0.3,0.3,0.7,20,0.0021261303596231684,-0.005081267305027559,0.0,0.0
1775765278000,BTCUSDT,ALL,coindesk,exchange,2,0.2,0.2,0.8,20,0.0021261303596231684,-0.005081267305027559,0.0,0.0
1775769284000,BTCUSDT,ALL,theblock,regulatory,3,-0.6,0.6,0.8,21,0.007418312432504903,-0.0036107112046750434,0.0,0.0
1775769368000,BTCUSDT,ALL,theblock,regulatory,2,-0.4,0.4,0.8,21,0.006890766903514978,-0.0060288677430884174,0.0,0.0
1775770648000,BTCUSDT,ALL,coindesk,regulatory,2,0.2,0.2,0.8,21,-0.0018362874640115434,-0.0020930143644222188,0.0,0.0
1775771309000,BTCUSDT,ALL,theblock,regulatory,2,-0.2,0.2,0.6,21,-0.0011797860283955242,-0.0010443644641089378,0.0,0.0
1775775371000,BTCUSDT,ALL,theblock,influencer,3,0.8,0.8,0.7,22,-0.0009788291333828747,0.0010165299143871653,0.0,0.0
1775777382000,BTCUSDT,ALL,decrypt,regulatory,2,0.0,0.0,0.8,23,0.002011716239841199,0.0021053881711865507,0.0,0.0
1775778017000,BTCUSDT,ALL,cointelegraph,influencer,2,-0.2,0.2,0.6,23,0.0019469223040518013,0.0010708978087965448,0.0,0.0
1775780473000,BTCUSDT,ALL,decrypt,influencer,2,-0.4,0.4,0.7,0,0.0005903647078557839,0.00026504466016463724,0.0,0.0
1775781828000,BTCUSDT,ALL,cointelegraph,regulatory,2,0.0,0.0,0.8,0,0.004122202140970366,1.2929236757885931e-05,0.0,0.0
1775781828000,BTCUSDT,ALL,cointelegraph,regulatory,2,-0.45,0.45,0.8,0,0.004122202140970366,1.2929236757885931e-05,0.0,0.0
1775781838000,BTCUSDT,ALL,cointelegraph,exchange,2,-0.45,0.45,0.8,0,0.004122202140970366,1.2929236757885931e-05,0.0,0.0
1775782743000,BTCUSDT,ALL,decrypt,regulatory,2,-0.45,0.45,0.8,0,0.0035624463281647145,0.0035909692736917354,0.0,0.0
1775790200000,BTCUSDT,ALL,decrypt,regulatory,2,0.2,0.2,0.8,3,0.00021428372778609095,-0.002418166142892808,0.0,0.0
1775797561000,BTCUSDT,ALL,coindesk,regulatory,2,-0.42,0.42,0.78,5,0.001110879205729054,-0.0050865916810480805,0.0,0.0
1775799376000,BTCUSDT,ALL,coindesk,exchange,3,0.6,0.6,0.8,5,-0.0030541718451864153,-0.004793156703767232,0.0,0.0
1775799831000,BTCUSDT,ALL,cointelegraph,regulatory,2,0.4,0.4,0.8,5,-0.004230219008803715,-0.005704575159052427,0.0,0.0
1775810448000,BTCUSDT,ALL,cointelegraph,influencer,2,0.45,0.45,0.8,8,0.0029757125785589977,0.011822633387542636,0.0,0.0
1775812813000,BTCUSDT,ALL,theblock,influencer,3,0.7,0.7,0.8,9,-0.0004803157626755983,0.007402185652702009,0.0,0.0
1775814099000,BTCUSDT,ALL,cointelegraph,influencer,3,0.8,0.8,0.7,9,0.0008772602060225232,0.0072915984500252495,0.0,0.0
1775814100000,BTCUSDT,ALL,cointelegraph,regulatory,2,0.2,0.2,0.8,9,0.0008772602060225232,0.0072915984500252495,0.0,0.0
1775821281000,BTCUSDT,ALL,theblock,regulatory,2,0.2,0.2,0.8,11,0.0022891446010948613,0.004613728305834952,0.0,0.0
1775822364000,BTCUSDT,ALL,coindesk,regulatory,2,-0.2,0.2,0.8,11,0.00023649560889871246,0.004623371391069497,0.0,0.0
1775822444000,BTCUSDT,BTC,coindesk,exchange,3,0.5,0.5,0.8,12,0.0010221927399505226,0.005613258816983935,0.0,0.0
1775823624000,BTCUSDT,ALL,coindesk,regulatory,3,0.7,0.7,0.8,12,0.0016867390086590106,0.008231408288519537,0.0,0.0
1775824999000,BTCUSDT,ALL,cointelegraph,regulatory,3,0.8,0.8,0.9,12,-0.0015157050328062915,0.005140883636421512,0.0,0.0
1775825260000,BTCUSDT,ALL,cointelegraph,hack,2,0.0,0.0,0.8,12,0.0007589136345205194,0.009621307635889975,0.0,0.0
1775828181000,BTCUSDT,BTC,coindesk,macro,2,-0.2,0.2,0.8,13,0.011175730352546376,0.011910676311259527,0.0,0.0
1775830456000,BTCUSDT,BTC,theblock,influencer,2,0.4,0.4,0.8,14,0.0036317371273237864,0.0029727082321711062,0.0,0.0
1775832272000,ETHUSDT,ETH,cointelegraph,hack,2,-0.2,0.2,0.8,14,-0.004282387229724738,0.0038934856754593294,-0.0021616322117868902,0.0003958830925465673
1775832367000,BTCUSDT,ALL,theblock,influencer,3,0.5,0.5,0.8,14,-0.0046601238489384356,0.0029078579713202046,0.0,0.0
1775835267000,BTCUSDT,BTC,coindesk,macro,2,0.5,0.5,0.8,15,-0.00016665293934137182,0.003080329329308462,0.0,0.0
1775836173000,BTCUSDT,ALL,coindesk,geopolitical,2,-0.2,0.2,0.6,15,0.005593695468089965,0.008267435831403658,0.0,0.0
1775839083000,BTCUSDT,ALL,coindesk,influencer,3,-0.6,0.6,0.8,16,0.0027291151731709817,0.007166436971411061,0.0,0.0
1775840861000,BTCUSDT,BTC,decrypt,influencer,3,0.8,0.8,0.7,17,0.003057021584013331,0.0029396813615969464,0.0,0.0
1775842951000,BTCUSDT,BTC,cointelegraph,macro,2,0.7,0.7,0.8,17,-6.700158323780236e-05,0.001578442206338737,0.0,0.0
1775842951000,BTCUSDT,ALL,cointelegraph,macro,2,-0.35,0.35,0.7,17,-6.700158323780236e-05,0.001578442206338737,0.0,0.0
1775842961000,BTCUSDT,ALL,cointelegraph,regulatory,2,-0.45,0.45,0.8,17,-6.700158323780236e-05,0.001578442206338737,0.0,0.0
1775846407000,BTCUSDT,ALL,coindesk,influencer,2,-0.42,0.42,0.78,18,0.000544681266225755,-0.0019345434255533256,0.0,0.0
1775846855000,BTCUSDT,ALL,decrypt,regulatory,2,-0.2,0.2,0.8,18,0.0006590104275325803,-0.0022976383497523845,0.0,0.0
1775851122000,BTCUSDT,ALL,decrypt,regulatory,2,-0.2,0.2,0.8,19,0.0009287729181612914,-0.005704909842549455,0.0,0.0
1775853669000,BTCUSDT,BTC,cointelegraph,influencer,3,0.8,0.8,0.7,20,-0.0019712482829399303,-0.005556713801591395,0.0,0.0
1775857404000,BTCUSDT,ALL,cointelegraph,regulatory,2,0.4,0.4,0.8,21,-0.003574215904419531,-0.001688542385587799,0.0,0.0
1775895284000,BTCUSDT,ALL,cointelegraph,regulatory,2,0.4,0.4,0.8,8,0.000566821039726273,0.0018630599402253978,0.0,0.0
1775895284000,BTCUSDT,BTC,cointelegraph,geopolitical,2,0.4,0.4,0.7,8,0.000566821039726273,0.0018630599402253978,0.0,0.0
1775897000000,BTCUSDT,ALL,cointelegraph,exchange,3,0.7,0.7,0.8,8,0.001682703646540995,0.0032412260743153176,0.0,0.0
1775904240000,BTCUSDT,ALL,cointelegraph,regulatory,3,0.5,0.5,0.8,10,0.0008543091087651611,-0.0019313321231766434,0.0,0.0
1775911421000,BTCUSDT,ALL,cointelegraph,exchange,3,-0.8,0.8,0.9,12,-0.003442263406075119,0.0027803213071608823,0.0,0.0
1775919782000,BTCUSDT,BTC,coindesk,macro,2,-0.35,0.35,0.8,15,0.0021190270552553514,0.014001564472873484,0.0,0.0
1775922143000,BTCUSDT,ALL,cointelegraph,regulatory,3,-0.7,0.7,0.8,15,0.005443329313658207,0.012229589336159918,0.0,0.0
1775926874000,BTCUSDT,ALL,coindesk,regulatory,2,0.2,0.2,0.7,17,0.0012620323199723504,0.0056849672540078,0.0,0.0
1775926884000,BTCUSDT,ALL,coindesk,exchange,2,0.6,0.6,0.8,17,0.0012620323199723504,0.0056849672540078,0.0,0.0
1775932680000,BTCUSDT,BTC,theblock,regulatory,3,-0.8,0.8,0.7,18,0.003117333769650177,-0.0018428219105509624,0.0,0.0
1775932780000,ETHUSDT,ETH,theblock,exchange,2,-0.4,0.4,0.7,18,0.010166966506510056,0.000496587053017139,0.007049632736859879,0.0023394089635681015
1775934145000,BTCUSDT,ALL,coindesk,macro,2,0.45,0.45,0.8,19,-0.0017470577333591475,-0.009697615334708698,0.0,0.0
1775937592000,ETHUSDT,ETH,coindesk,exchange,2,-0.4,0.4,0.7,19,-0.004444097926087576,-0.012634925585182755,-0.001301837832464403,-0.004036208219143633
1775937682000,BTCUSDT,ALL,coindesk,macro,2,-0.6,0.6,0.8,20,-0.002197667482444765,-0.007807631655164404,0.0,0.0
1775941603000,BTCUSDT,ALL,theblock,exchange,2,0.2,0.2,0.8,21,0.001153079079351027,-0.004669248405186344,0.0,0.0
1775943873000,BTCUSDT,BTC,cointelegraph,macro,2,0.7,0.7,0.8,21,-0.0009570088365994378,-0.027389712767949992,0.0,0.0
1775943883000,BTCUSDT,ALL,cointelegraph,influencer,2,-0.35,0.35,0.8,21,-0.0009570088365994378,-0.027389712767949992,0.0,0.0
1775946694000,BTCUSDT,BTC,coindesk,influencer,2,0.2,0.2,0.8,22,-0.0021252639524341754,-0.019733190411970525,0.0,0.0
1775954553000,BTCUSDT,ALL,cointelegraph,influencer,3,-0.8,0.8,0.9,0,-0.021977811258731772,-0.019723325571839423,0.0,0.0
1775984395000,BTCUSDT,ALL,theblock,regulatory,2,-0.2,0.2,0.8,8,-0.000553175322763777,-0.007805375064466213,0.0,0.0
1775990530000,ETHUSDT,ETH,cointelegraph,exchange,3,-0.5,0.5,0.8,10,-0.0031615797948366664,-0.013980605358855036,-0.0024351017252709495,-0.0038315920346821963
1775998886000,BTCUSDT,ALL,coindesk,geopolitical,3,-0.8,0.8,0.9,13,-0.0017916210958286438,-0.0021307398342058637,0.0,0.0
1776001987000,BTCUSDT,ALL,coindesk,influencer,2,0.4,0.4,0.7,13,-0.0019901418293449824,0.0035419954063666825,0.0,0.0
1776006078000,BTCUSDT,ALL,coindesk,macro,2,0.2,0.2,0.8,15,0.0011438074729699377,0.005339652180793797,0.0,0.0
1776010936000,BTCUSDT,BTC,coindesk,macro,2,0.8,0.8,0.7,16,0.0010021715597021696,0.0018513667347281881,0.0,0.0
1776012401000,BTCUSDT,BTC,coindesk,geopolitical,3,-0.5,0.5,0.7,16,0.003458346207077634,0.006119014061655825,0.0,0.0
1776013306000,BTCUSDT,ALL,coindesk,exchange,3,-0.7,0.7,0.8,17,0.002623496667370162,0.004802464227030789,0.0,0.0
1776014217000,BTCUSDT,ALL,coindesk,macro,2,-0.35,0.35,0.8,17,0.0019350348544417972,0.004949613986474866,0.0,0.0
1776015857000,BTCUSDT,BTC,cointelegraph,macro,2,-0.45,0.45,0.8,17,0.001386088230626914,0.002887777684064119,0.0,0.0
1776021128000,BTCUSDT,ALL,theblock,influencer,2,-0.45,0.45,0.8,19,-0.0019963166117101805,-0.006248293881645384,0.0,0.0
1776023028000,BTCUSDT,BTC,cointelegraph,influencer,3,0.8,0.8,0.9,19,0.0018340457843522007,-0.0073305585241015825,0.0,0.0
1776027669000,BTCUSDT,ALL,coindesk,regulatory,2,-0.35,0.35,0.7,21,-0.005436597128535614,-0.0027399630623814453,0.0,0.0
1776035681000,BTCUSDT,ALL,theblock,regulatory,3,-0.7,0.7,0.8,23,0.0022006744038709503,0.006259007693590668,0.0,0.0
1776041137000,BTCUSDT,ALL,cointelegraph,regulatory,3,0.8,0.8,0.9,0,-0.0012000583667942655,-0.004105618056742366,0.0,0.0
1776059030000,BTCUSDT,BTC,cointelegraph,macro,2,-0.35,0.35,0.7,5,0.003010472054330693,-0.0006791600103809303,0.0,0.0
1776061396000,BTCUSDT,BTC,theblock,hack,3,-0.8,0.8,0.9,6,-0.0044209937287703616,-0.003511646418505099,0.0,0.0
1776062566000,BTCUSDT,ALL,cointelegraph,regulatory,2,0.2,0.2,0.8,6,-0.0036062001810631683,-0.003756687279222848,0.0,0.0
1776062576000,BTCUSDT,ALL,cointelegraph,hack,3,-0.8,0.8,0.9,6,-0.0036062001810631683,-0.003756687279222848,0.0,0.0
1776067387000,BTCUSDT,BTC,coindesk,influencer,3,0.8,0.8,0.7,8,-0.0004861595095146942,0.0039451158569425715,0.0,0.0
1776069943000,BTCUSDT,BTC,coindesk,macro,2,-0.5,0.5,0.8,8,0.0017586354891057088,0.007960430135289354,0.0,0.0
1776073404000,BTCUSDT,BTC,cointelegraph,regulatory,2,-0.2,0.2,0.8,9,-7.841787486695395e-05,0.011893660275115403,0.0,0.0
1776073414000,BTCUSDT,ALL,cointelegraph,influencer,3,0.6,0.6,0.8,9,-7.841787486695395e-05,0.011893660275115403,0.0,0.0
1776073416000,BTCUSDT,BTC,cointelegraph,hack,3,-0.8,0.8,0.9,9,-7.841787486695395e-05,0.011893660275115403,0.0,0.0
1776074396000,SOLUSDT,SOL,coindesk,exchange,2,-0.2,0.2,0.8,9,-0.0006106497313140835,0.01856375183194925,-0.0011595803407500327,0.008189161075539575
1776079023000,BTCUSDT,BTC,coindesk,macro,2,-0.8,0.8,0.9,11,0.00040594935213889016,0.014562674586794389,0.0,0.0
1776079129000,BTCUSDT,ALL,coindesk,regulatory,2,-0.2,0.2,0.6,11,0.00040594935213889016,0.014562674586794389,0.0,0.0
1776086257000,BTCUSDT,ALL,coindesk,influencer,2,0.2,0.2,0.8,13,0.0058413557258287785,0.014990842650279168,0.0,0.0
1776087427000,BTCUSDT,ALL,coindesk,macro,2,-0.35,0.35,0.7,13,0.013382895232496583,0.019788018993660117,0.0,0.0
1776091893000,BTCUSDT,BTC,coindesk,regulatory,2,-0.43,0.43,0.72,14,-0.007369597991164323,0.0003412976354331132,0.0,0.0
1776092894000,BTCUSDT,BTC,theblock,influencer,3,0.8,0.8,0.9,15,0.001097129603750524,0.005104557396319986,0.0,0.0
1776093074000,BTCUSDT,BTC,coindesk,influencer,3,0.8,0.8,0.9,15,0.0033851523610770595,0.0094032319244024,0.0,0.0
1776094984000,BTCUSDT,BTC,cointelegraph,influencer,3,0.5,0.5,0.8,15,0.006697640824967044,0.019772860194317676,0.0,0.0
1776094994000,BTCUSDT,ALL,cointelegraph,regulatory,2,-0.4,0.4,0.7,15,0.006697640824967044,0.019772860194317676,0.0,0.0
1776095255000,BTCUSDT,ALL,theblock,exchange,2,-0.4,0.4,0.8,15,0.004803451448325724,0.02376299868967635,0.0,0.0
1776097255000,XRPUSDT,XRP,coindesk,exchange,3,0.5,0.5,0.8,16,0.0011942972307232846,0.008061506307382338,-0.0015707609931585598,-0.0037399604081738147
1776097700000,ETHUSDT,ETH,coindesk,influencer,3,0.8,0.8,0.9,16,0.003910107920774397,0.013400312449496354,0.00040905987689243695,-0.0003271241486944021
1776098638000,BTCUSDT,BTC,cointelegraph,influencer,3,0.8,0.8,0.9,16,0.0014451494561120715,0.012147414648366883,0.0,0.0
1776099763000,BTCUSDT,ALL,coindesk,regulatory,3,0.6,0.6,0.8,17,-0.0013496434389812517,0.01294088606015098,0.0,0.0
1776100038000,BTCUSDT,BTC,decrypt,macro,2,-0.7,0.7,0.8,17,-0.0015099503612635568,0.012774896511623224,0.0,0.0
1776100853000,BTCUSDT,ALL,theblock,regulatory,2,0.4,0.4,0.8,17,-0.0037380509708373477,0.009428363938740691,0.0,0.0
1776102191000,BTCUSDT,ALL,cointelegraph,regulatory,2,-0.4,0.4,0.8,17,-0.0012524967078807459,0.011724032028564091,0.0,0.0
1776102931000,BTCUSDT,ALL,coindesk,exchange,2,-0.45,0.45,0.8,17,0.0027257237843616444,0.015719786337844877,0.0,0.0
1776105382000,BTCUSDT,ALL,coindesk,regulatory,2,0.35,0.35,0.8,18,0.00942237688705716,0.026623647821313767,0.0,0.0
1776105557000,BTCUSDT,ALL,theblock,exchange,2,0.2,0.2,0.8,18,0.00942237688705716,0.026623647821313767,0.0,0.0
1776106928000,BTCUSDT,ALL,coindesk,exchange,3,0.8,0.8,0.9,19,0.013112354331565435,0.03369265099438201,0.0,0.0
1776109929000,BTCUSDT,ALL,decrypt,influencer,3,-0.7,0.7,0.8,19,-0.0023657027921185625,0.014936277682718657,0.0,0.0
1776111570000,BTCUSDT,ALL,coindesk,regulatory,2,0.35,0.35,0.8,20,0.0018890960646571475,0.01755870557066941,0.0,0.0
1776111925000,BTCUSDT,ALL,theblock,hack,3,-0.5,0.5,0.8,20,-0.00028734796267715357,0.013749545385203898,0.0,0.0
1776113115000,BTCUSDT,ALL,cointelegraph,influencer,2,0.4,0.4,0.7,20,0.0019327249725660245,0.01445336799934438,0.0,0.0
1776113125000,BTCUSDT,BTC,cointelegraph,macro,2,0.3,0.3,0.7,20,0.0019327249725660245,0.01445336799934438,0.0,0.0
1776113296000,BTCUSDT,ALL,decrypt,regulatory,2,-0.2,0.2,0.6,20,0.0019327249725660245,0.01445336799934438,0.0,0.0
1776114468000,BTCUSDT,ALL,decrypt,hack,3,-0.5,0.5,0.8,21,0.007227682937920976,0.014694221923352568,0.0,0.0
1776116560000,BTCUSDT,ALL,coindesk,regulatory,3,0.7,0.7,0.8,21,0.014646275487836036,0.014822623169027827,0.0,0.0
1776116650000,BTCUSDT,BTC,cointelegraph,other,2,-0.5,0.5,0.8,21,0.014646275487836036,0.014822623169027827,0.0,0.0
1776116660000,BTCUSDT,BTC,cointelegraph,macro,2,0.8,0.8,0.7,21,0.014646275487836036,0.014822623169027827,0.0,0.0
1776118171000,BTCUSDT,ALL,coindesk,exchange,2,0.2,0.2,0.8,22,0.012203663946515952,0.009954136264620939,0.0,0.0
1776118536000,BTCUSDT,ALL,coindesk,exchange,2,-0.35,0.35,0.7,22,0.005005683255558502,0.0032120698931323854,0.0,0.0
1776120253000,BTCUSDT,ALL,cointelegraph,exchange,3,-0.5,0.5,0.8,22,0.0020934277909332444,0.001366606665472947,0.0,0.0
1776120263000,BTCUSDT,BTC,cointelegraph,macro,2,-0.5,0.5,0.8,22,0.0020934277909332444,0.001366606665472947,0.0,0.0
1776121714000,BTCUSDT,ALL,theblock,influencer,2,0.4,0.4,0.8,23,-0.0042236567643610945,-0.00415935955694946,0.0,0.0
1776124259000,ETHUSDT,ETH,decrypt,exchange,2,-0.4,0.4,0.7,23,-0.003570433769719661,-0.001671266870932664,-0.00015499618533987292,-0.00202655730540946
1776124989000,BTCUSDT,ALL,decrypt,regulatory,2,0.0,0.0,0.8,0,-0.0007940427687956886,0.0017535671718877932,0.0,0.0
1776127445000,BTCUSDT,ALL,cointelegraph,regulatory,2,0.4,0.4,0.8,0,0.0009094975860484134,0.0017302801174485793,0.0,0.0
1776143428000,BTCUSDT,ALL,coindesk,regulatory,2,-0.2,0.2,0.8,5,0.000617181836643832,0.00560897112600367,0.0,0.0
1776149080000,BTCUSDT,BTC,cointelegraph,macro,2,0.7,0.7,0.8,6,0.0006350463642958992,-0.0005995794211659522,0.0,0.0
1776149081000,BTCUSDT,ALL,cointelegraph,regulatory,2,-0.4,0.4,0.8,6,0.0006350463642958992,-0.0005995794211659522,0.0,0.0
1776156253000,BTCUSDT,BTC,cointelegraph,influencer,3,-0.7,0.7,0.8,8,-0.003829163919713996,-0.004775716862652102,0.0,0.0
1776156255000,BTCUSDT,ALL,cointelegraph,regulatory,2,-0.35,0.35,0.8,8,-0.003829163919713996,-0.004775716862652102,0.0,0.0
1776157065000,BTCUSDT,BTC,coindesk,macro,2,0.4,0.4,0.8,8,-0.00329448691823242,-0.0014162639305554947,0.0,0.0
1776160048000,BTCUSDT,ALL,cointelegraph,regulatory,3,-0.7,0.7,0.8,9,-0.001187313793873157,0.01226331289022542,0.0,0.0
1776167126000,BTCUSDT,BTC,cointelegraph,influencer,2,-0.35,0.35,0.7,11,0.0004336590998419432,0.01433468558773976,0.0,0.0
1776170047000,BTCUSDT,ALL,decrypt,regulatory,2,-0.2,0.2,0.8,12,0.007097927482119015,0.012059858479976038,0.0,0.0
1776170687000,BTCUSDT,ALL,cointelegraph,hack,2,-0.45,0.45,0.8,12,0.010104679619163948,0.009745161905320376,0.0,0.0
1776171777000,BTCUSDT,ALL,coindesk,regulatory,2,0.4,0.4,0.8,13,0.013097240480990369,0.0020946950169375977,0.0,0.0
1776173503000,BTCUSDT,BTC,coindesk,macro,2,0.7,0.7,0.8,13,0.007377550283052647,-0.006489984261564441,0.0,0.0
1776174323000,BTCUSDT,BTC,cointelegraph,exchange,3,-0.7,0.7,0.8,13,-0.001507692442417996,-0.009179767810321926,0.0,0.0
1776174778000,BTCUSDT,ALL,coindesk,exchange,3,0.7,0.7,0.8,13,-0.006783364761828947,-0.010288385685765844,0.0,0.0
1776176049000,BTCUSDT,ALL,coindesk,hack,3,-0.8,0.8,0.9,14,-0.009956756596498528,-0.010982119742085517,0.0,0.0
1776176135000,BTCUSDT,ALL,theblock,influencer,2,-0.4,0.4,0.8,14,-0.009253701890762245,-0.014775952913330337,0.0,0.0
1776178691000,BTCUSDT,ALL,decrypt,exchange,3,0.6,0.6,0.8,14,0.006133668048946106,-0.010787246055304012,0.0,0.0
1776180691000,BTCUSDT,ALL,theblock,influencer,2,0.4,0.4,0.7,15,0.000993722214128523,-0.013241158912400519,0.0,0.0
1776181231000,BTCUSDT,BTC,coindesk,macro,2,0.8,0.8,0.9,15,-0.0019105334502830251,-0.014459107460861764,0.0,0.0
1776184872000,BTCUSDT,BTC,theblock,macro,2,0.7,0.7,0.8,16,-0.005812875887590163,-0.01166156961496767,0.0,0.0
1776185509000,BTCUSDT,ALL,coindesk,regulatory,2,-0.45,0.45,0.8,16,0.0012953402578892437,-0.007366293290753667,0.0,0.0
1776187044000,BTCUSDT,ALL,coindesk,influencer,3,0.8,0.8,0.7,17,-0.004790112920492473,-0.010621374666482941,0.0,0.0
1776187965000,BTCUSDT,BTC,theblock,influencer,3,0.7,0.7,0.8,17,-0.002611526639991646,-0.004575314008349762,0.0,0.0
1776188695000,BTCUSDT,ALL,cointelegraph,hack,3,-0.8,0.8,0.9,17,-0.010823312665202978,-0.008818509387445328,0.0,0.0
1776188965000,BTCUSDT,BTC,coindesk,macro,2,0.7,0.7,0.8,17,-0.007814933462318985,-0.006178910258830883,0.0,0.0
1776189601000,BTCUSDT,ALL,decrypt,regulatory,2,-0.35,0.35,0.7,18,-0.00595663607448782,-0.006297485204687425,0.0,0.0
1776191511000,BTCUSDT,BTC,coindesk,exchange,3,0.7,0.7,0.8,18,-0.0002818532979869115,-0.0028356517598038256,0.0,0.0
1776191521000,BTCUSDT,ALL,theblock,influencer,2,0.0,0.0,0.8,18,-0.0002818532979869115,-0.0028356517598038256,0.0,0.0
1776191681000,BTCUSDT,BTC,decrypt,hack,3,-0.8,0.8,0.9,18,-0.0002818532979869115,-0.0028356517598038256,0.0,0.0
1776191967000,BTCUSDT,BTC,theblock,exchange,3,0.7,0.7,0.8,18,-0.0024106877277138006,-0.00441867445150157,0.0,0.0
1776192332000,BTCUSDT,ALL,cointelegraph,regulatory,2,-0.2,0.2,0.6,18,0.001978637196759836,-0.0002788447782062775,0.0,0.0
1776192342000,BTCUSDT,BTC,cointelegraph,macro,2,0.7,0.7,0.8,18,0.001978637196759836,-0.0002788447782062775,0.0,0.0
1776193422000,BTCUSDT,ALL,decrypt,regulatory,2,0.0,0.0,0.8,19,0.00040786479551058186,-0.003828037099554038,0.0,0.0
1776195228000,BTCUSDT,BTC,decrypt,exchange,3,0.7,0.7,0.8,19,1.2943828369138544e-05,-0.00015788773979441562,0.0,0.0
1776196783000,ETHUSDT,ETH,theblock,exchange,3,-0.5,0.5,0.8,19,0.0030457684957096998,0.006440980685686215,0.003066766083006156,0.0030732907231387774
1776201051000,ETHUSDT,ETH,cointelegraph,macro,2,0.8,0.8,0.7,21,0.0005735107048143728,0.008020525646277532,0.001250521985189379,0.0007261706879553298
1776203965000,BTCUSDT,ALL,coindesk,regulatory,2,-0.45,0.45,0.8,21,-0.000728270444665613,0.006480272042249213,0.0,0.0
1776204060000,BTCUSDT,ALL,cointelegraph,exchange,2,0.4,0.4,0.8,22,-0.003486340925871967,0.003182625028477659,0.0,0.0
1776206704000,BTCUSDT,BTC,cointelegraph,exchange,2,0.4,0.4,0.8,22,-0.00016902760793269245,0.0029776940260080043,0.0,0.0
1776208299000,BTCUSDT,BTC,coindesk,macro,2,0.4,0.4,0.8,23,0.003419843399575573,0.000972666742822037,0.0,0.0
1776210389000,BTCUSDT,ALL,cointelegraph,hack,3,-0.7,0.7,0.8,23,0.005155133353191621,0.00303923048650101,0.0,0.0
1776213570000,ETHUSDT,ETH,decrypt,hack,3,-0.5,0.5,0.8,0,0.002125863096130942,-0.0008057706896625882,0.0010521575350335155,0.0021816926410457294
1776215661000,BTCUSDT,ALL,decrypt,influencer,3,-0.8,0.8,0.7,1,-0.002364360811392019,-0.006312012098759312,0.0,0.0
1776235465000,BTCUSDT,ALL,cointelegraph,regulatory,2,-0.35,0.35,0.7,6,-0.0037141100623178103,0.0017375328871802598,0.0,0.0
1776235465000,ETHUSDT,ETH,theblock,exchange,3,-0.7,0.7,0.8,6,-0.0016041327980474973,0.0022552727241365034,0.002109977264270313,0.0005177398369562436
1776239191000,BTCUSDT,ALL,cointelegraph,exchange,2,0.4,0.4,0.7,7,0.005562078830691597,0.00636923243800247,0.0,0.0
1776244013000,BTCUSDT,BTC,coindesk,other,2,-0.5,0.5,0.8,9,0.0010805152000217255,0.003951397753598318,0.0,0.0
1776245909000,ETHUSDT,ETH,coindesk,exchange,3,-0.8,0.8,0.9,9,0.0006808085247569373,-0.0008617829427302048,-0.0004771559454048724,0.0003119996060084729
1776246285000,BTCUSDT,ALL,cointelegraph,hack,3,-0.7,0.7,0.8,9,0.0019051013930984073,-0.00031291912433506486,0.0,0.0
1776246295000,BTCUSDT,ALL,cointelegraph,hack,3,-0.5,0.5,0.8,9,0.0019051013930984073,-0.00031291912433506486,0.0,0.0
1776246305000,BTCUSDT,ALL,cointelegraph,hack,3,-0.8,0.8,0.9,9,0.00042679862770134136,-0.001628918804298607,0.0,0.0
1776247195000,BTCUSDT,ALL,theblock,regulatory,2,-0.4,0.4,0.7,9,-0.0014129545925009035,-0.0010128629267845968,0.0,0.0
1776254732000,BTCUSDT,ALL,theblock,exchange,2,0.4,0.4,0.8,12,0.00162071627411553,-0.002579588408684552,0.0,0.0
1776256547000,BTCUSDT,ALL,coindesk,exchange,3,0.7,0.7,0.8,12,-0.006118065013622442,-0.005849143513947164,0.0,0.0
1776257094000,BTCUSDT,BTC,cointelegraph,exchange,3,0.8,0.8,0.9,12,-0.005639254754829959,-0.004639590083681422,0.0,0.0
1776259645000,BTCUSDT,ALL,theblock,regulatory,3,0.7,0.7,0.8,13,0.001454741292172601,-0.0007451607007986638,0.0,0.0
1776260638000,BTCUSDT,ALL,cointelegraph,exchange,3,0.5,0.5,0.8,13,0.002493314907620725,0.000996541391300232,0.0,0.0
1776260648000,BTCUSDT,BTC,cointelegraph,influencer,3,0.8,0.8,0.7,13,0.002493314907620725,0.000996541391300232,0.0,0.0
1776260728000,BTCUSDT,ALL,theblock,exchange,3,0.7,0.7,0.8,13,0.004138860986539816,0.0036024949349222624,0.0,0.0
1776260923000,BTCUSDT,BTC,coindesk,influencer,2,0.2,0.2,0.8,13,0.004138860986539816,0.0036024949349222624,0.0,0.0
1776261013000,BTCUSDT,ALL,cointelegraph,regulatory,2,0.2,0.2,0.8,13,0.0011866776697748715,0.0009590364647185101,0.0,0.0
1776261194000,BTCUSDT,BTC,coindesk,macro,2,0.7,0.7,0.8,13,0.0011866776697748715,0.0009590364647185101,0.0,0.0
1776262284000,BTCUSDT,BTC,theblock,macro,2,0.5,0.5,0.8,14,-0.0002181744729664592,0.0020233052947222774,0.0,0.0
1776262469000,BTCUSDT,ALL,decrypt,regulatory,3,0.7,0.7,0.8,14,-0.0002181744729664592,0.0020233052947222774,0.0,0.0
1776264375000,BTCUSDT,ALL,cointelegraph,regulatory,2,0.2,0.2,0.8,14,-0.00424883354975103,0.0028839798868496302,0.0,0.0
1776264385000,BTCUSDT,ALL,cointelegraph,regulatory,3,0.7,0.7,0.8,14,-0.00424883354975103,0.0028839798868496302,0.0,0.0
1776269006000,BTCUSDT,ALL,coindesk,regulatory,3,0.8,0.8,0.9,16,0.0010134546000186706,0.010751919237252938,0.0,0.0
1776269831000,BTCUSDT,BTC,theblock,regulatory,2,0.2,0.2,0.8,16,-0.0012760168735928001,0.007044066501298518,0.0,0.0
1776272107000,BTCUSDT,ALL,coindesk,regulatory,2,0.0,0.0,0.0,16,0.002280839905288712,0.009699948389162882,0.0,0.0
1776274018000,BTCUSDT,ALL,theblock,influencer,2,0.4,0.4,0.8,17,0.0022525247334659326,0.005536832845832507,0.0,0.0
1776275105000,BTCUSDT,ALL,cointelegraph,regulatory,2,0.0,0.0,0.8,17,0.0034199619347590193,0.009257927492543283,0.0,0.0
1776275116000,ETHUSDT,ETH,cointelegraph,influencer,3,0.8,0.8,0.7,17,0.004796673851737543,0.006296166920841895,0.0013767119169785236,-0.0029617605717013884
1776278287000,BTCUSDT,BTC,coindesk,influencer,3,0.8,0.8,0.9,18,0.010179555867993129,0.009989276249806611,0.0,0.0
1776278733000,BTCUSDT,BTC,cointelegraph,macro,2,-0.4,0.4,0.7,18,0.009311759454595725,0.009677237609073464,0.0,0.0
1776279923000,BTCUSDT,ALL,coindesk,regulatory,2,0.4,0.4,0.8,19,0.00031897759976118323,0.0013956777128567577,0.0,0.0
1776280108000,BTCUSDT,BTC,theblock,exchange,2,-0.3,0.3,0.7,19,0.00031897759976118323,0.0013956777128567577,0.0,0.0
1776280693000,BTCUSDT,ALL,decrypt,regulatory,3,0.5,0.5,0.8,19,-0.00014588783195002009,0.0007775325772618746,0.0,0.0
1776281784000,BTCUSDT,ALL,coindesk,influencer,3,-0.7,0.7,0.8,19,-0.004387746334497233,-0.005487546982308578,0.0,0.0
1776282416000,BTCUSDT,BTC,cointelegraph,macro,2,0.8,0.8,0.7,19,-0.002878998273800115,-0.003289198907073132,0.0,0.0
1776284420000,ETHUSDT,ETH,decrypt,influencer,3,-0.7,0.7,0.8,20,-0.0032490225398291717,-0.002617856492326376,-0.0015561436921476268,-0.00033674337332445514
1776287321000,BTCUSDT,BTC,coindesk,regulatory,2,-0.4,0.4,0.7,21,0.004225796751448074,-0.00208954588710486,0.0,0.0
1776289602000,BTCUSDT,ALL,cointelegraph,influencer,2,0.0,0.0,0.8,21,0.0038368465880340707,-0.002032726563451326,0.0,0.0
1776294868000,BTCUSDT,BTC,decrypt,influencer,2,0.4,0.4,0.8,23,-0.0017909632834458566,0.004593767961656781,0.0,0.0
1776296054000,BTCUSDT,ALL,decrypt,influencer,3,-0.6,0.6,0.8,23,0.0016677858916565036,0.004449304466303872,0.0,0.0
1776298145000,BTCUSDT,BTC,theblock,macro,2,-0.4,0.4,0.8,0,-0.0005268904456573464,0.004457592355946893,0.0,0.0
1776298505000,BTCUSDT,ALL,decrypt,regulatory,2,-0.2,0.2,0.6,0,0.0013515563233479355,0.005163806908252688,0.0,0.0
1776300416000,BTCUSDT,ALL,cointelegraph,exchange,3,0.7,0.7,0.8,0,-0.0013900469640829582,0.0026219729088663435,0.0,0.0
1776302326000,BTCUSDT,ALL,coindesk,influencer,3,-0.7,0.7,0.8,1,0.0017946383102731556,0.005975738066452685,0.0,0.0
1776305322000,SOLUSDT,SOL,coindesk,other,2,-0.7,0.7,0.8,2,0.0037704724873335316,0.006480499587604438,6.338340926625996e-05,0.002044821011135234
1776314865000,BTCUSDT,BTC,cointelegraph,influencer,2,0.2,0.2,0.8,4,0.0014134969613284198,-0.003447683734257745,0.0,0.0
1776321944000,BTCUSDT,BTC,cointelegraph,macro,2,-0.4,0.4,0.8,6,-0.004449067776266413,-0.008480435304473177,0.0,0.0
1776325495000,BTCUSDT,BTC,cointelegraph,exchange,2,0.3,0.3,0.8,7,-0.0005367761914814029,-0.0038338099178262253,0.0,0.0
1776329581000,BTCUSDT,BTC,coindesk,influencer,2,0.45,0.45,0.8,8,-0.001123357630121169,-0.0007219002245778539,0.0,0.0
1776332767000,BTCUSDT,ALL,cointelegraph,regulatory,3,0.7,0.7,0.8,9,-0.0040705966604953625,-0.01631158959297918,0.0,0.0
1776332767000,BTCUSDT,ALL,cointelegraph,influencer,3,-0.7,0.7,0.8,9,-0.0040705966604953625,-0.01631158959297918,0.0,0.0
1776339499000,BTCUSDT,ALL,theblock,regulatory,2,0.4,0.4,0.8,11,0.0028310143138274846,0.0012821360015085048,0.0,0.0
1776340044000,BTCUSDT,ALL,coindesk,regulatory,3,0.6,0.6,0.8,11,0.0007666260258738511,0.0010051319005901505,0.0,0.0
1776341680000,BTCUSDT,ALL,coindesk,regulatory,2,0.4,0.4,0.8,12,0.0023874129754859474,0.0008998453165098841,0.0,0.0
1776343590000,BTCUSDT,ALL,cointelegraph,regulatory,3,0.6,0.6,0.8,12,-0.01571284229466874,-0.006052577469104481,0.0,0.0
1776345776000,BTCUSDT,BTC,theblock,exchange,2,0.2,0.2,0.8,13,-0.015927202886276137,-0.010082093483871457,0.0,0.0
1776347136000,BTCUSDT,ALL,cointelegraph,other,2,-0.7,0.7,0.8,13,0.007828568152474569,0.012156770730276323,0.0,0.0
1776347216000,BTCUSDT,BTC,decrypt,influencer,3,0.6,0.6,0.8,13,0.007828568152474569,0.012156770730276323,0.0,0.0
1776349137000,BTCUSDT,BTC,coindesk,macro,2,-0.5,0.5,0.8,14,0.011237723799160104,0.009853586190161856,0.0,0.0
1776350047000,BTCUSDT,ALL,theblock,regulatory,2,0.0,0.0,0.8,14,0.010355235587462763,0.008570335471631552,0.0,0.0
1776350128000,BTCUSDT,BTC,decrypt,exchange,3,-0.7,0.7,0.8,14,0.007821739292661167,0.008212569399043801,0.0,0.0
1776350773000,BTCUSDT,ALL,cointelegraph,regulatory,3,0.6,0.6,0.8,14,0.008312164221859542,0.01192856911219442,0.0,0.0
1776350773000,BTCUSDT,ALL,cointelegraph,regulatory,2,-0.45,0.45,0.8,14,0.008312164221859542,0.01192856911219442,0.0,0.0
1776351593000,BTCUSDT,ALL,decrypt,regulatory,2,0.0,0.0,0.8,14,0.009519398393898593,0.011815931650892342,0.0,0.0
1776354319000,BTCUSDT,BTC,cointelegraph,influencer,3,0.6,0.6,0.8,15,-0.0062894017289187865,0.010038814103440208,0.0,0.0
1776354329000,BTCUSDT,BTC,cointelegraph,regulatory,2,0.2,0.2,0.8,15,-0.0062894017289187865,0.010038814103440208,0.0,0.0
1776358041000,BTCUSDT,ALL,cointelegraph,regulatory,2,-0.2,0.2,0.8,16,0.0023195276039293944,0.013923503867609988,0.0,0.0
1776358051000,BTCUSDT,ALL,cointelegraph,regulatory,3,0.5,0.5,0.8,16,0.0023195276039293944,0.013923503867609988,0.0,0.0
1776358061000,BTCUSDT,ALL,cointelegraph,hack,2,-0.2,0.2,0.8,16,0.0023195276039293944,0.013923503867609988,0.0,0.0
1776361315000,BTCUSDT,ALL,coindesk,regulatory,2,-0.45,0.45,0.8,17,0.0032487308280817473,0.007644048829701822,0.0,0.0
1776361690000,BTCUSDT,BTC,coindesk,macro,2,-0.5,0.5,0.8,17,0.0076013423741638775,0.008462828740196882,0.0,0.0
1776364236000,ETHUSDT,ETH,decrypt,hack,2,-0.2,0.2,0.8,18,0.008614220968274466,0.004738035923316675,0.0003186566523909473,-0.0005228571121691505
1776364511000,BTCUSDT,ALL,theblock,hack,3,-0.5,0.5,0.8,18,0.008765960585023214,0.004656719619996252,0.0,0.0
1776364966000,ETHUSDT,ETH,theblock,influencer,2,-0.2,0.2,0.6,18,0.008633856869649126,0.0038420235227676347,0.0008213369932108527,0.00028860174913125647
1776365682000,BTCUSDT,BTC,cointelegraph,exchange,3,-0.7,0.7,0.8,18,0.004215565363322016,-0.002116446262937721,0.0,0.0
1776365952000,BTCUSDT,ALL,theblock,influencer,2,0.4,0.4,0.7,18,0.005262902920360579,0.00032790547674199644,0.0,0.0
1776369148000,BTCUSDT,ALL,coindesk,regulatory,2,0.1,0.1,0.7,19,-0.0015863453255572368,-0.002504546209275871,0.0,0.0
1776369603000,BTCUSDT,ALL,decrypt,regulatory,3,-0.5,0.5,0.8,20,-0.00018321077210248227,-0.003968193865959813,0.0,0.0
1776372329000,BTCUSDT,BTC,decrypt,influencer,2,-0.2,0.2,0.6,20,-0.0030786521337226036,-0.0030782531206150487,0.0,0.0
1776372524000,BTCUSDT,BTC,cointelegraph,macro,2,-0.4,0.4,0.8,20,-0.0030786521337226036,-0.0030782531206150487,0.0,0.0
1776375866000,BTCUSDT,ALL,decrypt,regulatory,2,-0.2,0.2,0.8,21,-0.0008240530156327086,-0.005568123960184579,0.0,0.0
1776375966000,BTCUSDT,BTC,cointelegraph,influencer,3,0.7,0.7,0.8,21,-0.001014355065364736,-0.00492408480237827,0.0,0.0
1776375967000,BTCUSDT,ALL,cointelegraph,regulatory,2,0.0,0.0,0.8,21,-0.001014355065364736,-0.00492408480237827,0.0,0.0
1776379868000,BTCUSDT,ALL,decrypt,regulatory,2,-0.2,0.2,0.8,22,0.0038250027515120966,-0.002242883200174406,0.0,0.0
1776381688000,BTCUSDT,ALL,theblock,influencer,3,0.7,0.7,0.8,23,-0.00037094554058281215,-0.003917920668304431,0.0,0.0
1776382698000,BTCUSDT,ALL,decrypt,hack,3,-0.7,0.7,0.8,23,-0.0023589074175419666,-0.004744299972530008,0.0,0.0
1776383058000,BTCUSDT,ALL,decrypt,regulatory,2,0.0,0.0,0.8,23,-0.001588400255550848,-0.00413205195630062,0.0,0.0
1776383424000,BTCUSDT,ALL,cointelegraph,regulatory,2,-0.2,0.2,0.8,23,-0.002785070552858593,-0.007164860449083932,0.0,0.0
1776383969000,BTCUSDT,ALL,theblock,regulatory,3,-0.8,0.8,0.9,23,-0.002079374791722821,-0.005698168866223874,0.0,0.0
1776384699000,BTCUSDT,ALL,theblock,hack,3,-0.8,0.8,0.9,0,-0.0011592501373218767,-0.002594277254280186,0.0,0.0
1776386790000,ETHUSDT,ETH,cointelegraph,influencer,2,-0.35,0.35,0.8,0,-0.0068623729565355784,-0.00629086395953371,-0.0019378898798350086,-0.0040494910439105025
1776387245000,BTCUSDT,BTC,decrypt,influencer,3,-0.7,0.7,0.8,0,-0.002601641897829521,-0.002049370084560631,0.0,0.0
1776401136000,BTCUSDT,ALL,cointelegraph,hack,3,-0.7,0.7,0.8,4,-0.0013342058667082934,0.013033311288226823,0.0,0.0
1776404693000,BTCUSDT,BTC,cointelegraph,influencer,3,0.8,0.8,0.9,5,0.002509438009610454,0.014342802006265032,0.0,0.0
1776407329000,BTCUSDT,ALL,theblock,regulatory,3,-0.7,0.7,0.8,6,0.0021615125134359925,0.00627763540261328,0.0,0.0
1776408419000,BTCUSDT,ALL,cointelegraph,hack,3,-0.8,0.8,0.9,6,0.0015360843701348603,0.004794825304100581,0.0,0.0
1776408429000,BTCUSDT,ALL,cointelegraph,macro,2,-0.35,0.35,0.8,6,0.0015360843701348603,0.004794825304100581,0.0,0.0
1776409054000,BTCUSDT,BTC,coindesk,macro,2,0.8,0.8,0.7,6,0.0013016405658463626,0.004524871189457658,0.0,0.0
1776413051000,BTCUSDT,BTC,coindesk,regulatory,2,0.4,0.4,0.8,8,0.008534352315959115,0.006928810226469517,0.0,0.0
1776415601000,ETHUSDT,ETH,cointelegraph,other,3,-0.7,0.7,0.8,8,0.0018849181079498845,0.008023637891948487,0.0005563941238351244,0.0018655695407425732
1776415612000,BTCUSDT,ALL,cointelegraph,hack,3,-0.8,0.8,0.9,8,0.00132852398411476,0.006158068351205914,0.0,0.0
1776419233000,SOLUSDT,SOL,cointelegraph,other,2,-0.8,0.8,0.9,9,-0.011170032720297818,0.015796005867087848,-0.003638404654279559,-0.0029687364749353407
1776419243000,BTCUSDT,ALL,cointelegraph,macro,2,-0.7,0.7,0.8,9,-0.007531628066018259,0.01876474234202319,0.0,0.0
1776428213000,BTCUSDT,ALL,coindesk,hack,3,-0.8,0.8,0.9,12,0.014424565766089525,0.03125452330426137,0.0,0.0
1776433589000,ETHUSDT,ETH,cointelegraph,exchange,3,-0.5,0.5,0.8,13,0.0034886393485684675,0.0013297872340425343,-0.0034068825991744323,-0.0018062700625018913
1776433759000,BTCUSDT,BTC,coindesk,macro,2,-0.4,0.4,0.8,13,0.0068955219477429,0.0031360572965444256,0.0,0.0
1776434770000,BTCUSDT,ALL,theblock,influencer,2,0.4,0.4,0.7,14,0.009625114752252584,0.000698015397329721,0.0,0.0
1776438316000,BTCUSDT,BTC,decrypt,macro,2,0.4,0.4,0.8,15,0.0004033046052143163,-0.007690282620295363,0.0,0.0
1776438941000,BTCUSDT,ALL,coindesk,exchange,2,0.4,0.4,0.8,15,0.003873729693071093,-0.0065494661885141525,0.0,0.0
1776440033000,BTCUSDT,ALL,coindesk,regulatory,3,0.7,0.7,0.8,15,0.005992156410508098,-0.004604836481198804,0.0,0.0
1776440488000,BTCUSDT,ALL,decrypt,regulatory,3,0.5,0.5,0.8,15,0.00579212511527083,-0.001680831245575276,0.0,0.0
1776444139000,BTCUSDT,ALL,theblock,exchange,3,0.7,0.7,0.8,16,-0.004852691022585787,-0.007948908561505874,0.0,0.0
1776444499000,BTCUSDT,BTC,cointelegraph,geopolitical,3,0.7,0.7,0.8,16,-0.0040845127777192625,-0.006718198806427322,0.0,0.0
1776444500000,BTCUSDT,ALL,cointelegraph,geopolitical,2,-0.35,0.35,0.7,16,-0.0040845127777192625,-0.006718198806427322,0.0,0.0
1776444590000,BTCUSDT,ALL,cointelegraph,regulatory,2,-0.2,0.2,0.8,16,-0.0040845127777192625,-0.006718198806427322,0.0,0.0
1776445411000,BTCUSDT,ALL,theblock,regulatory,3,-0.7,0.7,0.8,17,-0.004464155100389999,-0.00300849718077445,0.0,0.0
1776445411000,BTCUSDT,ALL,decrypt,exchange,3,0.7,0.7,0.8,17,-0.004464155100389999,-0.00300849718077445,0.0,0.0
1776449958000,BTCUSDT,ALL,theblock,regulatory,3,0.7,0.7,0.8,18,0.0010388918555899185,0.001457451250255204,0.0,0.0
1776451869000,BTCUSDT,ALL,theblock,regulatory,2,-0.35,0.35,0.7,18,0.003028646100972976,0.0018320399368116913,0.0,0.0
1776455320000,BTCUSDT,BTC,decrypt,hack,2,-0.3,0.3,0.8,19,-0.00039494348235957766,-0.003367426457774436,0.0,0.0
1776455685000,BTCUSDT,ALL,theblock,influencer,3,0.8,0.8,0.7,19,-0.0007227989711808824,-0.004155125011661154,0.0,0.0
1776458042000,BTCUSDT,BTC,theblock,influencer,3,0.6,0.6,0.8,20,0.0006584472529505003,-0.0026564449829517,0.0,0.0
1776458688000,BTCUSDT,ALL,cointelegraph,regulatory,3,0.5,0.5,0.8,20,0.0010689243452466357,-0.0021326754329239472,0.0,0.0
1776459778000,BTCUSDT,ALL,decrypt,regulatory,2,-0.4,0.4,0.8,21,0.0019445793589920601,-0.002140692036002645,0.0,0.0
1776461234000,ETHUSDT,ETH,decrypt,influencer,3,0.8,0.8,0.7,21,0.006544108859684705,-0.002550883743164367,0.005212821314629412,-0.0009648420474969166
1776462404000,BTCUSDT,BTC,cointelegraph,macro,2,-0.7,0.7,0.8,21,-0.0009819864995578298,-0.0035557310260739827,0.0,0.0
1776462409000,BTCUSDT,ALL,cointelegraph,exchange,2,0.2,0.2,0.8,21,-0.0009819864995578298,-0.0035557310260739827,0.0,0.0
1776465960000,BTCUSDT,ALL,cointelegraph,regulatory,2,-0.4,0.4,0.7,22,-0.0037066818231983323,-0.0011756392352566536,0.0,0.0
1776467231000,BTCUSDT,BTC,decrypt,influencer,3,0.8,0.8,0.7,23,-0.0014585000335450848,0.0006268661897128602,0.0,0.0
1776470768000,BTCUSDT,ALL,theblock,hack,3,-0.5,0.5,0.8,0,0.0028829971652537534,-0.00016420904356018173,0.0,0.0
1776471233000,BTCUSDT,BTC,decrypt,macro,2,0.7,0.7,0.8,0,0.0015411016564998992,-0.002242556112470928,0.0,0.0
1776473314000,BTCUSDT,ALL,cointelegraph,regulatory,3,-0.7,0.7,0.8,0,-0.00011996514015122361,-0.0012715527544111538,0.0,0.0
1776473419000,BTCUSDT,ALL,theblock,influencer,2,0.4,0.4,0.7,0,0.0006488440804479634,-0.0008716048102840324,0.0,0.0
1776495226000,BTCUSDT,BTC,coindesk,other,2,-0.7,0.7,0.8,6,-0.0017917701473020298,-0.012269885362232169,0.0,0.0
1776509215000,BTCUSDT,BTC,cointelegraph,regulatory,3,-0.8,0.8,0.9,10,-0.002266657563096963,0.0010083954170527765,0.0,0.0
1776522774000,BTCUSDT,BTC,coindesk,geopolitical,2,-0.4,0.4,0.7,14,-0.0009102203543681631,-0.00906391160542086,0.0,0.0
1776524500000,BTCUSDT,BTC,coindesk,influencer,2,0.4,0.4,0.8,15,-0.001134816278899331,-0.006205735407921131,0.0,0.0
1776527411000,BTCUSDT,ALL,cointelegraph,regulatory,3,-0.5,0.5,0.8,15,-0.0029407617490645466,-0.006794119369272877,0.0,0.0
1776527421000,BTCUSDT,ALL,cointelegraph,exchange,2,-0.4,0.4,0.7,15,-0.0029407617490645466,-0.006794119369272877,0.0,0.0
1776528141000,ETHUSDT,ETH,coindesk,influencer,2,-0.35,0.35,0.8,16,-0.0017598632721612661,-0.006028377795263551,0.0016597500683896982,-0.00017445897985013392
1776531676000,BTCUSDT,ALL,coindesk,regulatory,3,-0.7,0.7,0.8,17,-0.00030974785733561827,-0.0005974838456607179,0.0,0.0
1776538488000,BTCUSDT,BTC,decrypt,geopolitical,3,-0.5,0.5,0.8,18,-2.551162708919197e-05,0.0021380858454354,0.0,0.0
1776541680000,BTCUSDT,ALL,coindesk,exchange,3,-0.55,0.55,0.8,19,0.003016734515853603,0.0015365449658673036,0.0,0.0
1776543775000,BTCUSDT,BTC,coindesk,regulatory,2,0.0,0.0,0.8,20,0.0003064000633929975,-0.0014192133970787335,0.0,0.0
1776554959000,BTCUSDT,ALL,coindesk,influencer,2,0.0,0.0,0.5,23,-0.0024893147277261773,-0.002927759323744783,0.0,0.0
1776556495000,ETHUSDT,ETH,coindesk,hack,3,-0.8,0.8,0.9,23,-0.0005233329929541508,-0.004488750468021441,-0.0005398473400903825,-0.0021636625060029724
1776563224000,BTCUSDT,ALL,cointelegraph,hack,3,-0.8,0.8,0.9,1,-0.0007675977232562969,-0.000985513493786172,0.0,0.0
1776581315000,BTCUSDT,ALL,cointelegraph,influencer,2,0.3,0.3,0.8,6,-0.002145528252771367,-0.0026382729028111562,0.0,0.0
1776588402000,BTCUSDT,ALL,cointelegraph,influencer,2,0.4,0.4,0.8,8,-0.002893474301895349,0.0038375907159007294,0.0,0.0
1776591179000,BTCUSDT,ALL,theblock,influencer,3,0.5,0.5,0.8,9,0.0001560181087594259,0.013087401184645131,0.0,0.0
1776591277000,ETHUSDT,ETH,decrypt,regulatory,2,-1.0,1.0,0.3,9,0.0010430552429756546,0.013343316655990867,0.0008870371342162287,0.00025591547134573567
1776591317000,BTCUSDT,BTC,decrypt,geopolitical,2,1.0,1.0,0.3,9,0.0003433106577774847,0.012859828403288143,0.0,0.0
1776591348000,BTCUSDT,ALL,decrypt,regulatory,2,-1.0,1.0,0.3,9,0.0003433106577774847,0.012859828403288143,0.0,0.0
1776593298000,ETHUSDT,ETH,coindesk,hack,3,-0.8,0.8,0.9,10,0.007702032228177558,0.009459775389863978,0.002496245663427654,-0.0006760553776259393
1776593319000,BTCUSDT,ALL,coindesk,exchange,2,-0.45,0.45,0.8,10,0.0052057865647499035,0.010135830767489917,0.0,0.0
1776593336000,BTCUSDT,BTC,coindesk,geopolitical,2,-0.45,0.45,0.8,10,0.0052057865647499035,0.010135830767489917,0.0,0.0
1776593400000,BTCUSDT,ALL,theblock,exchange,2,-1.0,1.0,0.3,10,0.0052057865647499035,0.010135830767489917,0.0,0.0
1776593401000,ETHUSDT,ETH,theblock,hack,2,-1.0,1.0,0.3,10,0.007165974186895907,0.011156217370771992,0.0018585429700073153,7.452392006168651e-06
1776607334000,BTCUSDT,ALL,coindesk,other,2,-0.45,0.45,0.8,14,0.003274198357787972,-0.010763119550186384,0.0,0.0
1776613782000,BTCUSDT,BTC,cointelegraph,macro,2,-0.7,0.7,0.8,15,-0.0057878648645619535,-0.011975474746649173,0.0,0.0
1776618054000,BTCUSDT,ALL,coindesk,other,2,-0.45,0.45,0.8,17,-0.0034363332717556316,-0.005647277472166423,0.0,0.0
1776625336000,BTCUSDT,ALL,coindesk,influencer,3,0.8,0.8,0.7,19,-0.001604922027771738,-0.013163109558780528,0.0,0.0
1776634054000,ETHUSDT,ETH,theblock,hack,2,-0.3,0.3,0.8,21,-0.008140216430902014,0.003429301279864294,0.0011866927389708737,0.005258692028389134
1776634245000,BTCUSDT,ALL,coindesk,influencer,2,0.0,0.0,0.8,21,-0.008918321516416916,-0.0022634824650654695,0.0,0.0
1776635966000,BTCUSDT,BTC,cointelegraph,macro,2,-0.5,0.5,0.8,21,0.0004910245902083332,0.008287325718752792,0.0,0.0
1776644629000,BTCUSDT,ALL,theblock,hack,2,-0.45,0.45,0.8,0,0.0009310387380012664,0.0036519458992532172,0.0,0.0
1776646028000,BTCUSDT,ALL,cointelegraph,regulatory,2,0.7,0.7,0.8,0,0.005211425839865225,0.0036826117312795947,0.0,0.0
1776660554000,BTCUSDT,ALL,coindesk,hack,2,-0.4,0.4,0.8,4,-0.003786558254536221,0.0014739955698339635,0.0,0.0
1776663375000,BTCUSDT,ALL,theblock,influencer,2,-0.4,0.4,0.8,5,0.008923925237301233,0.014028360823719943,0.0,0.0
1776667785000,BTCUSDT,ALL,cointelegraph,hack,3,-0.8,0.8,0.9,6,2.770816157959821e-05,0.005249424988719165,0.0,0.0
1776668975000,BTCUSDT,ALL,theblock,exchange,2,0.2,0.2,0.8,7,0.0004224485976311865,0.004936097965295039,0.0,0.0
1776671246000,BTCUSDT,BTC,cointelegraph,geopolitical,2,-0.4,0.4,0.7,7,-0.0002646256891712939,0.006567723161641226,0.0,0.0
1776672783000,BTCUSDT,ALL,coindesk,hack,3,-0.8,0.8,0.9,8,0.0007615350017409206,0.006062277321684961,0.0,0.0
1776674974000,ETHUSDT,ETH,cointelegraph,hack,2,-0.2,0.2,0.8,8,0.007857638086433916,0.010473943775590744,0.0028127542854512466,0.0020451854208385356
1776676704000,BTCUSDT,ALL,theblock,influencer,2,0.0,0.0,0.8,9,0.002916849802213628,-0.0009870673006486808,0.0,0.0
1776678749000,BTCUSDT,BTC,cointelegraph,influencer,3,0.8,0.8,0.9,9,-0.00047307073799718324,0.0027524963440597183,0.0,0.0
1776678759000,BTCUSDT,ALL,cointelegraph,influencer,3,0.8,0.8,0.7,9,-0.00047307073799718324,0.0027524963440597183,0.0,0.0
1776678769000,BTCUSDT,ALL,cointelegraph,hack,2,-0.2,0.2,0.8,9,-0.00047307073799718324,0.0027524963440597183,0.0,0.0
1776688112000,BTCUSDT,ALL,coindesk,exchange,3,-0.7,0.7,0.8,12,-0.0015922715740196436,7.560139918316722e-06,0.0,0.0
1776689292000,BTCUSDT,ALL,cointelegraph,regulatory,2,-0.45,0.45,0.8,12,-0.0036344049388821187,0.000540102260954578,0.0,0.0
1776692018000,BTCUSDT,ALL,decrypt,exchange,2,0.4,0.4,0.7,13,0.0028608841111359418,0.0069517344251126545,0.0,0.0
1776692194000,BTCUSDT,ALL,theblock,influencer,2,0.0,0.0,0.8,13,0.0013659981836320334,0.007111671547890275,0.0,0.0
1776693284000,BTCUSDT,ALL,decrypt,hack,2,-0.35,0.35,0.7,13,-0.0031166724104809695,0.008353463254247462,0.0,0.0
1776693384000,BTCUSDT,ALL,cointelegraph,hack,3,-0.7,0.7,0.8,13,-0.005118484748689811,0.011798198455104103,0.0,0.0
1776695840000,BTCUSDT,ALL,decrypt,hack,3,-0.8,0.8,0.9,14,0.0033289614468643425,0.011194374603410662,0.0,0.0
1776697751000,BTCUSDT,BTC,theblock,influencer,3,0.8,0.8,0.9,15,0.004741075945007722,0.01692735168384263,0.0,0.0
1776698932000,BTCUSDT,ALL,theblock,regulatory,2,-0.45,0.45,0.8,15,-0.002385404521101031,0.008600979037338252,0.0,0.0
1776700112000,BTCUSDT,BTC,cointelegraph,other,2,0.8,0.8,0.7,15,-0.00284552522798609,0.008614908673261423,0.0,0.0
1776701748000,BTCUSDT,BTC,theblock,regulatory,2,0.2,0.2,0.8,16,0.00416846389447767,0.01333598267026126,0.0,0.0
1776706390000,BTCUSDT,ALL,coindesk,regulatory,2,-0.35,0.35,0.8,17,0.0038543437123281787,0.001550105016480341,0.0,0.0
1776709661000,BTCUSDT,ALL,coindesk,other,2,-0.7,0.7,0.8,18,0.0011674942492141405,-0.0014187504646204774,0.0,0.0
1776712117000,BTCUSDT,BTC,coindesk,macro,2,-0.4,0.4,0.8,19,-7.205200844961901e-06,-0.007602534920660986,0.0,0.0
1776712298000,BTCUSDT,BTC,coindesk,influencer,2,0.35,0.35,0.7,19,0.002133355791090974,-0.006876901186260054,0.0,0.0
1776712298000,BTCUSDT,ALL,decrypt,exchange,3,0.7,0.7,0.8,19,0.002133355791090974,-0.006876901186260054,0.0,0.0
1776712663000,BTCUSDT,ALL,theblock,regulatory,2,0.2,0.2,0.8,19,0.003319183819392446,-0.0057835695282387745,0.0,0.0
1776715209000,BTCUSDT,ALL,decrypt,regulatory,2,-0.43,0.43,0.72,20,-0.0015470266192963988,-0.006856513248275964,0.0,0.0
1776718935000,BTCUSDT,ALL,decrypt,other,2,-0.8,0.8,0.7,21,-0.001123092427315342,0.0005518926885250686,0.0,0.0
1776725299000,BTCUSDT,ALL,cointelegraph,regulatory,2,0.2,0.2,0.8,22,-0.0012875124587892195,-0.004497473223887605,0.0,0.0
1776732207000,BTCUSDT,ALL,decrypt,regulatory,2,-0.2,0.2,0.6,0,0.0003268433524286074,-0.0036656718821691525,0.0,0.0
1776732572000,BTCUSDT,ALL,cointelegraph,influencer,2,-0.35,0.35,0.8,0,-0.0006087952543730735,-0.0024114771140127944,0.0,0.0
1776732573000,BTCUSDT,ALL,cointelegraph,regulatory,2,0.4,0.4,0.8,0,-0.0006087952543730735,-0.0024114771140127944,0.0,0.0
1776746374000,BTCUSDT,ALL,theblock,regulatory,3,-0.5,0.5,0.8,4,0.0017227308142957476,0.009874233914431985,0.0,0.0
1776750565000,BTCUSDT,ALL,theblock,influencer,2,-0.35,0.35,0.7,5,0.0019150789986570604,0.0063646507169941025,0.0,0.0
1776754112000,ETHUSDT,ETH,cointelegraph,hack,2,-0.4,0.4,0.8,6,0.0008845051948500604,0.00733060646853767,-0.0009884795860626294,-0.003976009037433226
1776756466000,ETHUSDT,ETH,theblock,exchange,3,0.8,0.8,0.9,7,0.002110077887333306,0.00362467367149244,-0.000677096825675072,-0.002554726409943031
1776757826000,BTCUSDT,ALL,cointelegraph,exchange,2,0.6,0.6,0.8,7,0.005557911128623916,0.004844623742546794,0.0,0.0
1776761208000,BTCUSDT,BTC,coindesk,macro,2,0.7,0.7,0.8,8,-0.002950942443687654,-0.007619587902834346,0.0,0.0
1776762663000,ETHUSDT,ETH,coindesk,exchange,3,-0.5,0.5,0.8,9,0.0005546144784474016,-0.008267625132204581,0.0009868501353665904,-0.00208313932076154
1776764934000,ETHUSDT,ETH,cointelegraph,exchange,2,-0.4,0.4,0.8,9,0.005032329163402238,-0.005381019208086202,-0.0018028640686282849,0.0012239362120026742
1776764944000,BTCUSDT,ALL,cointelegraph,regulatory,2,-0.3,0.3,0.8,9,0.006835193232030523,-0.006604955420088876,0.0,0.0
1776765299000,BTCUSDT,ALL,theblock,regulatory,2,-0.4,0.4,0.7,9,0.005023914140359187,-0.0060604139949350655,0.0,0.0
1776768476000,BTCUSDT,BTC,cointelegraph,hack,3,-0.8,0.8,0.9,10,-0.005046853600378154,-0.008905301181078462,0.0,0.0
1776772022000,BTCUSDT,BTC,cointelegraph,influencer,3,-0.5,0.5,0.8,11,-0.0064250380398042095,-0.01000703239296008,0.0,0.0
1776772032000,BTCUSDT,ALL,cointelegraph,regulatory,2,0.4,0.4,0.8,11,-0.0064250380398042095,-0.01000703239296008,0.0,0.0
1776772477000,BTCUSDT,ALL,cointelegraph,regulatory,3,0.6,0.6,0.8,11,-0.0058006925567544165,-0.008087197169919236,0.0,0.0
1776773663000,BTCUSDT,ALL,coindesk,hack,3,-0.8,0.8,0.9,12,-0.003856524249384763,-0.004733632305560009,0.0,0.0
1776775655000,BTCUSDT,ALL,cointelegraph,regulatory,3,-0.7,0.7,0.8,12,-0.0019315366308003679,-0.0003244023078382563,0.0,0.0
1776776300000,ETHUSDT,ETH,decrypt,hack,2,-0.2,0.2,0.8,12,0.002109228525796869,0.001675230886744039,0.0032255763036906915,0.004095740497660705
1776777025000,BTCUSDT,ALL,coindesk,regulatory,2,0.4,0.4,0.8,13,0.0018781887847365564,-0.012293121076037417,0.0,0.0
1776778391000,BTCUSDT,ALL,coindesk,other,2,-0.5,0.5,0.7,13,0.006940342216927409,-0.002527551245388948,0.0,0.0
1776779293000,BTCUSDT,BTC,cointelegraph,geopolitical,3,-0.7,0.7,0.8,13,0.0045037249189929796,-0.002516740897705705,0.0,0.0
1776780118000,BTCUSDT,BTC,decrypt,macro,2,-0.4,0.4,0.8,14,-0.002056400978026063,-0.0037236106410414305,0.0,0.0
1776781839000,BTCUSDT,BTC,coindesk,regulatory,2,0.2,0.2,0.8,14,-0.007112646739287909,-0.010234584995800988,0.0,0.0
1776781849000,BTCUSDT,ALL,decrypt,hack,3,-0.7,0.7,0.8,14,-0.007112646739287909,-0.010234584995800988,0.0,0.0
1776783029000,BTCUSDT,ALL,cointelegraph,exchange,2,0.4,0.4,0.8,14,0.0021090174370548276,-0.0008568213697909277,0.0,0.0
1776783040000,ETHUSDT,ETH,cointelegraph,hack,3,-0.8,0.8,0.9,14,0.004736121077695721,0.005814686759301413,0.002627103640640893,0.006671508129092341
1776783661000,BTCUSDT,ALL,theblock,regulatory,2,0.2,0.2,0.6,15,0.003171188304162964,-0.0003593537970860705,0.0,0.0
1776784662000,BTCUSDT,ALL,theblock,regulatory,2,0.0,0.0,0.8,15,0.0016487454251010725,0.0008675315145043605,0.0,0.0
1776786573000,BTCUSDT,BTC,cointelegraph,macro,2,0.7,0.7,0.8,15,0.0032926257550747184,-0.009594583809673374,0.0,0.0
1776787388000,BTCUSDT,ALL,decrypt,regulatory,3,-0.5,0.5,0.8,16,-0.004059670321120312,-0.007907121925839977,0.0,0.0
1776790119000,BTCUSDT,ALL,cointelegraph,regulatory,2,-0.2,0.2,0.6,16,-0.004120350694708064,-0.0029048959685858966,0.0,0.0
1776792665000,BTCUSDT,ALL,coindesk,regulatory,3,0.8,0.8,0.9,17,-0.0008398458091245509,9.722581031756938e-05,0.0,0.0
1776793666000,BTCUSDT,ALL,cointelegraph,geopolitical,2,-0.2,0.2,0.8,17,-0.0014635487493186439,-0.001025952037337352,0.0,0.0
1776793676000,BTCUSDT,ALL,cointelegraph,regulatory,2,-0.2,0.2,0.7,17,-0.0014635487493186439,-0.001025952037337352,0.0,0.0
1776794474000,BTCUSDT,ALL,coindesk,exchange,2,-0.3,0.3,0.7,18,0.0013134857509482512,-0.0011831822496205513,0.0,0.0
1776796120000,SOLUSDT,SOL,coindesk,exchange,3,0.7,0.7,0.8,18,0.001880804043728812,0.00047020101093231403,0.0019247332346363777,0.0031076725843132147
1776797211000,BTCUSDT,ALL,coindesk,other,2,-0.45,0.45,0.8,18,-0.007307808955207995,0.000894090473850806,0.0,0.0
1776797301000,BTCUSDT,ALL,cointelegraph,regulatory,3,-0.6,0.6,0.8,18,-0.007307808955207995,0.000894090473850806,0.0,0.0
1776797311000,BTCUSDT,ALL,cointelegraph,regulatory,3,0.5,0.5,0.8,18,-0.007307808955207995,0.000894090473850806,0.0,0.0
1776799667000,BTCUSDT,ALL,theblock,regulatory,3,0.6,0.6,0.8,19,0.0029672031688627865,0.003481938288684372,0.0,0.0
1776800944000,BTCUSDT,BTC,cointelegraph,exchange,2,0.7,0.7,0.8,19,0.010069360181047093,0.0184945362631046,0.0,0.0
1776801304000,BTCUSDT,BTC,cointelegraph,macro,2,0.5,0.5,0.8,19,0.007984203079526297,0.016025923096925077,0.0,0.0
1776803215000,BTCUSDT,ALL,theblock,regulatory,3,-0.7,0.7,0.8,20,-0.0027982604609225747,0.006030178731136093,0.0,0.0
1776803300000,BTCUSDT,ALL,coindesk,exchange,3,0.6,0.6,0.8,20,-0.0027982604609225747,0.006030178731136093,0.0,0.0
1776803760000,BTCUSDT,ALL,theblock,exchange,2,0.4,0.4,0.7,20,-0.002832405563684137,0.008866069057991144,0.0,0.0
1776803935000,BTCUSDT,ALL,decrypt,regulatory,3,-0.8,0.8,0.9,20,-0.002832405563684137,0.008866069057991144,0.0,0.0
1776804036000,BTCUSDT,BTC,coindesk,macro,2,-0.35,0.35,0.8,20,-0.0028827846706949156,0.0072930543666092085,0.0,0.0
1776804581000,BTCUSDT,BTC,cointelegraph,influencer,2,-0.4,0.4,0.7,20,-0.002243697188186511,0.007450812879590707,0.0,0.0
1776805581000,BTCUSDT,ALL,cointelegraph,regulatory,3,-0.7,0.7,0.8,21,-0.0003606869723993267,0.01084138241287147,0.0,0.0
1776807312000,BTCUSDT,ALL,decrypt,regulatory,2,0.0,0.0,0.8,21,0.0009959867631172958,0.010568062342542373,0.0,0.0
1776808118000,BTCUSDT,BTC,cointelegraph,exchange,2,0.5,0.5,0.8,21,0.00045565269468528236,0.009326583177996062,0.0,0.0
1776808753000,XRPUSDT,XRP,theblock,exchange,2,-0.4,0.4,0.7,21,0.002462880866934025,0.00492576173386805,-0.0004830440935310598,-0.005084319705361606
1776809483000,BTCUSDT,ALL,coindesk,other,2,-0.7,0.7,0.8,22,0.0068182391481848015,0.02254283305563498,0.0,0.0
1776810584000,BTCUSDT,ALL,theblock,regulatory,3,0.6,0.6,0.8,22,0.006091393589861438,0.023312200405323447,0.0,0.0
1776811860000,BTCUSDT,ALL,coindesk,exchange,2,0.8,0.8,0.7,22,0.00906952593812238,0.0258383207728643,0.0,0.0
1776812310000,BTCUSDT,ALL,cointelegraph,exchange,3,0.7,0.7,0.8,22,0.007321003883846711,0.024381126219138904,0.0,0.0
1776812675000,BTCUSDT,ALL,decrypt,regulatory,2,-0.2,0.2,0.8,23,0.007897194222514337,0.023122308621152943,0.0,0.0
1776814496000,BTCUSDT,BTC,decrypt,influencer,3,0.8,0.8,0.9,23,0.004792414480541796,0.01908357610205469,0.0,0.0
1776818948000,BTCUSDT,ALL,cointelegraph,exchange,2,0.4,0.4,0.8,0,-0.0003859770752692171,0.015707195483229075,0.0,0.0
1776819308000,BTCUSDT,BTC,decrypt,exchange,3,-0.5,0.5,0.8,0,-0.0007842742791041024,0.014836379010368494,0.0,0.0
1776822494000,BTCUSDT,ALL,coindesk,regulatory,3,0.5,0.5,0.8,1,0.016190671801724177,0.02428449939746491,0.0,0.0
1776834484000,BTCUSDT,ALL,decrypt,regulatory,2,-0.2,0.2,0.8,5,0.005185649983197704,0.006328030079710167,0.0,0.0
1776835490000,ETHUSDT,ETH,theblock,hack,3,-0.7,0.7,0.8,5,0.0018719925622847633,0.002437359443511644,0.005522457246453949,0.003733192626169224
1776836935000,BTCUSDT,BTC,cointelegraph,influencer,3,0.7,0.7,0.8,5,-0.0010428180262056497,-0.0012320720835156118,0.0,0.0
1776840574000,XRPUSDT,XRP,cointelegraph,regulatory,2,0.2,0.2,0.8,6,-0.0016477857878475222,-0.00377617576381728,-0.0013768110067038375,-0.005129767858839562
1776844035000,BTCUSDT,ALL,theblock,influencer,2,-0.4,0.4,0.7,7,0.0007290351119002558,0.003726464384852468,0.0,0.0
1776844125000,BTCUSDT,ALL,cointelegraph,influencer,2,0.0,0.0,0.8,7,0.0007290351119002558,0.003726464384852468,0.0,0.0
1776846117000,BTCUSDT,BTC,coindesk,macro,2,0.8,0.8,0.7,8,0.0024544107567219253,0.002816749301231658,0.0,0.0
1776846217000,BTCUSDT,ALL,coindesk,influencer,2,-0.2,0.2,0.8,8,0.0024544107567219253,0.002816749301231658,0.0,0.0
1776848208000,BTCUSDT,ALL,cointelegraph,regulatory,2,0.0,0.0,0.8,8,-0.00012796294152173093,0.003892355727232566,0.0,0.0
1776852040000,BTCUSDT,ALL,theblock,regulatory,2,0.4,0.4,0.8,10,0.0022009000895009123,0.011169596817219185,0.0,0.0
1776854951000,BTCUSDT,ALL,cointelegraph,hack,2,0.0,0.0,0.8,10,0.0020980478298580074,0.010721037211355089,0.0,0.0
1776861852000,BTCUSDT,ALL,coindesk,hack,2,-0.45,0.45,0.8,12,0.00599475248111081,0.00844660471099945,0.0,0.0
1776862227000,BTCUSDT,ALL,cointelegraph,regulatory,3,0.7,0.7,0.8,12,0.007731601991664894,0.006487290705499582,0.0,0.0
1776862237000,BTCUSDT,ALL,cointelegraph,regulatory,3,0.7,0.7,0.8,12,0.007731601991664894,0.006487290705499582,0.0,0.0
1776863868000,BTCUSDT,ALL,decrypt,influencer,2,-0.35,0.35,0.7,13,0.00781658308460087,0.003255093586808311,0.0,0.0
1776863958000,BTCUSDT,ALL,theblock,regulatory,3,0.7,0.7,0.8,13,0.00781658308460087,0.003255093586808311,0.0,0.0
1776867595000,BTCUSDT,BTC,coindesk,influencer,3,0.8,0.8,0.7,14,-0.0011983894010633156,-0.001129725747504362,0.0,0.0
1776869326000,BTCUSDT,BTC,cointelegraph,influencer,3,0.5,0.5,0.8,14,0.0056007154204076315,0.0015428500576952775,0.0,0.0
1776869336000,BTCUSDT,ALL,cointelegraph,regulatory,2,-0.2,0.2,0.8,14,0.0056007154204076315,0.0015428500576952775,0.0,0.0
1776870042000,BTCUSDT,ALL,theblock,exchange,2,0.4,0.4,0.8,15,0.0041666851371384706,-0.0024530475328622403,0.0,0.0
1776872783000,BTCUSDT,ALL,coindesk,exchange,2,0.2,0.2,0.8,15,-0.008741814702999395,-0.006423174612490534,0.0,0.0
1776872878000,BTCUSDT,ALL,cointelegraph,hack,3,-0.8,0.8,0.9,15,-0.008741814702999395,-0.006423174612490534,0.0,0.0
1776872888000,BTCUSDT,ALL,cointelegraph,regulatory,3,0.8,0.8,0.9,15,-0.008741814702999395,-0.006423174612490534,0.0,0.0
1776872899000,BTCUSDT,ALL,decrypt,regulatory,2,-0.2,0.2,0.6,15,-0.008741814702999395,-0.006423174612490534,0.0,0.0
1776873784000,BTCUSDT,BTC,decrypt,influencer,2,0.0,0.0,0.8,16,-0.004559946208451349,-0.0063566555752918585,0.0,0.0
1776876425000,BTCUSDT,ALL,theblock,hack,3,-0.8,0.8,0.7,16,0.003665672289583366,-0.0033682358461356587,0.0,0.0
1776876595000,BTCUSDT,ALL,cointelegraph,regulatory,3,-0.7,0.7,0.8,16,0.003665672289583366,-0.0033682358461356587,0.0,0.0
1776876616000,BTCUSDT,ALL,cointelegraph,regulatory,3,-0.6,0.6,0.8,16,0.001986320410334308,-0.003897587092485888,0.0,0.0
1776877966000,BTCUSDT,BTC,coindesk,regulatory,3,0.8,0.8,0.9,17,0.001705824918361687,-0.003371949992909684,0.0,0.0
1776878602000,BTCUSDT,ALL,theblock,exchange,2,0.8,0.8,0.9,17,0.0009239881479874423,-0.0031978057691668393,0.0,0.0
1776878777000,BTCUSDT,ALL,theblock,regulatory,2,-0.4,0.4,0.8,17,0.0011874792130863732,-0.0013398795694569143,0.0,0.0
1776880063000,BTCUSDT,ALL,coindesk,regulatory,2,-0.45,0.45,0.8,17,0.0010784308761127015,-0.003021733186149844,0.0,0.0
1776880153000,BTCUSDT,ALL,cointelegraph,hack,2,-0.4,0.4,0.8,17,0.0010784308761127015,-0.003021733186149844,0.0,0.0
1776880154000,BTCUSDT,ALL,cointelegraph,exchange,3,0.7,0.7,0.8,17,0.0010784308761127015,-0.003021733186149844,0.0,0.0
1776882505000,BTCUSDT,ALL,decrypt,regulatory,2,-0.2,0.2,0.7,18,0.00047567040312346265,-0.00506811415126418,0.0,0.0
1776882970000,BTCUSDT,ALL,theblock,influencer,2,0.4,0.4,0.8,18,-0.0012774665762084192,-0.005839720560677053,0.0,0.0
1776886246000,BTCUSDT,ALL,decrypt,geopolitical,2,-0.35,0.35,0.8,19,-0.004473244210760119,-0.007779841786386799,0.0,0.0
1776886702000,BTCUSDT,ALL,coindesk,regulatory,2,-0.4,0.4,0.7,19,-0.004396773526790021,-0.007674349893038612,0.0,0.0
1776886712000,BTCUSDT,ALL,coindesk,hack,3,-0.8,0.8,0.9,19,-0.004396773526790021,-0.007674349893038612,0.0,0.0
1776886722000,BTCUSDT,ALL,coindesk,hack,3,-0.7,0.7,0.8,19,-0.004396773526790021,-0.007674349893038612,0.0,0.0
1776886723000,BTCUSDT,BTC,coindesk,influencer,3,0.8,0.8,0.7,19,-0.004396773526790021,-0.007674349893038612,0.0,0.0
1776887884000,BTCUSDT,ALL,decrypt,regulatory,2,0.0,0.0,0.8,19,-0.00440937069538494,-0.006953925758208079,0.0,0.0
1776889329000,BTCUSDT,ALL,theblock,regulatory,2,-0.45,0.45,0.8,20,-0.00019148766704912834,-0.0019303992587836882,0.0,0.0
1776890965000,BTCUSDT,ALL,cointelegraph,regulatory,3,0.5,0.5,0.8,20,0.004014620454485529,-0.0010196225713687834,0.0,0.0
1776891520000,BTCUSDT,ALL,decrypt,influencer,3,-0.7,0.7,0.8,20,0.0025500958052318,-0.003045958376315605,0.0,0.0
1776893431000,BTCUSDT,ALL,decrypt,regulatory,3,-0.7,0.7,0.8,21,-0.0027050392308149984,-0.006611612646306053,0.0,0.0
1776894617000,BTCUSDT,ALL,cointelegraph,regulatory,2,0.4,0.4,0.7,21,-0.0019646357939273607,-0.0051224761368613425,0.0,0.0
1776899334000,BTCUSDT,ALL,decrypt,regulatory,2,-0.2,0.2,0.8,23,-0.008586403348769922,-0.01066016416466986,0.0,0.0
1776899791000,BTCUSDT,ALL,theblock,regulatory,2,-0.45,0.45,0.8,23,8.831699128175607e-05,-0.007124024279376195,0.0,0.0
1776900718000,BTCUSDT,BTC,cointelegraph,geopolitical,2,-1.0,1.0,0.3,23,0.0027816820423705035,-0.008078377756765676,0.0,0.0
1776900728000,ETHUSDT,ETH,cointelegraph,hack,2,-1.0,1.0,0.3,23,-0.00019764840451486076,-0.017531834008982505,-0.0029793304468853643,-0.00945345625221683
1776900758000,ETHUSDT,ETH,theblock,geopolitical,2,-1.0,1.0,0.3,23,-0.00019764840451486076,-0.017531834008982505,-0.0029793304468853643,-0.00945345625221683
1776900759000,BTCUSDT,BTC,theblock,geopolitical,2,0.0,0.0,0.3,23,0.0027816820423705035,-0.008078377756765676,0.0,0.0
1776900780000,BTCUSDT,ALL,theblock,regulatory,2,-1.0,1.0,0.3,23,0.0027816820423705035,-0.008078377756765676,0.0,0.0
1776900800000,ETHUSDT,ETH,theblock,exchange,2,1.0,1.0,0.3,23,-0.00019764840451486076,-0.017531834008982505,-0.0029793304468853643,-0.00945345625221683
1776900871000,BTCUSDT,BTC,decrypt,geopolitical,2,0.0,0.0,0.3,23,0.0027816820423705035,-0.008078377756765676,0.0,0.0
1776901053000,BTCUSDT,BTC,coindesk,influencer,2,-0.4,0.4,0.8,23,0.0021348183947589305,-0.008023267552574986,0.0,0.0
1776901768000,BTCUSDT,ALL,cointelegraph,regulatory,2,-0.2,0.2,0.7,23,0.002012059312976655,-0.006090651232055655,0.0,0.0
1776905324000,BTCUSDT,BTC,decrypt,regulatory,2,0.4,0.4,0.7,0,-0.00021452049819292718,-0.005580595708492564,0.0,0.0
1776908951000,BTCUSDT,ALL,cointelegraph,influencer,2,-0.2,0.2,0.8,1,-0.004925839885632666,-0.004564229551720644,0.0,0.0
1776909231000,BTCUSDT,ALL,theblock,influencer,3,-0.7,0.7,0.8,1,-0.005351124558013121,-0.004152159228721364,0.0,0.0
1776920496000,BTCUSDT,ALL,theblock,influencer,3,-0.7,0.7,0.8,5,0.0027575777308006533,-0.005949307638155599,0.0,0.0
1776923407000,BTCUSDT,ALL,cointelegraph,influencer,2,-0.2,0.2,0.8,5,0.002275422198078747,-0.0048508423329510775,0.0,0.0
1776930570000,BTCUSDT,ALL,cointelegraph,hack,2,-0.2,0.2,0.8,7,-0.0017808197925509583,-0.003746273504122155,0.0,0.0
1776936398000,BTCUSDT,BTC,coindesk,influencer,2,0.4,0.4,0.8,9,-0.0033323582518162143,-0.0006531586976069592,0.0,0.0
1776937756000,BTCUSDT,ALL,cointelegraph,regulatory,2,-0.2,0.2,0.8,9,-0.003822260198169447,-0.002511840928422715,0.0,0.0
1776941747000,BTCUSDT,ALL,coindesk,exchange,2,-0.2,0.2,0.6,10,0.0035301495703610186,0.006673049849474699,0.0,0.0
1776949287000,BTCUSDT,ALL,coindesk,exchange,3,0.7,0.7,0.8,13,-0.002750076751557917,-0.0011420529014529723,0.0,0.0
1776951082000,BTCUSDT,ALL,coindesk,regulatory,3,0.7,0.7,0.8,13,0.003251398101183467,-0.004118351664258224,0.0,0.0
1776951092000,BTCUSDT,ALL,theblock,regulatory,3,0.5,0.5,0.8,13,0.003251398101183467,-0.004118351664258224,0.0,0.0
1776951172000,BTCUSDT,BTC,coindesk,other,2,-0.85,0.85,0.8,13,0.003251398101183467,-0.004118351664258224,0.0,0.0
1776953823000,BTCUSDT,BTC,coindesk,macro,2,-0.35,0.35,0.8,14,0.010818327889478008,0.0024994564720988155,0.0,0.0
1776954553000,BTCUSDT,ALL,coindesk,influencer,3,-0.7,0.7,0.8,14,0.008712060856827186,0.0020304027138855485,0.0,0.0
1776956004000,BTCUSDT,BTC,coindesk,macro,2,0.8,0.8,0.9,14,0.002506882446923875,-0.0064225512232740645,0.0,0.0
1776956184000,BTCUSDT,ALL,decrypt,influencer,2,-0.35,0.35,0.7,14,0.0040087201488276936,-0.004957030565513665,0.0,0.0
1776956380000,BTCUSDT,BTC,cointelegraph,macro,2,0.8,0.8,0.9,14,0.0040087201488276936,-0.004957030565513665,0.0,0.0
1776956731000,BTCUSDT,BTC,decrypt,geopolitical,2,0.0,0.0,0.8,15,0.0024665218879171835,-0.005284727344095241,0.0,0.0
1776960369000,BTCUSDT,BTC,theblock,influencer,3,-0.7,0.7,0.8,16,-0.005883581207021704,-0.006453421435928308,0.0,0.0
1776960644000,BTCUSDT,BTC,theblock,regulatory,3,0.7,0.7,0.8,16,-0.010007356887871799,-0.008114383347035847,0.0,0.0
1776962460000,ETHUSDT,ETH,cointelegraph,hack,3,-0.8,0.8,0.9,16,-0.015052212765409356,-0.0014850486503654725,-0.0018020212923431922,0.0038679000348529335
1776964461000,BTCUSDT,ALL,decrypt,regulatory,2,0.0,0.0,0.8,17,0.0035131326082931125,0.0030326579766453143,0.0,0.0
1776965827000,BTCUSDT,ALL,coindesk,regulatory,3,-0.65,0.65,0.8,17,0.010806447517536899,0.011375678374461184,0.0,0.0
1776966017000,BTCUSDT,ALL,cointelegraph,exchange,3,0.7,0.7,0.8,17,0.007331377540394257,0.009340381708204504,0.0,0.0
1776968554000,BTCUSDT,ALL,decrypt,influencer,2,-0.2,0.2,0.8,18,-0.000709042798639703,0.0034719222774084457,0.0,0.0
1776969279000,BTCUSDT,ALL,decrypt,geopolitical,2,-0.2,0.2,0.6,18,-0.004850983544984255,0.0024087103516514663,0.0,0.0
1776969995000,SOLUSDT,SOL,decrypt,influencer,2,-0.35,0.35,0.8,18,-0.0008187134502922744,0.006900584795321629,0.0014051918691951881,0.0019770759167125895
1776974727000,BTCUSDT,ALL,theblock,regulatory,3,-0.5,0.5,0.8,20,0.0010622472519301596,0.006408831768391021,0.0,0.0
1776976396000,BTCUSDT,BTC,coindesk,macro,2,-0.5,0.5,0.8,20,0.00030968740678916085,0.006114755405936645,0.0,0.0
1776976461000,SOLUSDT,SOL,theblock,regulatory,2,0.0,0.0,0.3,20,0.0013986013986013734,0.005011655011655014,0.0010889139918122126,-0.0011031003942816309
1776976461000,ETHUSDT,ETH,theblock,regulatory,2,0.0,0.0,0.3,20,0.0006020184819672814,0.004201228977729565,0.0002923310751781205,-0.0019135264282070796
1776980166000,BTCUSDT,ALL,coindesk,other,2,-0.35,0.35,0.8,21,0.003023056618810749,-0.00023735112557332627,0.0,0.0
1776980441000,BTCUSDT,ALL,cointelegraph,regulatory,3,0.7,0.7,0.8,21,0.0034026705369283317,0.003373576928435318,0.0,0.0
1776980448000,BTCUSDT,ALL,cointelegraph,influencer,2,-0.4,0.4,0.7,21,0.0034026705369283317,0.003373576928435318,0.0,0.0
1776982164000,BTCUSDT,ALL,decrypt,geopolitical,2,-0.45,0.45,0.8,22,0.00044157033016323233,0.004223421008166417,0.0,0.0
1776983710000,ETHUSDT,ETH,theblock,exchange,2,-0.35,0.35,0.7,22,-0.0020635240023804124,-0.0026928560114050093,-0.0014502887458227587,-0.004071039036971369
1776983980000,BTCUSDT,BTC,cointelegraph,macro,2,-0.3,0.3,0.7,22,-0.0006132352565576538,0.0013781830255663596,0.0,0.0
1776988883000,BTCUSDT,ALL,theblock,regulatory,3,0.55,0.55,0.8,0,-0.002407629449499349,-0.008300251142088877,0.0,0.0
1776988883000,BTCUSDT,BTC,theblock,influencer,3,0.7,0.7,0.8,0,-0.002407629449499349,-0.008300251142088877,0.0,0.0
1776991254000,BTCUSDT,ALL,decrypt,regulatory,2,0.4,0.4,0.7,0,-0.002074951934359248,-0.00911077003049443,0.0,0.0
1776994801000,BTCUSDT,ALL,cointelegraph,influencer,2,0.1,0.1,0.6,1,0.0010903438530140974,-0.006267816603039877,0.0,0.0
1777009237000,BTCUSDT,BTC,cointelegraph,macro,2,0.4,0.4,0.7,5,0.0007262533783636282,-0.0036965654256601033,0.0,0.0
1777016966000,BTCUSDT,ALL,coindesk,regulatory,3,-0.7,0.7,0.8,7,0.00254450239532944,0.0069914906411217,0.0,0.0
1777023594000,BTCUSDT,ALL,cointelegraph,exchange,2,0.4,0.4,0.8,9,0.0009298609758590093,0.007774792672839759,0.0,0.0
1777023604000,BTCUSDT,ALL,cointelegraph,regulatory,2,0.4,0.4,0.8,9,0.00223522545006416,0.007690078669614353,0.0,0.0
1777023694000,BTCUSDT,ALL,coindesk,exchange,3,0.7,0.7,0.8,9,0.00223522545006416,0.007690078669614353,0.0,0.0
1777027135000,ETHUSDT,ETH,theblock,exchange,2,0.4,0.4,0.8,10,0.007346839994468279,0.0010069492463005147,-0.0009167788473039007,-0.0030815911091213177
1777027226000,BTCUSDT,ALL,cointelegraph,influencer,2,0.2,0.2,0.8,10,0.007061204875608018,0.0031407448372027247,0.0,0.0
1777027226000,BTCUSDT,ALL,cointelegraph,regulatory,3,-0.5,0.5,0.8,10,0.007061204875608018,0.0031407448372027247,0.0,0.0
1777031441000,BTCUSDT,BTC,coindesk,macro,2,-0.45,0.45,0.8,11,0.0004524524841815758,-0.0025771897997270976,0.0,0.0
1777031554000,SOLUSDT,SOL,theblock,regulatory,2,-1.0,1.0,0.3,11,0.0016243183663997574,0.0038287504350853485,0.0011718658822181816,0.006405940234812446
1777031574000,SOLUSDT,SOL,decrypt,regulatory,2,0.0,0.0,0.3,11,0.0016243183663997574,0.0038287504350853485,0.0011718658822181816,0.006405940234812446
1777033556000,BTCUSDT,ALL,coindesk,regulatory,2,0.4,0.4,0.8,12,0.000603682347233514,-0.004198923371342866,0.0,0.0
1777035902000,BTCUSDT,BTC,coindesk,influencer,3,0.7,0.7,0.8,13,-0.006163761985216953,-0.007726844448153969,0.0,0.0
1777037638000,BTCUSDT,ALL,theblock,influencer,2,-0.3,0.3,0.7,13,-0.0034466193187300265,-0.00935081917434255,0.0,0.0
1777038450000,BTCUSDT,ALL,theblock,regulatory,3,-0.7,0.7,0.8,13,2.576759551820018e-05,-0.003188515600612507,0.0,0.0
1777040811000,ETHUSDT,ETH,decrypt,influencer,2,-0.2,0.2,0.8,14,0.001475130425754756,0.002846439355268515,0.0016213266642720603,0.006137139398870617
1777044368000,BTCUSDT,ALL,theblock,regulatory,2,0.2,0.2,0.8,15,0.0005885965678691374,-0.002671105446284905,0.0,0.0
1777045188000,BTCUSDT,ALL,cointelegraph,regulatory,3,-0.6,0.6,0.8,15,-0.0035336871679593207,-0.004729962799918441,0.0,0.0
1777048825000,BTCUSDT,ALL,cointelegraph,exchange,3,-0.7,0.7,0.8,16,-0.000137833294108769,0.0002385675333547166,0.0,0.0
1777052457000,BTCUSDT,ALL,cointelegraph,regulatory,3,-0.8,0.8,0.9,17,-0.0007637274796696847,-0.0006095132770440603,0.0,0.0
1777052467000,BTCUSDT,ALL,cointelegraph,regulatory,2,-0.2,0.2,0.8,17,-0.0007637274796696847,-0.0006095132770440603,0.0,0.0
1777055183000,BTCUSDT,BTC,decrypt,geopolitical,2,-0.4,0.4,0.7,18,0.00047535310886481774,-0.001573511592467547,0.0,0.0
1777055363000,BTCUSDT,ALL,decrypt,regulatory,2,-0.4,0.4,0.8,18,0.00047535310886481774,-0.001573511592467547,0.0,0.0
1777055453000,BTCUSDT,BTC,coindesk,other,2,-0.3,0.3,0.7,18,0.0011678179998975136,-0.0031338684886829116,0.0,0.0
1777055999000,BTCUSDT,ALL,cointelegraph,regulatory,3,-0.7,0.7,0.8,18,0.0005331719035939209,-0.0037545047611632354,0.0,0.0
1777055999000,BTCUSDT,BTC,cointelegraph,influencer,3,0.5,0.5,0.7,18,0.0005331719035939209,-0.0037545047611632354,0.0,0.0
1777056639000,ETHUSDT,ETH,decrypt,influencer,3,0.8,0.8,0.7,18,0.0007241629021690343,-0.003448394772233576,0.0005874682283397714,0.00027920843031270515
1777056810000,ETHUSDT,ETH,theblock,exchange,2,-0.35,0.35,0.8,18,0.0007241629021690343,-0.003448394772233576,0.0005874682283397714,0.00027920843031270515
1777057000000,BTCUSDT,ALL,coindesk,regulatory,2,-0.35,0.35,0.8,18,-0.0009099053337839891,-0.0037274564996990778,0.0,0.0
1777057730000,BTCUSDT,ALL,theblock,regulatory,3,0.7,0.7,0.8,19,0.00046520312817532883,-0.0027334871897104485,0.0,0.0
1777058630000,BTCUSDT,ALL,theblock,regulatory,3,-0.7,0.7,0.8,19,-0.00048030857312142405,-0.002133673511085399,0.0,0.0
1777059635000,BTCUSDT,ALL,coindesk,regulatory,2,0.2,0.2,0.8,19,0.0008570282503528315,-0.0020063922010814528,0.0,0.0
1777066824000,BTCUSDT,ALL,cointelegraph,influencer,2,-0.35,0.35,0.7,21,-0.00308629402361682,0.00031880059815381223,0.0,0.0
1777073539000,BTCUSDT,ALL,decrypt,regulatory,2,0.4,0.4,0.7,23,-0.0004462231376577419,0.002475343750028003,0.0,0.0
1777073995000,BTCUSDT,ALL,theblock,regulatory,3,-0.7,0.7,0.8,23,-0.0009034954051119204,0.0030382082873914307,0.0,0.0
1777076456000,BTCUSDT,ALL,decrypt,regulatory,3,-0.7,0.7,0.8,0,0.0021625993821181577,0.004211901888526937,0.0,0.0
1777079453000,BTCUSDT,ALL,coindesk,regulatory,3,-0.7,0.7,0.8,1,0.0005591747483648657,-0.00025759445732065345,0.0,0.0
1777081174000,BTCUSDT,BTC,cointelegraph,influencer,3,-0.5,0.5,0.7,1,0.0008860894148290388,-0.0002446029714683329,0.0,0.0
1777095615000,BTCUSDT,BTC,cointelegraph,influencer,2,-0.2,0.2,0.8,5,0.00010369808791810264,0.002852213328635056,0.0,0.0
1777122068000,BTCUSDT,BTC,coindesk,other,2,-0.45,0.45,0.8,13,0.0006781389794490167,-0.003172422537149555,0.0,0.0
1777127976000,BTCUSDT,ALL,cointelegraph,regulatory,3,-0.7,0.7,0.8,14,-0.0008775606130421165,-0.0054870049764453865,0.0,0.0
1777131608000,BTCUSDT,BTC,cointelegraph,influencer,2,0.4,0.4,0.8,15,-0.0014387377195718143,-0.003417824606892217,0.0,0.0
1777132874000,BTCUSDT,ALL,coindesk,influencer,3,0.8,0.8,0.7,16,-0.000587272414176776,-0.000835952439977472,0.0,0.0
1777139792000,ETHUSDT,ETH,theblock,exchange,2,0.4,0.4,0.7,17,9.085363479433006e-05,0.0022626881427354473,-0.00012959770309550755,-0.0007113349531646662
1777144890000,BTCUSDT,BTC,coindesk,macro,2,-0.35,0.35,0.7,19,0.002074798364392727,0.004384919171012802,0.0,0.0
1777149879000,BTCUSDT,ALL,theblock,regulatory,2,-0.45,0.45,0.8,20,0.0009232534433400996,0.0017139676348449928,0.0,0.0
1777154510000,BTCUSDT,ALL,coindesk,influencer,3,-0.7,0.7,0.8,22,0.0006381866213487353,-0.0002509925556071213,0.0,0.0
1777154595000,BTCUSDT,ALL,decrypt,influencer,2,-0.35,0.35,0.7,22,0.0006381866213487353,-0.0002509925556071213,0.0,0.0
1777156781000,BTCUSDT,BTC,cointelegraph,influencer,2,-0.35,0.35,0.7,22,8.711340206168927e-05,-0.0010020618556700889,0.0,0.0
1777167597000,BTCUSDT,ALL,cointelegraph,hack,3,-0.5,0.5,0.8,1,-0.0004224099026496342,0.006305202759331996,0.0,0.0
1777215660000,BTCUSDT,ALL,coindesk,exchange,2,0.7,0.7,0.8,15,-0.000594174629972688,0.0026256372010686757,0.0,0.0
1777219924000,SOLUSDT,SOL,cointelegraph,influencer,3,0.7,0.7,0.8,16,-0.0003467807189920791,0.00300543289793076,-7.139948128342954e-05,0.0012551153893864964
1777220006000,BTCUSDT,BTC,decrypt,regulatory,2,0.0,0.0,0.3,16,-0.00027538123770864953,0.0017503175085442635,0.0,0.0
1777220026000,SOLUSDT,SOL,decrypt,geopolitical,2,0.0,0.0,0.3,16,-0.0003467807189920791,0.00300543289793076,-7.139948128342954e-05,0.0012551153893864964
1777220078000,SOLUSDT,SOL,decrypt,geopolitical,2,0.0,0.0,0.3,16,-0.0003467807189920791,0.00300543289793076,-7.139948128342954e-05,0.0012551153893864964
1777222874000,BTCUSDT,BTC,coindesk,regulatory,3,-0.73,0.73,0.85,17,0.0010618339418384526,0.003290890318656592,0.0,0.0
1777223749000,BTCUSDT,BTC,coindesk,influencer,2,0.4,0.4,0.8,17,0.0026428944186946968,0.0031166848717913975,0.0,0.0
1777225193000,BTCUSDT,ALL,cointelegraph,macro,2,-0.5,0.5,0.8,17,0.002514993898364626,-0.0003938730124185552,0.0,0.0
1777231290000,BTCUSDT,ALL,coindesk,exchange,2,0.4,0.4,0.8,19,0.0004652484475307084,-0.0005194720159068522,0.0,0.0
1777239104000,BTCUSDT,ALL,coindesk,regulatory,2,-0.43,0.43,0.78,21,0.0016525782565703917,0.013078009971337234,0.0,0.0
1777245382000,BTCUSDT,ALL,theblock,regulatory,3,-0.7,0.7,0.8,23,0.001986496213819633,0.010905510871898727,0.0,0.0
1777246838000,BTCUSDT,BTC,cointelegraph,influencer,3,0.8,0.8,0.7,23,0.0006608296134951175,0.005679833702005421,0.0,0.0
1777275551000,ETHUSDT,ETH,cointelegraph,influencer,2,0.4,0.4,0.8,7,-0.003520641213479281,-0.0004179953460311525,-0.0027188843515257854,-0.0020103091908453274
1777283260000,BTCUSDT,BTC,coindesk,influencer,3,-0.8,0.8,0.9,9,-0.001649012778791259,-0.0033173894995369713,0.0,0.0
1777289998000,BTCUSDT,ALL,cointelegraph,regulatory,2,-0.2,0.2,0.6,11,-0.0008368561149877385,-0.009591905720980232,0.0,0.0
1777293455000,BTCUSDT,ALL,theblock,hack,2,-0.3,0.3,0.7,12,0.001495021932005125,-0.014671848345963356,0.0,0.0
1777297447000,BTCUSDT,ALL,coindesk,regulatory,3,-0.7,0.7,0.8,13,0.007348386247604255,-0.010733836654046258,0.0,0.0
1777299358000,BTCUSDT,BTC,coindesk,influencer,3,0.5,0.5,0.8,14,-0.01642654515114572,-0.01440048777357028,0.0,0.0
1777300074000,BTCUSDT,ALL,decrypt,other,2,-0.45,0.45,0.8,14,-0.011474350290139768,-0.015740749293380873,0.0,0.0
1777300724000,BTCUSDT,ALL,cointelegraph,regulatory,2,0.2,0.2,0.8,14,-0.014346039703820757,-0.018044249323693973,0.0,0.0
1777302450000,BTCUSDT,BTC,theblock,influencer,3,0.8,0.8,0.9,15,-0.007814347723481885,-0.006408349296587068,0.0,0.0
1777304143000,BTCUSDT,BTC,decrypt,exchange,2,-0.35,0.35,0.7,15,-0.005961704622641006,-0.0035641232015545254,0.0,0.0
1777304328000,ETHUSDT,ETH,cointelegraph,other,2,-0.7,0.7,0.8,15,-0.003185173826370735,0.002067953295800784,0.0027765307962702712,0.0056320764973553095
1777306224000,BTCUSDT,ALL,decrypt,hack,2,-0.4,0.4,0.8,16,-0.001931891926506002,0.0015002976646794064,0.0,0.0
1777306679000,ETHUSDT,ETH,coindesk,influencer,3,0.8,0.8,0.9,16,0.0041995949763002915,0.00719114746464844,0.0035300959172088753,0.003887963962085239
1777308235000,BTCUSDT,BTC,coindesk,influencer,3,0.8,0.8,0.9,16,0.002628957402562415,0.0045957480356895175,0.0,0.0
1777311497000,BTCUSDT,BTC,coindesk,influencer,3,0.8,0.8,0.9,17,-0.0012959993921995983,0.0003928847786027756,0.0,0.0
1777311587000,BTCUSDT,BTC,cointelegraph,influencer,3,0.8,0.8,0.9,17,-0.0012959993921995983,0.0003928847786027756,0.0,0.0
1777311597000,BTCUSDT,ALL,cointelegraph,regulatory,2,-0.2,0.2,0.8,17,-0.0012959993921995983,0.0003928847786027756,0.0,0.0
1777311782000,BTCUSDT,BTC,theblock,influencer,3,0.8,0.8,0.9,17,0.00040175213923898667,0.00130120305628445,0.0,0.0
1777313328000,BTCUSDT,ALL,coindesk,regulatory,2,-0.4,0.4,0.7,18,0.0016822005178847022,0.0013896948899201345,0.0,0.0
1777313778000,BTCUSDT,ALL,theblock,exchange,3,0.7,0.7,0.8,18,-0.00025292014014011155,0.001035644157772575,0.0,0.0
1777314499000,BTCUSDT,ALL,theblock,influencer,3,0.7,0.7,0.8,18,-0.0018529315120486833,0.003120500374926616,0.0,0.0
1777315224000,BTCUSDT,ALL,decrypt,regulatory,2,-0.35,0.35,0.7,18,-0.000635309877532908,0.00292760473471132,0.0,0.0
1777316862000,BTCUSDT,ALL,decrypt,regulatory,2,-0.2,0.2,0.8,19,0.00020902768049380072,0.002071676333058603,0.0,0.0
1777317778000,BTCUSDT,BTC,coindesk,macro,2,-0.4,0.4,0.8,19,0.00483662618047731,0.006701454876992141,0.0,0.0
1777319959000,BTCUSDT,ALL,decrypt,exchange,2,0.4,0.4,0.8,19,-0.00020016949416923335,0.004662909372611601,0.0,0.0
1777321050000,BTCUSDT,ALL,decrypt,influencer,2,0.4,0.4,0.7,20,-0.0015615245342901485,0.0035888694645507258,0.0,0.0
1777321140000,BTCUSDT,BTC,coindesk,macro,2,-0.35,0.35,0.8,20,-0.0015615245342901485,0.0035888694645507258,0.0,0.0
1777324502000,BTCUSDT,ALL,decrypt,regulatory,2,-0.2,0.2,0.8,21,5.204115153922828e-06,0.004671994379555677,0.0,0.0
1777329559000,BTCUSDT,ALL,cointelegraph,regulatory,3,-0.7,0.7,0.8,22,0.003894251109850977,-0.003872694297651802,0.0,0.0
1777330551000,BTCUSDT,ALL,decrypt,macro,2,-0.35,0.35,0.8,22,0.002936787253619011,-0.0033062050643847263,0.0,0.0
1777331827000,BTCUSDT,BTC,decrypt,influencer,2,-0.4,0.4,0.7,23,0.0015056533621700119,-0.005719797585224895,0.0,0.0
1777333186000,ETHUSDT,ETH,cointelegraph,hack,2,-0.2,0.2,0.8,23,0.0032570740255954966,-0.0057053152491075565,0.0020253407898831455,0.0008306840368442758
1777333741000,BTCUSDT,BTC,theblock,influencer,3,-0.5,0.5,0.7,23,-0.0005043541542332219,-0.008155016722710462,0.0,0.0
1777334466000,BTCUSDT,BTC,coindesk,macro,2,-0.5,0.5,0.8,0,6.46350324817746e-07,-0.006812661692613076,0.0,0.0
1777336007000,BTCUSDT,BTC,theblock,regulatory,3,0.5,0.5,0.7,0,-0.0014073000647838452,-0.005415411852165208,0.0,0.0
1777336738000,BTCUSDT,ALL,cointelegraph,regulatory,3,-0.7,0.7,0.8,0,-0.0038232103701092424,-0.007379240453472713,0.0,0.0
1777336918000,BTCUSDT,ALL,coindesk,hack,2,-0.2,0.2,0.8,0,-0.003794715846556107,-0.0058445238821497325,0.0,0.0
1777339459000,BTCUSDT,ALL,decrypt,regulatory,2,0.0,0.0,0.8,1,-0.002987861593788499,-0.002231994887347599,0.0,0.0
1777340360000,BTCUSDT,ALL,cointelegraph,regulatory,3,-0.6,0.6,0.8,1,-0.005154010764541805,-0.0031108229038324664,0.0,0.0
1777344007000,ETHUSDT,ETH,cointelegraph,macro,2,-0.7,0.7,0.8,2,0.0024748138414367737,-0.00350854139290413,0.000732413699583212,-0.003336700373227086
1777351079000,BTCUSDT,BTC,cointelegraph,macro,2,0.5,0.5,0.8,4,0.0004604986401104405,-0.00018130995072729306,0.0,0.0
1777362256000,BTCUSDT,BTC,coindesk,macro,2,-0.45,0.45,0.8,7,0.00047019044666796184,-0.008287595047500762,0.0,0.0
1777365443000,XRPUSDT,XRP,coindesk,macro,2,-0.4,0.4,0.7,8,-0.002297695124578225,-0.007108494291663714,-0.00023548997754008205,-0.0005912178396615397
1777365523000,BTCUSDT,ALL,cointelegraph,exchange,2,-0.2,0.2,0.8,8,-0.002062205147038143,-0.006517276452002174,0.0,0.0
1777369170000,BTCUSDT,BTC,cointelegraph,influencer,3,0.7,0.7,0.8,9,-0.0005584586593182506,-0.005126313930210569,0.0,0.0
1777369250000,BTCUSDT,BTC,coindesk,macro,2,-0.4,0.4,0.8,9,0.0006290078520863052,-0.0037551128923496435,0.0,0.0
1777370076000,ETHUSDT,ETH,theblock,hack,2,0.0,0.0,0.8,9,0.0009814789661171108,-0.0025895270936391324,0.0007158062331475978,0.0027390715642893193
1777372707000,BTCUSDT,ALL,cointelegraph,influencer,2,0.35,0.35,0.7,10,-0.004251408445464899,-0.00981314138386924,0.0,0.0
1777372717000,BTCUSDT,ALL,cointelegraph,regulatory,2,0.4,0.4,0.8,10,-0.004251408445464899,-0.00981314138386924,0.0,0.0
1777373263000,BTCUSDT,BTC,theblock,influencer,3,0.8,0.8,0.9,10,-0.005807434816444745,-0.011077820905538549,0.0,0.0
1777380982000,BTCUSDT,BTC,coindesk,influencer,2,0.2,0.2,0.8,12,-0.0025879499962710995,-0.002684940778608036,0.0,0.0
1777383528000,BTCUSDT,BTC,cointelegraph,exchange,2,-0.4,0.4,0.8,13,-0.005266805175937139,-0.0009442145062344975,0.0,0.0
1777383803000,BTCUSDT,ALL,coindesk,regulatory,2,0.4,0.4,0.8,13,-0.007121721617939336,-0.0015361758265958203,0.0,0.0
1777384349000,BTCUSDT,BTC,decrypt,influencer,3,0.8,0.8,0.9,13,-0.0031480575362803354,-3.33377783703348e-05,0.0,0.0
1777384519000,BTCUSDT,BTC,coindesk,macro,2,-0.4,0.4,0.8,13,-0.0009407549114661684,0.00184721215120498,0.0,0.0
1777389161000,BTCUSDT,ALL,theblock,regulatory,2,0.0,0.0,0.8,15,-0.00035035246405146214,0.0014517985132584954,0.0,0.0
1777389797000,BTCUSDT,BTC,decrypt,macro,2,-0.2,0.2,0.8,15,-0.0009261428380326064,0.0019196319525984773,0.0,0.0
1777392063000,BTCUSDT,ALL,coindesk,regulatory,2,0.0,0.0,0.8,16,0.0006968680536845184,0.004485109625488315,0.0,0.0
1777393881000,BTCUSDT,BTC,decrypt,regulatory,2,0.4,0.4,0.7,16,0.0037028128151652684,0.006331099886500935,0.0,0.0
1777394338000,BTCUSDT,ALL,cointelegraph,macro,2,-0.43,0.43,0.78,16,0.003687005640042429,0.006627230938757833,0.0,0.0
1777395434000,BTCUSDT,ALL,theblock,regulatory,2,0.2,0.2,0.8,16,0.001944643694016035,0.005012941073498034,0.0,0.0
1777397891000,BTCUSDT,ALL,cointelegraph,macro,2,-0.7,0.7,0.8,17,-0.00031171071565627706,0.0016193207620074368,0.0,0.0
1777397891000,BTCUSDT,ALL,cointelegraph,regulatory,2,-0.3,0.3,0.8,17,-0.00031171071565627706,0.0016193207620074368,0.0,0.0
1777397901000,ETHUSDT,ETH,cointelegraph,hack,2,-0.2,0.2,0.8,17,-0.00016148461095299993,-0.0016934061905342634,0.00015022610470327713,-0.0033127269525417002
1777400428000,BTCUSDT,BTC,coindesk,influencer,3,-0.8,0.8,0.7,18,-0.0008186706761110774,0.0012606033003408346,0.0,0.0
1777400984000,BTCUSDT,ALL,decrypt,exchange,2,0.3,0.3,0.8,18,-0.0006049868766404565,0.0021166666666665446,0.0,0.0
1777401064000,BTCUSDT,ALL,coindesk,other,2,-0.8,0.8,0.9,18,0.00031139648133771125,0.0016282374801683819,0.0,0.0
1777401529000,BTCUSDT,ALL,cointelegraph,exchange,3,-0.6,0.6,0.8,18,0.0019786345281767037,0.001621401129519251,0.0,0.0
1777401529000,BTCUSDT,ALL,cointelegraph,regulatory,2,-0.4,0.4,0.8,18,0.0019786345281767037,0.001621401129519251,0.0,0.0
1777401539000,BTCUSDT,BTC,cointelegraph,influencer,3,-0.7,0.7,0.8,18,0.0019786345281767037,0.001621401129519251,0.0,0.0
1777401890000,BTCUSDT,ALL,coindesk,exchange,3,0.8,0.8,0.9,18,0.0013953954836969373,0.0013162399355624022,0.0,0.0
1777402060000,BTCUSDT,ALL,decrypt,influencer,2,-0.4,0.4,0.7,18,0.0013680710814414354,7.098172581376794e-05,0.0,0.0
1777404161000,BTCUSDT,ALL,theblock,exchange,2,0.2,0.2,0.8,19,0.002575391950708994,0.001504379689207136,0.0,0.0
1777404706000,BTCUSDT,BTC,coindesk,exchange,2,-0.4,0.4,0.7,19,0.0021558772448690977,0.0005556952664760306,0.0,0.0
1777405072000,BTCUSDT,ALL,coindesk,regulatory,2,0.4,0.4,0.8,19,0.0012610162029575989,-0.000244760834073543,0.0,0.0
1777405153000,BTCUSDT,BTC,cointelegraph,macro,2,-0.4,0.4,0.8,19,0.0012610162029575989,-0.000244760834073543,0.0,0.0
1777405163000,BTCUSDT,ALL,cointelegraph,exchange,2,0.8,0.8,0.9,19,0.0012610162029575989,-0.000244760834073543,0.0,0.0
1777406439000,BTCUSDT,ALL,theblock,regulatory,2,0.4,0.4,0.7,20,0.0008086185588829231,4.03392478354192e-05,0.0,0.0
1777410709000,BTCUSDT,ALL,theblock,regulatory,2,-0.35,0.35,0.8,21,-0.00026900368969873245,-0.000823774687538692,0.0,0.0
1777410709000,BTCUSDT,BTC,decrypt,influencer,2,-0.4,0.4,0.7,21,-0.00026900368969873245,-0.000823774687538692,0.0,0.0
1777411435000,BTCUSDT,ALL,coindesk,regulatory,2,0.2,0.2,0.8,21,0.0003688010558142718,-0.0008539828286019402,0.0,0.0
1777412526000,BTCUSDT,BTC,theblock,influencer,3,0.8,0.8,0.8,21,-0.0007555961998542138,0.003618294493094698,0.0,0.0
1777417061000,BTCUSDT,BTC,coindesk,influencer,3,0.6,0.6,0.8,22,0.001364328068426346,0.003948549089573428,0.0,0.0
1777418887000,BTCUSDT,ALL,decrypt,exchange,2,-0.45,0.45,0.8,23,0.0006002939316027689,0.007247454323637381,0.0,0.0
1777418967000,BTCUSDT,ALL,coindesk,exchange,2,0.4,0.4,0.8,23,0.0006002939316027689,0.007247454323637381,0.0,0.0
1777419517000,BTCUSDT,BTC,cointelegraph,macro,2,-0.5,0.5,0.8,23,0.0013071960526715998,0.010201607533978807,0.0,0.0
1777420338000,ETHUSDT,ETH,theblock,influencer,2,0.2,0.2,0.8,23,0.0013016397166094595,0.009653099911768104,-0.0009150731430365155,0.0011125400132996344
1777420518000,BTCUSDT,ALL,theblock,exchange,2,-0.45,0.45,0.8,23,0.0026524917465806652,0.007984593617355706,0.0,0.0
1777422235000,BTCUSDT,ALL,decrypt,regulatory,3,0.8,0.8,0.9,0,-0.0010888473208067184,0.009467730548679443,0.0,0.0
1777426594000,BTCUSDT,ALL,theblock,influencer,3,-0.6,0.6,0.8,1,0.0003237776184337182,0.010962502913540506,0.0,0.0
1777428140000,BTCUSDT,ALL,decrypt,regulatory,3,-0.8,0.8,0.7,2,-0.0003633370345927922,0.008706119350275543,0.0,0.0
1777433953000,BTCUSDT,BTC,cointelegraph,macro,2,-0.45,0.45,0.8,3,0.0031005806891128973,0.0006284452428162446,0.0,0.0
1777437495000,BTCUSDT,ALL,cointelegraph,regulatory,3,-0.7,0.7,0.8,4,-0.0009050920806383811,-0.003274783006825155,0.0,0.0
1777446125000,BTCUSDT,BTC,coindesk,influencer,3,0.5,0.5,0.8,7,-0.000504015378764433,0.006189537300123282,0.0,0.0
1777447656000,BTCUSDT,BTC,coindesk,macro,2,0.7,0.7,0.8,7,-0.0014440411676879261,0.006221113502932418,0.0,0.0
1777448392000,BTCUSDT,ALL,cointelegraph,exchange,2,-0.45,0.45,0.8,7,-0.0008122908091856562,0.005756438522940277,0.0,0.0
1777448402000,BTCUSDT,BTC,cointelegraph,influencer,3,0.8,0.8,0.7,7,-0.0008185317348683441,0.006234641181289913,0.0,0.0
1777449207000,XRPUSDT,XRP,coindesk,other,2,-0.7,0.7,0.8,7,-0.0002873769667360859,0.0019397945254688853,-0.00019237821002593414,-0.005021459998003408
1777450563000,BTCUSDT,ALL,coindesk,regulatory,3,-0.7,0.7,0.8,8,0.0003226554857722608,0.00034690652107749465,0.0,0.0
1777451934000,BTCUSDT,ALL,cointelegraph,regulatory,2,-0.3,0.3,0.7,8,0.002505680277272937,0.0012625721956429636,0.0,0.0
1777456662000,BTCUSDT,ALL,theblock,regulatory,2,-0.4,0.4,0.8,9,-0.0004738128331214231,-0.01285908983926265,0.0,0.0
1777459103000,BTCUSDT,ALL,cointelegraph,hack,2,0.0,0.0,0.8,10,9.953095393333555e-05,-0.012396889735045269,0.0,0.0
1777460479000,BTCUSDT,ALL,theblock,regulatory,3,-0.5,0.5,0.8,11,-0.000647074265833103,-0.015451091131560735,0.0,0.0
1777462105000,BTCUSDT,ALL,theblock,hack,3,-0.8,0.8,0.9,11,-0.007157264430716959,-0.017151503356759967,0.0,0.0
1777465197000,BTCUSDT,BTC,coindesk,influencer,3,0.8,0.8,0.7,12,-0.002731897564925423,-0.018104833409086196,0.0,0.0
1777467378000,BTCUSDT,BTC,theblock,regulatory,3,0.7,0.7,0.8,12,-0.0054801141346884075,-0.01449656783057618,0.0,0.0
1777467478000,BTCUSDT,ALL,decrypt,regulatory,3,-0.7,0.7,0.8,12,-0.0054801141346884075,-0.01449656783057618,0.0,0.0
1777468299000,BTCUSDT,ALL,coindesk,regulatory,3,-0.7,0.7,0.8,13,-0.00616441908713683,-0.014686073651452247,0.0,0.0
1777470105000,BTCUSDT,ALL,theblock,exchange,2,0.4,0.4,0.8,13,-0.00019176183832381177,-0.0075117380697767855,0.0,0.0
1777473012000,ETHUSDT,ETH,decrypt,influencer,2,0.0,0.0,0.8,14,-0.010306905148674828,-0.03100758358887057,-0.0010542835899388647,-0.012419734758888024
1777473567000,BTCUSDT,BTC,coindesk,macro,2,-0.55,0.55,0.8,14,-0.008188531252211084,-0.01775182612105708,0.0,0.0
1777473568000,BTCUSDT,ALL,cointelegraph,regulatory,3,0.5,0.5,0.8,14,-0.008188531252211084,-0.01775182612105708,0.0,0.0
1777474929000,BTCUSDT,ALL,coindesk,influencer,2,-0.2,0.2,0.6,15,-0.0036277320837245774,-0.012085233818843522,0.0,0.0
1777475565000,BTCUSDT,BTC,coindesk,regulatory,2,0.0,0.0,0.8,15,-0.0048320000000000585,-0.009462688524590201,0.0,0.0
1777475740000,BTCUSDT,ALL,coindesk,exchange,2,0.5,0.5,0.8,15,-0.006649154350272579,-0.009095536379063351,0.0,0.0
1777477111000,BTCUSDT,ALL,cointelegraph,hack,3,-0.8,0.8,0.9,15,-0.0011538005923001915,-0.0070607436656795475,0.0,0.0
1777480668000,BTCUSDT,BTC,theblock,influencer,3,0.8,0.8,0.9,16,0.0017261113645570259,-0.0014986689479430382,0.0,0.0
1777481203000,BTCUSDT,BTC,decrypt,macro,2,-0.6,0.6,0.8,16,0.0023582177013816708,-0.00023824911438208307,0.0,0.0
1777482009000,BTCUSDT,ALL,coindesk,influencer,2,0.4,0.4,0.8,17,-0.012039323364215204,-0.003262153566560788,0.0,0.0
1777484110000,BTCUSDT,ALL,theblock,macro,2,-0.2,0.2,0.7,17,-0.010206748819659772,-0.0009976541184211207,0.0,0.0
1777484285000,BTCUSDT,ALL,cointelegraph,regulatory,2,-0.3,0.3,0.8,17,-0.010206748819659772,-0.0009976541184211207,0.0,0.0
1777484286000,BTCUSDT,ALL,cointelegraph,exchange,3,0.6,0.6,0.8,17,-0.010206748819659772,-0.0009976541184211207,0.0,0.0
1777485022000,BTCUSDT,ALL,theblock,exchange,3,0.7,0.7,0.8,17,-0.008795808989314091,-0.003282578588341578,0.0,0.0
1777487023000,BTCUSDT,ALL,decrypt,exchange,2,0.4,0.4,0.7,18,0.0050687707858256825,0.009173341395391832,0.0,0.0
1777487193000,BTCUSDT,BTC,coindesk,influencer,2,-0.45,0.45,0.8,18,0.002748773517668779,0.010591500611843996,0.0,0.0
1777490105000,BTCUSDT,BTC,coindesk,exchange,3,-0.65,0.65,0.8,19,0.0009313895347127232,0.0025747222706791195,0.0,0.0
1777492382000,BTCUSDT,ALL,coindesk,macro,2,-0.45,0.45,0.8,19,0.0014944975018480466,0.002860362083143997,0.0,0.0
1777494924000,BTCUSDT,ALL,theblock,regulatory,3,-0.7,0.7,0.8,20,0.002228744281815409,0.004193280483799189,0.0,0.0
1777495124000,BTCUSDT,ALL,cointelegraph,influencer,3,0.6,0.6,0.8,20,0.002228744281815409,0.004193280483799189,0.0,0.0
1777498206000,BTCUSDT,ALL,coindesk,influencer,2,-0.4,0.4,0.7,21,0.0007764445636497808,0.004962052490497859,0.0,0.0
1777498752000,BTCUSDT,BTC,cointelegraph,influencer,3,0.7,0.7,0.8,21,0.0002682292877149717,0.005313362782811026,0.0,0.0
1777501113000,BTCUSDT,ALL,coindesk,regulatory,2,0.0,0.0,0.8,22,-0.0021585471736613737,0.004559611456239621,0.0,0.0
1777502024000,BTCUSDT,ALL,theblock,influencer,3,-0.5,0.5,0.8,22,-0.0016165791705201604,-0.005626896002135617,0.0,0.0
1777502470000,BTCUSDT,ALL,decrypt,regulatory,3,-0.7,0.7,0.8,22,-0.001369986803338663,-0.00420401527324521,0.0,0.0
1777503026000,BTCUSDT,BTC,coindesk,influencer,3,0.8,0.8,0.7,22,-0.0019410652652575022,-0.0029322755506643317,0.0,0.0
1777504837000,BTCUSDT,BTC,theblock,macro,2,-0.35,0.35,0.8,23,0.0006173848880068888,0.0016201404200881786,0.0,0.0
1777505557000,BTCUSDT,ALL,decrypt,regulatory,2,0.3,0.3,0.8,23,0.004270217710170332,0.0013325642335646481,0.0,0.0
1777508660000,BTCUSDT,ALL,decrypt,geopolitical,2,0.0,0.0,0.8,0,0.007011528530365796,-0.0017747766723967828,0.0,0.0
1777513112000,BTCUSDT,BTC,cointelegraph,macro,2,-0.4,0.4,0.8,1,-0.009586487831713453,-0.008364550860555986,0.0,0.0
1777527551000,BTCUSDT,BTC,cointelegraph,macro,2,-0.4,0.4,0.8,5,0.0004839685420447992,0.004919069998441383,0.0,0.0
1777531098000,BTCUSDT,ALL,cointelegraph,geopolitical,2,0.2,0.2,0.8,6,0.00437314935934241,0.003947241261490708,0.0,0.0
1777532090000,BTCUSDT,ALL,theblock,hack,2,-0.4,0.4,0.8,6,0.005387735726638754,0.0036319099585195858,0.0,0.0
1777545448000,BTCUSDT,ALL,cointelegraph,regulatory,3,0.5,0.5,0.8,10,-0.0014931021939950107,0.0039890577728238785,0.0,0.0
1777546264000,BTCUSDT,ALL,coindesk,influencer,3,0.8,0.8,0.7,10,0.00040471580059397994,0.003585226939419872,0.0,0.0
1777550451000,BTCUSDT,ALL,theblock,regulatory,2,0.2,0.2,0.6,12,0.0028399565703163265,0.0038918020691112165,0.0,0.0
1777552182000,BTCUSDT,ALL,theblock,regulatory,3,-0.8,0.8,0.9,12,-0.0010085134987719568,0.0003108961233713181,0.0,0.0
1777552718000,BTCUSDT,BTC,cointelegraph,macro,2,-0.65,0.65,0.8,12,0.005023014225557176,0.0011489081176436766,0.0,0.0
1777556365000,ETHUSDT,ETH,cointelegraph,influencer,3,0.8,0.8,0.7,13,-0.004631097024124009,-0.007061102306744171,-0.0008251541790305073,-0.000834820945686432
1777557546000,BTCUSDT,ALL,theblock,hack,3,-0.8,0.8,0.9,13,-0.003238770098553556,-0.0023964703130165965,0.0,0.0
1777557726000,BTCUSDT,BTC,coindesk,macro,2,-0.4,0.4,0.8,14,-0.0011389591631297824,-0.0023324408806190133,0.0,0.0
1777559892000,BTCUSDT,ALL,cointelegraph,regulatory,3,-0.7,0.7,0.8,14,0.0015636632840125841,0.0006847739695776678,0.0,0.0
1777564895000,BTCUSDT,ALL,theblock,exchange,3,0.7,0.7,0.8,16,-0.0010647812604780427,-2.6959800842996096e-05,0.0,0.0
1777564895000,BTCUSDT,ALL,theblock,hack,3,-0.8,0.8,0.9,16,-0.0010647812604780427,-2.6959800842996096e-05,0.0,0.0
1777565721000,BTCUSDT,BTC,theblock,macro,2,-0.55,0.55,0.8,16,-0.0029437722606326933,0.0012854860674627044,0.0,0.0
1777567087000,BTCUSDT,ALL,cointelegraph,regulatory,3,-0.8,0.8,0.9,16,-0.0023807147305136,0.0023393223863683588,0.0,0.0
1777567097000,BTCUSDT,BTC,cointelegraph,regulatory,2,0.2,0.2,0.8,16,-0.0023807147305136,0.0023393223863683588,0.0,0.0
1777568258000,BTCUSDT,ALL,coindesk,regulatory,2,-0.4,0.4,0.7,16,0.000886112048986698,0.003313020589189808,0.0,0.0
1777568538000,BTCUSDT,ALL,coindesk,exchange,3,0.7,0.7,0.8,17,-0.0003272687730826451,0.0016941202981315406,0.0,0.0
1777570719000,BTCUSDT,ALL,cointelegraph,regulatory,2,0.4,0.4,0.7,17,0.003121944379049335,0.0030138836386717216,0.0,0.0
1777570729000,BTCUSDT,ALL,cointelegraph,regulatory,2,0.2,0.2,0.8,17,0.003121944379049335,0.0030138836386717216,0.0,0.0
1777572085000,BTCUSDT,ALL,theblock,regulatory,2,0.2,0.2,0.8,18,0.001537146550653068,0.00035149007151935585,0.0,0.0
1777572175000,BTCUSDT,ALL,decrypt,exchange,2,0.4,0.4,0.8,18,0.001537146550653068,0.00035149007151935585,0.0,0.0
1777573436000,BTCUSDT,ALL,coindesk,exchange,3,0.8,0.8,0.9,18,0.0024968127816469288,0.002075083981974535,0.0,0.0
1777575718000,BTCUSDT,BTC,theblock,influencer,2,0.4,0.4,0.8,19,-0.0001702411418010863,-0.0023910963751982983,0.0,0.0
1777577904000,BTCUSDT,BTC,cointelegraph,macro,2,-0.7,0.7,0.8,19,0.0010195796176695193,-0.0014245858399307698,0.0,0.0
1777580626000,BTCUSDT,ALL,decrypt,influencer,2,-0.4,0.4,0.7,20,-0.0018165076241800637,0.0007242755348642049,0.0,0.0
1777581171000,BTCUSDT,ALL,decrypt,regulatory,2,0.2,0.2,0.6,20,-0.0013227452727407885,-0.0007537635579102364,0.0,0.0
1777581622000,BTCUSDT,ALL,theblock,exchange,2,0.5,0.5,0.8,20,-0.0030981923619456397,-0.0009645525312157455,0.0,0.0
1777587534000,BTCUSDT,ALL,decrypt,regulatory,3,-0.5,0.5,0.8,22,-0.0010470524426686723,0.0029157792897214208,0.0,0.0
1777588260000,BTCUSDT,ALL,coindesk,influencer,3,0.7,0.7,0.8,22,0.0003516856276408742,0.003929208985122168,0.0,0.0
1777588805000,ETHUSDT,ETH,theblock,hack,3,-0.7,0.7,0.8,22,0.0008641280504826376,0.004590957232308401,0.0006672182375351277,0.0011200778747453288
1777589626000,BTCUSDT,ALL,decrypt,regulatory,2,0.0,0.0,0.8,22,0.0014364404923277174,0.004662824091065332,0.0,0.0
1777591897000,BTCUSDT,BTC,decrypt,macro,2,-0.7,0.7,0.8,23,0.0015716811840986722,0.010413124631606596,0.0,0.0
1777593263000,BTCUSDT,ALL,decrypt,influencer,2,0.0,0.0,0.8,23,0.001460183476480914,0.010275641721690931,0.0,0.0
1777593623000,ETHUSDT,ETH,theblock,hack,2,-0.2,0.2,0.8,0,0.0002960174606121413,0.008937960042060933,-0.00042339919495537615,0.0006983911587656877
1777598076000,BTCUSDT,ALL,coindesk,regulatory,2,0.0,0.0,0.8,1,5.4818335950113095e-05,0.005821185198527257,0.0,0.0
1777613895000,BTCUSDT,BTC,cointelegraph,macro,2,-0.43,0.43,0.78,5,-0.0007649918962723268,0.002008946515397181,0.0,0.0
1777621080000,BTCUSDT,BTC,cointelegraph,macro,2,-0.4,0.4,0.8,7,0.004854482415391326,0.005402816321908199,0.0,0.0
1777628244000,BTCUSDT,ALL,cointelegraph,regulatory,2,0.8,0.8,0.9,9,-0.00037435329271751083,0.012670040892888812,0.0,0.0
1777631891000,BTCUSDT,BTC,cointelegraph,macro,2,-0.7,0.7,0.8,10,0.002095377134875065,0.012242299485793362,0.0,0.0
1777631891000,BTCUSDT,BTC,cointelegraph,influencer,3,0.8,0.8,0.9,10,0.002095377134875065,0.012242299485793362,0.0,0.0
1777632162000,BTCUSDT,ALL,coindesk,regulatory,3,0.7,0.7,0.8,10,0.0012804783351452187,0.014391339234870903,0.0,0.0
1777635514000,BTCUSDT,ALL,cointelegraph,exchange,2,0.2,0.2,0.8,11,0.007055673422820652,0.01616139329785926,0.0,0.0
1777641715000,BTCUSDT,BTC,coindesk,influencer,2,-0.2,0.2,0.8,13,-4.841615924433551e-05,-0.00036829495277490576,0.0,0.0
1777642451000,BTCUSDT,ALL,decrypt,regulatory,2,0.4,0.4,0.8,13,8.949122449086744e-06,0.0037394547376399245,0.0,0.0
1777642546000,BTCUSDT,ALL,theblock,exchange,2,0.4,0.4,0.7,13,-0.0007965848819075916,0.0022898301385603226,0.0,0.0
1777642716000,BTCUSDT,ALL,cointelegraph,regulatory,3,-0.7,0.7,0.8,13,-0.0007965848819075916,0.0022898301385603226,0.0,0.0
1777644804000,BTCUSDT,ALL,coindesk,exchange,3,0.7,0.7,0.8,14,-0.00010613655302116332,0.001110929898909152,0.0,0.0
1777646620000,BTCUSDT,ALL,theblock,regulatory,3,-0.7,0.7,0.8,14,0.003618142844876493,0.0015017863615445215,0.0,0.0
1777646986000,BTCUSDT,BTC,decrypt,influencer,2,0.4,0.4,0.8,14,0.0005254162279684227,0.0015366669024550195,0.0,0.0
1777657086000,BTCUSDT,ALL,cointelegraph,macro,2,-0.7,0.7,0.8,17,-0.00012430155276221821,-0.004095194336234842,0.0,0.0
1777664716000,BTCUSDT,ALL,theblock,exchange,2,0.5,0.5,0.8,19,-0.006737916851987991,-0.003014264071732997,0.0,0.0
1777667698000,BTCUSDT,BTC,coindesk,influencer,3,0.8,0.8,0.7,20,0.0008728171884782032,0.0023293484843671663,0.0,0.0
1777669154000,BTCUSDT,ALL,decrypt,regulatory,2,-0.2,0.2,0.8,20,0.004305722745034268,0.005122608612831758,0.0,0.0
1777670245000,ETHUSDT,ETH,coindesk,exchange,2,0.2,0.2,0.8,21,0.00446898576302579,0.0035603356763109772,-0.0013228602700476877,-0.0012840965680822602
1777672611000,ETHUSDT,ETH,decrypt,exchange,2,-0.4,0.4,0.8,21,-9.590987958962849e-05,0.0020228265513422272,0.0011147076657248567,0.0009217422868907921
1777672801000,ETHUSDT,ETH,theblock,influencer,2,-0.2,0.2,0.8,22,-0.0016419860627178151,0.0006184668989548392,0.0002422056480395618,0.0002491152420658338
1777677439000,BTCUSDT,ALL,theblock,macro,2,-0.2,0.2,0.8,23,0.003132548637883037,0.003468499045813811,0.0,0.0
1777679711000,BTCUSDT,ALL,theblock,regulatory,3,-0.5,0.5,0.8,23,0.00040499278167427377,0.0016510163146934431,0.0,0.0
1777681067000,BTCUSDT,ALL,decrypt,regulatory,2,-0.2,0.2,0.8,0,0.00020032793005464455,-0.0005760864374798613,0.0,0.0
1777682068000,BTCUSDT,ALL,coindesk,regulatory,2,0.4,0.4,0.8,0,0.0013317420415281944,-2.504763843591551e-05,0.0,0.0
1777682248000,BTCUSDT,BTC,cointelegraph,macro,2,0.8,0.8,0.7,0,0.0006211389479526819,-0.0012861981010640067,0.0,0.0
1777696697000,BTCUSDT,ALL,cointelegraph,regulatory,2,-0.3,0.3,0.7,4,-0.0003151242241423713,0.0013573991934865415,0.0,0.0
1777714683000,BTCUSDT,BTC,cointelegraph,influencer,2,-0.4,0.4,0.7,9,-0.0007914539320308389,0.0006355382735907522,0.0,0.0
1777715498000,BTCUSDT,BTC,coindesk,macro,2,0.7,0.7,0.8,9,-0.0005654359610886006,0.0009386466858005704,0.0,0.0
1777729122000,BTCUSDT,BTC,cointelegraph,exchange,2,-0.2,0.2,0.8,13,0.0004751067299257894,0.0008359989760258202,0.0,0.0
1777737767000,BTCUSDT,ALL,decrypt,regulatory,2,0.0,0.0,0.0,16,-0.001220186088248476,-0.0008947946410639007,0.0,0.0
1777743475000,BTCUSDT,ALL,cointelegraph,regulatory,3,0.8,0.8,0.9,17,-0.00019572378592291884,0.0048431117659319955,0.0,0.0
1777747292000,BTCUSDT,ALL,theblock,regulatory,3,0.6,0.6,0.8,18,0.0005406294298213599,0.0034342270312164302,0.0,0.0
1777748473000,BTCUSDT,BTC,coindesk,influencer,3,-0.7,0.7,0.8,19,-0.000184668229315732,0.0032207974404907525,0.0,0.0
1777748563000,BTCUSDT,ALL,coindesk,regulatory,3,0.7,0.7,0.8,19,-0.000184668229315732,0.0032207974404907525,0.0,0.0
1777751841000,BTCUSDT,ALL,coindesk,regulatory,3,-0.8,0.8,0.9,19,0.0004384817162683685,0.003368406347124653,0.0,0.0
1777756744000,BTCUSDT,ALL,decrypt,regulatory,2,-0.2,0.2,0.6,21,0.002050206027292223,-0.0027947739816378547,0.0,0.0
1777758735000,BTCUSDT,ALL,decrypt,regulatory,2,0.0,0.0,0.0,21,0.0014380121489159237,-0.0060842395646938385,0.0,0.0
1777759111000,BTCUSDT,ALL,theblock,geopolitical,3,-0.7,0.7,0.8,21,0.0004938157423173273,-0.005751613095429597,0.0,0.0
1777764830000,BTCUSDT,BTC,theblock,macro,2,-0.5,0.5,0.8,23,-0.00045888162721552384,-0.0066238012956164605,0.0,0.0
1777765106000,BTCUSDT,ALL,cointelegraph,exchange,3,0.7,0.7,0.8,23,-0.0007121687967130974,-0.007074540461138201,0.0,0.0
1777771285000,BTCUSDT,ALL,theblock,regulatory,3,0.8,0.8,0.9,1,-0.0021411413390888256,-0.000696468145141127,0.0,0.0
1777775838000,BTCUSDT,ALL,cointelegraph,regulatory,2,-0.2,0.2,0.6,2,0.00012685188065275632,0.00022259880974284663,0.0,0.0
1777801077000,BTCUSDT,ALL,cointelegraph,regulatory,2,0.7,0.7,0.8,9,-0.0008186988368948933,0.0013394921698230977,0.0,0.0
1777807012000,SOLUSDT,SOL,theblock,exchange,2,0.0,0.0,0.3,11,0.0029804482594182335,0.004887935145446054,-0.0005498157963841344,0.0018482367764656171
1777807042000,BTCUSDT,ALL,theblock,regulatory,2,-1.0,1.0,0.3,11,0.003530264055802368,0.003039698368980437,0.0,0.0
1777811870000,BTCUSDT,ALL,cointelegraph,regulatory,3,-0.5,0.5,0.8,12,-0.0021896745795572103,-0.0009092232474322559,0.0,0.0
1777819095000,BTCUSDT,ALL,cointelegraph,regulatory,3,-0.5,0.5,0.7,14,-8.995176527160087e-05,-0.00027785947831804325,0.0,0.0
1777827731000,BTCUSDT,ALL,coindesk,regulatory,2,-0.35,0.35,0.7,17,0.000496172528674288,0.0042980849927518605,0.0,0.0
1777833275000,BTCUSDT,ALL,decrypt,hack,3,0.7,0.7,0.8,18,0.001393104431739678,0.005922822700802577,0.0,0.0
1777837082000,BTCUSDT,ALL,cointelegraph,regulatory,2,-0.35,0.35,0.8,19,0.0026214061152858292,-0.0026320658487267723,0.0,0.0
1777844462000,ETHUSDT,ETH,theblock,hack,2,-0.45,0.45,0.8,21,0.013113863350180166,0.006554775498939014,0.004417896100383567,0.0024326487698911325
1777854444000,BTCUSDT,ALL,theblock,regulatory,2,-0.4,0.4,0.8,0,0.006648760680954657,0.02514199302163833,0.0,0.0
1777858637000,BTCUSDT,BTC,cointelegraph,influencer,2,-0.4,0.4,0.8,1,0.017307994923857706,0.016243527918781808,0.0,0.0
1777865438000,BTCUSDT,BTC,coindesk,influencer,3,0.7,0.7,0.8,3,0.0037453506541427206,-0.003329742226528709,0.0,0.0
1777874893000,BTCUSDT,BTC,theblock,influencer,2,-0.35,0.35,0.7,6,-0.00026201856903329546,-0.01455429315047918,0.0,0.0
1777880697000,BTCUSDT,BTC,coindesk,influencer,3,0.8,0.8,0.7,7,-0.0018460938102693447,-0.013435620530977577,0.0,0.0
1777882614000,BTCUSDT,BTC,coindesk,influencer,3,-0.5,0.5,0.7,8,0.0005403163203767658,-0.008986320144636628,0.0,0.0
1777883794000,BTCUSDT,ALL,cointelegraph,regulatory,2,-0.1,0.1,0.6,8,0.0017646199901450998,-0.00910610149318447,0.0,0.0
1777888874000,BTCUSDT,ALL,theblock,exchange,3,0.7,0.7,0.8,10,0.002463914724345262,-0.0035691368991210837,0.0,0.0
1777894608000,ETHUSDT,ETH,cointelegraph,regulatory,2,-0.3,0.3,0.7,11,0.0031017848115366675,0.008375675837781982,-0.00014873744640597764,-0.00654715902710179
1777894973000,BTCUSDT,ALL,theblock,geopolitical,2,-0.2,0.2,0.8,11,0.0028182137264944895,0.013122129153425144,0.0,0.0
1777901608000,BTCUSDT,ALL,coindesk,other,2,0.8,0.8,0.9,13,0.007071814415974265,0.017270080543556166,0.0,0.0
1777901873000,SOLUSDT,SOL,coindesk,exchange,2,0.7,0.7,0.8,13,0.006658739595719387,0.008204518430440011,-0.0017561384381243883,-0.009615857244263504
1777901873000,BTCUSDT,BTC,cointelegraph,influencer,3,0.7,0.7,0.8,13,0.008414878033843776,0.017820375674703515,0.0,0.0
1777904060000,BTCUSDT,BTC,cointelegraph,influencer,3,0.8,0.8,0.7,14,0.005692339432476379,0.015174680733263335,0.0,0.0
1777907053000,BTCUSDT,ALL,coindesk,exchange,3,0.7,0.7,0.8,15,-0.003491563169122136,-0.00021690373108129712,0.0,0.0
1777910516000,BTCUSDT,ALL,coindesk,exchange,2,-0.45,0.45,0.8,16,0.006795694343500136,0.002768602290669442,0.0,0.0
1777911336000,BTCUSDT,ALL,cointelegraph,regulatory,3,-0.7,0.7,0.8,16,0.002635808950387286,-0.0034206333691295665,0.0,0.0
1777911697000,BTCUSDT,BTC,decrypt,macro,2,-0.4,0.4,0.7,16,0.00254461487885016,-0.002701012923463364,0.0,0.0
1777911962000,BTCUSDT,ALL,coindesk,influencer,2,-0.2,0.2,0.6,16,0.0005917167134434909,-0.003649584116579452,0.0,0.0
1777912693000,BTCUSDT,ALL,theblock,influencer,2,-0.4,0.4,0.7,16,-4.235405850261387e-06,-0.004466110898372011,0.0,0.0
1777914149000,BTCUSDT,ALL,coindesk,exchange,3,0.6,0.6,0.8,17,0.0003944274336291631,-0.0031183291013389125,0.0,0.0
1777914874000,BTCUSDT,ALL,cointelegraph,regulatory,2,-0.4,0.4,0.8,17,-0.0022903001072611673,-0.00419844841895578,0.0,0.0
1777915240000,BTCUSDT,ALL,decrypt,influencer,2,-0.4,0.4,0.7,17,-0.0022004232290707693,-0.003069305749192952,0.0,0.0
1777915500000,ETHUSDT,ETH,coindesk,influencer,3,0.8,0.8,0.9,17,-0.0013983532383917696,-0.0033416840228638334,0.0008020699906789996,-0.0002723782736708813
1777916503000,BTCUSDT,BTC,decrypt,influencer,2,-0.4,0.4,0.7,17,-0.003147753264992059,-0.0012923298012719187,0.0,0.0
1777917507000,BTCUSDT,ALL,theblock,regulatory,3,0.7,0.7,0.8,17,-0.005026773193311462,-0.001140628673644395,0.0,0.0
1777918057000,BTCUSDT,ALL,theblock,exchange,3,-0.7,0.7,0.8,18,-0.003772804731822954,-0.0003586335204538438,0.0,0.0
1777918513000,BTCUSDT,BTC,cointelegraph,exchange,2,0.4,0.4,0.8,18,-0.003447534980709155,0.0005203144468950427,0.0,0.0
1777918873000,ETHUSDT,ETH,decrypt,influencer,3,0.8,0.8,0.7,18,-0.0028513893119437306,-0.0016372220530004311,0.0013984568967932987,-0.0016071988092791756
1777920964000,BTCUSDT,ALL,theblock,regulatory,3,-0.6,0.6,0.8,18,-0.00031290210075518576,-0.0008051230971108936,0.0,0.0
1777922150000,BTCUSDT,BTC,cointelegraph,influencer,3,-0.6,0.6,0.8,19,0.00027687698270617567,-0.0010124643414585188,0.0,0.0
1777924057000,BTCUSDT,ALL,decrypt,regulatory,2,-0.4,0.4,0.8,19,-0.0006460695332334287,-0.0017550638887510184,0.0,0.0
1777924422000,BTCUSDT,BTC,decrypt,regulatory,2,-0.2,0.2,0.6,19,-0.0014566543219761696,-0.002402149267781706,0.0,0.0
1777928600000,BTCUSDT,ALL,decrypt,regulatory,3,0.5,0.5,0.8,21,0.002743034820311241,0.0014465544573567524,0.0,0.0
1777929506000,BTCUSDT,ALL,theblock,exchange,2,-0.2,0.2,0.8,21,7.399494866144884e-05,-0.00010825186933793862,0.0,0.0
1777929961000,ETHUSDT,ETH,theblock,hack,2,-0.2,0.2,0.8,21,-0.001566840571854522,-0.0015202588251237437,-0.00039406189765889277,-0.0011629794224119472
1777931052000,BTCUSDT,ALL,decrypt,regulatory,2,0.2,0.2,0.6,21,-0.0014201398872032422,0.00039746484173197594,0.0,0.0
1777936592000,BTCUSDT,BTC,coindesk,other,2,-0.35,0.35,0.62,23,-8.61266600195032e-05,0.011637364198724631,0.0,0.0
1777952504000,BTCUSDT,ALL,theblock,regulatory,2,-0.45,0.45,0.8,3,0.0002013474333395493,0.0006348191636775802,0.0,0.0
1777957952000,BTCUSDT,ALL,theblock,regulatory,3,0.7,0.7,0.8,5,-0.00034228078367737336,-0.0036457228309068057,0.0,0.0
1777965297000,ETHUSDT,ETH,cointelegraph,regulatory,3,0.8,0.8,0.9,7,-0.00047039256779735084,-0.0026081587910908866,0.001289731106292047,-0.0007323560903744752
1777972449000,XRPUSDT,XRP,coindesk,other,2,0.0,0.0,0.8,9,-0.0002136295663320853,0.009043651641387207,-0.0011726701140405416,-0.002345900509124421
1777974437000,BTCUSDT,BTC,coindesk,macro,2,0.4,0.4,0.8,9,0.0016992604357968233,0.009772050429344148,0.0,0.0
1777976083000,BTCUSDT,ALL,cointelegraph,regulatory,2,-0.4,0.4,0.7,10,0.0017104448023790297,0.0041134927518275965,0.0,0.0
1777990804000,BTCUSDT,ALL,theblock,regulatory,3,0.6,0.6,0.8,14,0.0024685222265885542,0.0006184817581047497,0.0,0.0
1777992075000,BTCUSDT,ALL,coindesk,exchange,2,-0.4,0.4,0.8,14,0.005422618461235373,0.003992463796670398,0.0,0.0
1777992985000,BTCUSDT,ALL,theblock,exchange,2,0.6,0.6,0.8,14,0.002005527822813713,0.0008599681685257377,0.0,0.0
1777993531000,BTCUSDT,ALL,theblock,exchange,2,-0.35,0.35,0.8,15,-0.0014176448043925483,-0.0011962259237618955,0.0,0.0
1777994441000,BTCUSDT,ALL,decrypt,exchange,2,0.0,0.0,0.8,15,-0.0023281463458089124,-0.0008810195908615093,0.0,0.0
1777997248000,BTCUSDT,BTC,coindesk,influencer,3,-0.5,0.5,0.7,16,-0.0014394242892166176,0.003078973245050909,0.0,0.0
1777997714000,BTCUSDT,ALL,cointelegraph,regulatory,2,0.4,0.4,0.8,16,-0.0013259190538815746,0.0015560707133914775,0.0,0.0
1777999805000,BTCUSDT,ALL,coindesk,influencer,2,-0.3,0.3,0.6,16,-0.00018637953146760644,0.004436570985689503,0.0,0.0
1778001261000,BTCUSDT,ALL,cointelegraph,exchange,2,0.0,0.0,0.8,17,0.0009302690150758686,0.0020013315181703906,0.0,0.0
1778001261000,BTCUSDT,ALL,cointelegraph,exchange,2,-0.4,0.4,0.8,17,0.0009302690150758686,0.0020013315181703906,0.0,0.0
1778002167000,BTCUSDT,BTC,theblock,exchange,2,-0.4,0.4,0.8,17,0.0018921502629694054,-0.00018701413671962097,0.0,0.0
1778002347000,ETHUSDT,ETH,theblock,exchange,2,0.7,0.7,0.8,17,0.003442566723548701,0.004492697778210486,0.0014785713374494414,0.002935377122566196
1778002883000,BTCUSDT,ALL,coindesk,exchange,3,0.7,0.7,0.8,17,0.002856211210798154,0.0015640834484522692,0.0,0.0
1778004794000,BTCUSDT,ALL,coindesk,influencer,3,0.8,0.8,0.9,18,0.000993721364997091,-0.0010989114847849146,0.0,0.0
1778004894000,BTCUSDT,ALL,cointelegraph,exchange,2,-0.4,0.4,0.8,18,0.000993721364997091,-0.0010989114847849146,0.0,0.0
1778006711000,BTCUSDT,ALL,theblock,geopolitical,2,0.0,0.0,0.8,18,0.001444670872610354,-0.0034433797125899,0.0,0.0
1778008982000,BTCUSDT,ALL,decrypt,regulatory,2,-0.2,0.2,0.6,19,0.0001959820250880817,-0.008027168652098515,0.0,0.0
1778011344000,BTCUSDT,ALL,decrypt,exchange,3,-0.8,0.8,0.7,20,-5.547561460983452e-05,-0.006951719070507956,0.0,0.0
1778012606000,SOLUSDT,SOL,theblock,exchange,3,0.6,0.6,0.8,20,-0.0002309468822170313,-0.0051963048498844255,0.0007404332095429789,0.0025520515472886585
1778012891000,SOLUSDT,SOL,decrypt,influencer,2,-0.4,0.4,0.7,20,-0.006217616580310836,-0.005987334484743756,-0.0018610092755458885,0.002212480995225641
1778012982000,BTCUSDT,ALL,coindesk,regulatory,3,0.5,0.5,0.8,20,-0.004356607304764948,-0.008199815479969397,0.0,0.0
1778013707000,BTCUSDT,BTC,decrypt,influencer,3,-0.7,0.7,0.8,20,-0.0021040735127917376,-0.00968959615367182,0.0,0.0
1778015709000,BTCUSDT,ALL,cointelegraph,regulatory,2,0.2,0.2,0.8,21,-0.001925472470806766,-0.003370618878922871,0.0,0.0
1778016068000,BTCUSDT,ALL,decrypt,regulatory,2,-0.2,0.2,0.8,21,-0.00044197687998204227,-0.002759747333072826,0.0,0.0
1778018345000,BTCUSDT,ALL,coindesk,hack,2,-0.2,0.2,0.8,21,-0.005232948969577933,-0.002650269872424005,0.0,0.0
1778019245000,BTCUSDT,BTC,cointelegraph,influencer,3,0.5,0.5,0.8,22,-0.0033374702022560543,-0.0013989580005406843,0.0,0.0
1778019526000,BTCUSDT,ALL,decrypt,hack,2,0.0,0.0,0.8,22,-0.004391461609165148,-0.0015079988301555103,0.0,0.0
1778022433000,BTCUSDT,BTC,coindesk,macro,2,-0.8,0.8,0.9,23,-0.0006933600219274361,0.0024231276632054044,0.0,0.0
1778023434000,BTCUSDT,ALL,coindesk,hack,2,-0.2,0.2,0.8,23,0.0004771055481354036,0.009058947323912436,0.0,0.0
1778024164000,BTCUSDT,ALL,theblock,regulatory,2,-0.4,0.4,0.8,23,-0.00025306823611803697,0.007621579948988488,0.0,0.0
1778024435000,BTCUSDT,BTC,theblock,exchange,2,0.4,0.4,0.8,23,-0.0015846998991555505,0.007456960682490799,0.0,0.0
1778024700000,BTCUSDT,BTC,decrypt,exchange,3,-0.8,0.8,0.9,23,-0.0015846998991555505,0.007456960682490799,0.0,0.0
1778026526000,BTCUSDT,ALL,cointelegraph,influencer,2,0.2,0.2,0.8,0,0.0036577274755369427,0.006361361795137022,0.0,0.0
1778026981000,BTCUSDT,ALL,theblock,hack,3,-0.7,0.7,0.8,0,0.004051300657323065,0.0062983983620801265,0.0,0.0
1778027072000,BTCUSDT,ALL,coindesk,regulatory,2,-0.45,0.45,0.8,0,0.004051300657323065,0.0062983983620801265,0.0,0.0
1778027162000,SOLUSDT,SOL,decrypt,hack,2,-0.2,0.2,0.8,0,0.006718406116066333,0.00718174446889841,0.002759474904039383,0.002407027506307724
1778027432000,BTCUSDT,ALL,coindesk,exchange,3,0.5,0.5,0.7,0,0.004121812837024841,0.004707591576393,0.0,0.0
1778027707000,BTCUSDT,BTC,coindesk,exchange,2,0.6,0.6,0.8,0,0.0050921862584019095,0.006080737089604105,0.0,0.0
1778027878000,BTCUSDT,ALL,decrypt,regulatory,2,-0.2,0.2,0.7,0,0.0050921862584019095,0.006080737089604105,0.0,0.0
1778029159000,BTCUSDT,ALL,coindesk,influencer,2,-0.35,0.35,0.7,0,0.0019180931701587856,0.0024299954527697842,0.0,0.0
1778030079000,BTCUSDT,BTC,cointelegraph,macro,2,0.8,0.8,0.7,1,-0.00023915089621928676,3.592184243617069e-05,0.0,0.0
1778031241000,BTCUSDT,ALL,decrypt,hack,3,-0.7,0.7,0.8,1,-0.001888464857731309,-0.003102434062362658,0.0,0.0
1778035524000,BTCUSDT,BTC,coindesk,influencer,3,-0.5,0.5,0.8,2,0.003101445984143414,0.002450303483089611,0.0,0.0
1778047247000,BTCUSDT,BTC,theblock,influencer,3,-0.5,0.5,0.8,6,0.0034293199288426557,0.008959631896451992,0.0,0.0
1778051520000,BTCUSDT,BTC,coindesk,influencer,3,-0.7,0.7,0.8,7,0.00013422802322837768,0.012586392419429382,0.0,0.0
1778052436000,BTCUSDT,ALL,theblock,exchange,3,-0.5,0.5,0.7,7,0.003351073443663921,0.015418474075471034,0.0,0.0
1778055068000,BTCUSDT,ALL,coindesk,hack,2,-0.2,0.2,0.8,8,0.0038819079510721277,0.009288215870542071,0.0,0.0
1778055338000,ETHUSDT,ETH,cointelegraph,influencer,2,-0.2,0.2,0.7,8,0.004052211674409278,0.014298458223927835,0.002149774563828366,0.0038703025960635795
1778055348000,BTCUSDT,ALL,cointelegraph,influencer,3,-0.7,0.7,0.8,8,0.0019024371105809124,0.010428155627864255,0.0,0.0
1778063153000,BTCUSDT,ALL,coindesk,macro,2,0.7,0.7,0.8,10,0.005735853976278182,-0.006159196095085417,0.0,0.0
1778065335000,BTCUSDT,ALL,coindesk,regulatory,2,0.6,0.6,0.8,11,-0.0012453854400626962,-0.010846095633571085,0.0,0.0
1778066065000,BTCUSDT,ALL,cointelegraph,hack,3,-0.7,0.7,0.8,11,-0.0031233895798720157,-0.009883322127161809,0.0,0.0
1778066075000,BTCUSDT,ALL,cointelegraph,influencer,3,0.7,0.7,0.8,11,-0.0031233895798720157,-0.009883322127161809,0.0,0.0
1778068882000,BTCUSDT,ALL,coindesk,exchange,2,0.7,0.7,0.8,12,-0.0039864627835224375,-0.006407847321025395,0.0,0.0
1778073695000,ETHUSDT,ETH,theblock,influencer,3,0.8,0.8,0.9,13,-0.008605389801920715,-0.012415089431439985,-0.0045279292779152325,-0.006575520712941985
1778078614000,BTCUSDT,BTC,theblock,macro,2,0.5,0.5,0.8,14,-0.001215953396605185,-0.005210110853032135,0.0,0.0
1778080525000,BTCUSDT,ALL,cointelegraph,exchange,3,-0.5,0.5,0.8,15,-0.001776812571475106,-0.005298752610045199,0.0,0.0
1778080525000,BTCUSDT,BTC,cointelegraph,regulatory,3,0.7,0.7,0.8,15,-0.001776812571475106,-0.005298752610045199,0.0,0.0
1778080525000,BTCUSDT,BTC,cointelegraph,macro,2,-0.7,0.7,0.8,15,-0.001776812571475106,-0.005298752610045199,0.0,0.0
1778081706000,BTCUSDT,ALL,coindesk,exchange,2,0.5,0.5,0.8,15,0.0007270952440865397,-0.0023115135746292204,0.0,0.0
1778082071000,BTCUSDT,ALL,coindesk,exchange,3,0.8,0.8,0.9,15,-2.448579522473793e-07,-0.0032867282949645693,0.0,0.0
1778082081000,BTCUSDT,BTC,decrypt,macro,2,0.6,0.6,0.7,15,-2.448579522473793e-07,-0.0032867282949645693,0.0,0.0
1778084068000,BTCUSDT,ALL,cointelegraph,influencer,3,-0.6,0.6,0.8,16,-0.0023623749494728896,-0.0005975102149641254,0.0,0.0
1778085058000,BTCUSDT,BTC,theblock,exchange,2,-0.35,0.35,0.8,16,-0.0018467017121122087,-0.0032582441734527734,0.0,0.0
1778089706000,BTCUSDT,ALL,theblock,regulatory,3,0.6,0.6,0.8,17,-0.000499201964395346,0.0017275629220381283,0.0,0.0
1778091253000,BTCUSDT,ALL,cointelegraph,exchange,3,0.7,0.7,0.8,18,-0.002274422434489609,-0.0022437483443659145,0.0,0.0
1778091263000,BTCUSDT,ALL,cointelegraph,regulatory,3,0.7,0.7,0.8,18,-0.002274422434489609,-0.0022437483443659145,0.0,0.0
1778092253000,BTCUSDT,ALL,coindesk,regulatory,2,-0.2,0.2,0.8,18,0.0014966602747186197,-0.00014448901674424253,0.0,0.0
1778092894000,BTCUSDT,ALL,theblock,exchange,2,0.4,0.4,0.8,18,0.0007151516894752241,-0.0008890842505971941,0.0,0.0
1778094880000,BTCUSDT,BTC,cointelegraph,geopolitical,2,-0.3,0.3,0.7,19,0.003978644469323944,-0.0005703629663006415,0.0,0.0
1778095706000,BTCUSDT,ALL,coindesk,regulatory,3,-0.7,0.7,0.8,19,0.0009199152108110287,0.0014858654541880512,0.0,0.0
1778096707000,BTCUSDT,ALL,coindesk,influencer,3,-0.65,0.65,0.8,19,-0.0015122456313891863,-0.000743423633313367,0.0,0.0
1778098333000,BTCUSDT,ALL,coindesk,regulatory,2,-0.43,0.43,0.72,20,-0.002675643620046353,-0.0028726054833055903,0.0,0.0
1778098709000,BTCUSDT,ALL,coindesk,regulatory,3,0.7,0.7,0.8,20,-0.0024393937092259677,-0.004175587343574705,0.0,0.0
1778099434000,BTCUSDT,ALL,coindesk,regulatory,2,-0.3,0.3,0.8,20,0.002600444519590406,-0.0032223246742778544,0.0,0.0
1778100620000,BTCUSDT,ALL,decrypt,influencer,2,0.0,0.0,0.5,20,0.0013710352470515108,-0.005042030016387589,0.0,0.0
1778101436000,BTCUSDT,BTC,theblock,geopolitical,2,-0.45,0.45,0.8,21,-0.0013847449817564472,-0.0053642456023454965,0.0,0.0
1778102882000,BTCUSDT,ALL,decrypt,exchange,2,0.6,0.6,0.8,21,-0.0022123709184407314,-0.0042296192630896234,0.0,0.0
1778105619000,BTCUSDT,ALL,cointelegraph,influencer,2,0.4,0.4,0.7,22,-0.0006010885014279266,-0.005013702801087261,0.0,0.0
1778106798000,BTCUSDT,ALL,decrypt,regulatory,2,-0.4,0.4,0.7,22,0.0003414123179745765,-0.004181931933747829,0.0,0.0
1778110350000,ETHUSDT,ETH,theblock,exchange,3,0.7,0.7,0.8,23,-0.0020108123767205166,-0.010565285369209754,0.0006579584555704843,-0.006219173565575775
1778111531000,BTCUSDT,ALL,theblock,regulatory,3,-0.7,0.7,0.8,23,-0.005280120166473723,-0.007515315786300714,0.0,0.0
1778112893000,BTCUSDT,ALL,cointelegraph,regulatory,2,-0.45,0.45,0.8,0,-0.004028835836333289,-0.005698744497464103,0.0,0.0
1778113068000,BTCUSDT,ALL,coindesk,regulatory,3,-0.5,0.5,0.7,0,-0.0017287109711390247,-0.004404325468100212,0.0,0.0
1778114799000,BTCUSDT,BTC,coindesk,regulatory,2,0.2,0.2,0.8,0,0.0018773700083878353,-0.0004114885022656889,0.0,0.0
1778115980000,BTCUSDT,ALL,coindesk,influencer,2,0.4,0.4,0.7,1,-0.0026851003302093,-0.00042734868954408256,0.0,0.0
1778117526000,BTCUSDT,ALL,coindesk,regulatory,3,0.7,0.7,0.8,1,-0.0035812079922431517,-0.0024895308643371195,0.0,0.0
1778117607000,BTCUSDT,BTC,coindesk,influencer,3,0.7,0.7,0.8,1,-0.0035812079922431517,-0.0024895308643371195,0.0,0.0
1778129970000,BTCUSDT,BTC,theblock,influencer,2,-0.2,0.2,0.7,4,-0.000301277995853777,0.0006093387546108886,0.0,0.0
1778130330000,BTCUSDT,ALL,theblock,hack,3,-0.7,0.7,0.8,5,-0.00268304304222855,0.0007670416195895147,0.0,0.0
1778132252000,BTCUSDT,ALL,theblock,hack,3,-0.7,0.7,0.8,5,0.003571652776494627,-0.0022877373994683037,0.0,0.0
1778141699000,ETHUSDT,ETH,cointelegraph,hack,3,0.6,0.6,0.8,8,-0.0009155432722542933,-0.0014631579397709205,0.0017474220740600899,0.0035176781940003954
1778144335000,BTCUSDT,ALL,theblock,exchange,2,0.4,0.4,0.7,8,-0.0021315717762888653,-0.000359760509684115,0.0,0.0
1778148884000,BTCUSDT,ALL,cointelegraph,regulatory,3,-0.7,0.7,0.8,10,0.0003504270597944892,-0.005052876277856222,0.0,0.0
1778148894000,BTCUSDT,BTC,cointelegraph,influencer,2,-0.45,0.45,0.8,10,0.0003504270597944892,-0.005052876277856222,0.0,0.0
1778148904000,BTCUSDT,ALL,cointelegraph,regulatory,3,0.6,0.6,0.8,10,0.0023758663366337807,-0.0034974009900989866,0.0,0.0
1778154062000,BTCUSDT,BTC,theblock,exchange,2,-0.35,0.35,0.8,11,0.002391901320405898,-0.010320098277934897,0.0,0.0
1778156064000,BTCUSDT,ALL,cointelegraph,exchange,2,0.2,0.2,0.8,12,0.000747846561195864,-0.015315112315885893,0.0,0.0
1778157790000,BTCUSDT,ALL,decrypt,hack,2,-0.2,0.2,0.8,12,-0.009046489697002058,-0.014221798821485332,0.0,0.0
1778162427000,BTCUSDT,BTC,theblock,influencer,3,0.7,0.7,0.8,14,-0.002997019376104859,-0.004863495822071462,0.0,0.0
1778163247000,BTCUSDT,ALL,cointelegraph,hack,3,-0.8,0.8,0.9,14,-0.006013985614207407,-0.0036551699882096944,0.0,0.0
1778164238000,BTCUSDT,BTC,coindesk,influencer,3,0.6,0.6,0.8,14,-0.0021391448661395307,0.0011984102720878909,0.0,0.0
1778164601000,BTCUSDT,ALL,decrypt,exchange,2,-0.4,0.4,0.7,14,-0.0021211097650282174,-0.0001998951611019706,0.0,0.0
1778166517000,BTCUSDT,ALL,decrypt,regulatory,2,0.2,0.2,0.8,15,-0.0040014541215663835,0.00017515328407413655,0.0,0.0
1778168324000,BTCUSDT,BTC,theblock,influencer,3,0.8,0.8,0.7,15,-0.0010129792895066103,0.0019643120181283003,0.0,0.0
1778169064000,BTCUSDT,ALL,coindesk,exchange,2,-0.35,0.35,0.7,15,-0.001120907420557371,0.0031978718906084946,0.0,0.0
1778169244000,BTCUSDT,ALL,coindesk,exchange,2,0.4,0.4,0.8,15,-0.001120907420557371,0.0031978718906084946,0.0,0.0
1778170505000,BTCUSDT,BTC,cointelegraph,influencer,3,0.9,0.9,0.8,16,-0.0005250940126018122,0.0030229196778854828,0.0,0.0
1778170516000,BTCUSDT,BTC,cointelegraph,influencer,2,0.2,0.2,0.8,16,-0.0005250940126018122,0.0030229196778854828,0.0,0.0
1778172607000,BTCUSDT,ALL,decrypt,exchange,3,0.5,0.5,0.8,16,0.0036771432166080587,0.000988833735082295,0.0,0.0
1778173973000,BTCUSDT,ALL,decrypt,regulatory,2,0.0,0.0,0.0,17,0.00549390733653099,0.001732053244395182,0.0,0.0
1778174063000,BTCUSDT,ALL,cointelegraph,regulatory,3,-0.7,0.7,0.8,17,0.00549390733653099,0.001732053244395182,0.0,0.0
1778174067000,BTCUSDT,BTC,cointelegraph,exchange,2,-0.35,0.35,0.8,17,0.00549390733653099,0.001732053244395182,0.0,0.0
1778174427000,BTCUSDT,BTC,coindesk,influencer,3,0.7,0.7,0.8,17,0.0054612306083396955,0.002871974102917507,0.0,0.0
1778174963000,BTCUSDT,ALL,coindesk,exchange,2,-0.4,0.4,0.8,17,0.005131986314369064,0.0016466480758561275,0.0,0.0
1778176884000,BTCUSDT,ALL,coindesk,influencer,2,0.0,0.0,0.8,18,-0.00022966001705215788,-0.00573650781724,0.0,0.0
1778178700000,XRPUSDT,XRP,coindesk,market,2,-0.5,0.5,0.7,18,-0.003512041284403633,-0.008529243119266061,-0.002842014012199856,-0.003520864039372129
1778179236000,BTCUSDT,BTC,theblock,influencer,3,0.8,0.8,0.9,18,0.0009760971725656375,-0.002285303898455937,0.0,0.0
1778181332000,BTCUSDT,ALL,cointelegraph,regulatory,2,-0.4,0.4,0.8,19,0.0023162390340676353,-0.00037053321768387715,0.0,0.0
1778181348000,ETHUSDT,ETH,cointelegraph,exchange,3,0.8,0.8,0.7,19,0.0014360603931053983,-0.001130515628614548,-0.000880178640962237,-0.0007599824109306708
1778183144000,BTCUSDT,BTC,coindesk,influencer,3,0.8,0.8,0.7,19,-0.0014599765459495373,-0.0005856643018186114,0.0,0.0
1778184610000,BTCUSDT,ALL,theblock,regulatory,3,-0.7,0.7,0.8,20,-0.003175060399783103,-0.0002910472033135214,0.0,0.0
1778186246000,BTCUSDT,BTC,decrypt,influencer,2,-0.45,0.45,0.8,20,-0.0024172814805552,-0.0004376641240465551,0.0,0.0
1778187973000,BTCUSDT,ALL,coindesk,influencer,3,0.7,0.7,0.8,21,0.0003035365010159996,-0.0011304290830579378,0.0,0.0
1778188513000,BTCUSDT,BTC,cointelegraph,influencer,2,0.4,0.4,0.8,21,0.0010166930480983716,-0.0021251639292331204,0.0,0.0
1778188698000,ETHUSDT,ETH,coindesk,influencer,2,0.4,0.4,0.8,21,-0.0013925874186927478,-0.003020910638669272,-0.0024092804667911194,-0.0008957467094361515
1778190520000,BTCUSDT,ALL,coindesk,exchange,3,0.7,0.7,0.8,21,0.001511152362080992,-0.0004334944452178968,0.0,0.0
1778193962000,BTCUSDT,ALL,decrypt,macro,2,-0.7,0.7,0.8,22,0.0012769979324018799,-0.004980604772706343,0.0,0.0
1778197985000,BTCUSDT,ALL,coindesk,exchange,2,-0.4,0.4,0.8,23,-0.0021749618778591495,-0.005338974576906685,0.0,0.0
1778198175000,ETHUSDT,ETH,decrypt,influencer,2,-0.4,0.4,0.7,23,-0.002141916120645404,-0.00512576668382525,7.703394529468e-05,0.00013232415707442602
1778199446000,BTCUSDT,BTC,theblock,exchange,2,-0.2,0.2,0.8,0,-0.005425808945084598,-0.005224890034334795,0.0,0.0
1778199811000,BTCUSDT,ALL,theblock,exchange,2,-0.4,0.4,0.7,0,-0.0033961242244657797,-0.0036350626082299886,0.0,0.0
1778199992000,BTCUSDT,ALL,decrypt,exchange,3,-0.7,0.7,0.8,0,-0.0026249999999999885,-0.004285375000000036,0.0,0.0
1778202173000,BTCUSDT,ALL,decrypt,regulatory,3,0.8,0.8,0.7,1,-0.002659236161701717,-0.0019306062053355832,0.0,0.0
1778202904000,BTCUSDT,ALL,cointelegraph,influencer,2,0.2,0.2,0.8,1,-0.00261552968397194,-0.001052360156367227,0.0,0.0
1778206537000,BTCUSDT,ALL,cointelegraph,regulatory,2,-0.45,0.45,0.8,2,0.001325850499316772,0.0011219218856539648,0.0,0.0
1778206547000,BTCUSDT,ALL,cointelegraph,regulatory,2,-0.2,0.2,0.6,2,0.001325850499316772,0.0011219218856539648,0.0,0.0
1778210069000,BTCUSDT,BTC,cointelegraph,influencer,3,0.7,0.7,0.8,3,0.0019860981924031407,-0.0028868363905271144,0.0,0.0
1778224520000,BTCUSDT,ALL,cointelegraph,exchange,3,-0.6,0.6,0.8,7,0.0057881904970447096,0.012532859639060812,0.0,0.0
1778231705000,BTCUSDT,ALL,cointelegraph,hack,3,0.8,0.8,0.7,9,-0.0013321190581410125,-0.0031891600311777513,0.0,0.0
1778233606000,BTCUSDT,ALL,coindesk,exchange,2,-0.45,0.45,0.8,9,0.004202592318496956,-0.0036137761694848836,0.0,0.0
1778235332000,BTCUSDT,ALL,cointelegraph,exchange,2,-0.2,0.2,0.8,10,0.004853273321367313,0.004609051190135549,0.0,0.0
1778235342000,BTCUSDT,BTC,cointelegraph,exchange,3,-0.7,0.7,0.8,10,0.004853273321367313,0.004609051190135549,0.0,0.0
1778236053000,ETHUSDT,ETH,theblock,exchange,2,-0.4,0.4,0.7,10,0.002593154596617797,-0.0014824273326364823,-0.0009247817274469217,-0.0033529837297056053
1778238872000,BTCUSDT,ALL,cointelegraph,regulatory,2,-0.2,0.2,0.8,11,0.0009859629001693904,-0.004656427645357564,0.0,0.0
1778239513000,BTCUSDT,BTC,coindesk,macro,2,-0.5,0.5,0.8,11,-8.04854844552727e-05,-0.004875975107808239,0.0,0.0
1778240789000,BTCUSDT,ALL,theblock,exchange,2,0.0,0.0,0.8,11,-0.0017159158138383424,-0.0014004195651534657,0.0,0.0
1778241604000,ETHUSDT,ETH,coindesk,regulatory,2,0.4,0.4,0.8,12,-0.004915237235429859,-0.0010859752188304705,-0.001368253985585599,0.001522636179126624
1778241785000,BTCUSDT,ALL,theblock,regulatory,2,-0.45,0.45,0.8,12,-0.00354698324984426,-0.0026086113979570946,0.0,0.0
1778243866000,BTCUSDT,BTC,coindesk,macro,2,-0.45,0.45,0.7,12,-0.007847275111467322,-0.005425969114481344,0.0,0.0
1778244056000,BTCUSDT,BTC,coindesk,exchange,2,-0.2,0.2,0.8,12,-0.005790089134483423,-0.003897768485088382,0.0,0.0
1778245783000,BTCUSDT,ALL,theblock,regulatory,2,-0.45,0.45,0.8,13,0.002942170728971183,0.002122398418126892,0.0,0.0
1778246148000,BTCUSDT,ALL,decrypt,regulatory,2,-0.2,0.2,0.8,13,0.006480620092819356,0.00260516538341804,0.0,0.0
1778247239000,BTCUSDT,BTC,coindesk,macro,2,-0.45,0.45,0.8,13,0.006922000187437272,0.005318371485067974,0.0,0.0
1778249240000,BTCUSDT,ALL,theblock,influencer,3,0.8,0.8,0.7,14,-0.0003733391319339363,0.0034417514009288386,0.0,0.0
1778249701000,BTCUSDT,BTC,cointelegraph,macro,2,-0.4,0.4,0.8,14,-0.006876001579475544,0.0003710695812781939,0.0,0.0
1778250227000,BTCUSDT,ALL,decrypt,exchange,2,-0.4,0.4,0.8,14,-0.0044884177840253114,0.002081481892219017,0.0,0.0
1778250598000,BTCUSDT,ALL,coindesk,exchange,2,-0.2,0.2,0.8,14,-0.003239688530654039,0.0013928414364650088,0.0,0.0
1778253315000,ETHUSDT,ETH,cointelegraph,macro,2,-0.7,0.7,0.8,15,0.006551283234251359,0.017597511303270474,0.0031787483652769843,0.013465277824488364
1778253315000,ETHUSDT,ETH,cointelegraph,exchange,2,0.2,0.2,0.8,15,0.006551283234251359,0.017597511303270474,0.0031787483652769843,0.013465277824488364
1778256963000,BTCUSDT,ALL,cointelegraph,regulatory,2,-0.4,0.4,0.8,16,-0.0003249909405180773,0.0038580013419786674,0.0,0.0
1778256973000,BTCUSDT,BTC,cointelegraph,exchange,2,-0.2,0.2,0.8,16,-0.0003249909405180773,0.0038580013419786674,0.0,0.0
1778257323000,BTCUSDT,ALL,coindesk,regulatory,2,0.4,0.4,0.8,16,0.0006407754846777802,0.003870168855534706,0.0,0.0
1778257413000,BTCUSDT,ALL,coindesk,regulatory,2,-0.2,0.2,0.8,16,0.0006407754846777802,0.003870168855534706,0.0,0.0
1778259856000,BTCUSDT,BTC,theblock,macro,2,-0.3,0.3,0.7,17,0.004365320923436,0.0036833060832242026,0.0,0.0
1778260501000,BTCUSDT,ALL,cointelegraph,hack,3,-0.7,0.7,0.8,17,0.004237888650851618,0.003129758321515741,0.0,0.0
1778260512000,BTCUSDT,BTC,cointelegraph,hack,3,-0.5,0.5,0.8,17,0.004237888650851618,0.003129758321515741,0.0,0.0
1778260522000,BTCUSDT,ALL,cointelegraph,influencer,2,-0.45,0.45,0.8,17,0.004237888650851618,0.003129758321515741,0.0,0.0
1778261497000,BTCUSDT,BTC,decrypt,exchange,3,-0.8,0.8,0.9,17,0.0010276967711726481,0.0010880981357443975,0.0,0.0
1778265320000,BTCUSDT,ALL,decrypt,exchange,2,-0.2,0.2,0.8,18,-0.0006154147100458918,0.0019293307299530493,0.0,0.0
1778265500000,BTCUSDT,ALL,decrypt,regulatory,3,-0.7,0.7,0.8,18,-0.0006154147100458918,0.0019293307299530493,0.0,0.0
1778267587000,BTCUSDT,ALL,coindesk,regulatory,2,-0.35,0.35,0.8,19,0.0016938928437617573,0.0020760584488572764,0.0,0.0
1778267767000,BTCUSDT,BTC,cointelegraph,macro,2,-0.4,0.4,0.7,19,0.003098510208602967,0.0019669629689420542,0.0,0.0
1778270494000,BTCUSDT,ALL,coindesk,regulatory,3,0.7,0.7,0.8,20,-0.0006093668858930812,-0.000385204696753072,0.0,0.0
1778271305000,BTCUSDT,ALL,cointelegraph,regulatory,2,-0.4,0.4,0.7,20,-0.0010501994332586806,-0.0013039363856424124,0.0,0.0
1778272676000,BTCUSDT,ALL,theblock,regulatory,2,-0.2,0.2,0.6,20,-9.557670510329519e-05,-0.0006802519337147928,0.0,0.0
1778276028000,BTCUSDT,ALL,coindesk,regulatory,2,-0.45,0.45,0.8,21,0.0009631275241426263,0.0016774325608159835,0.0,0.0
1778276038000,BTCUSDT,ALL,decrypt,regulatory,2,0.4,0.4,0.8,21,0.0009631275241426263,0.0016774325608159835,0.0,0.0
1778276859000,BTCUSDT,ALL,decrypt,geopolitical,2,0.0,0.0,0.0,21,0.0007089368166293131,0.0023881748142466908,0.0,0.0
1778277310000,BTCUSDT,ALL,theblock,hack,2,-0.45,0.45,0.8,21,-0.0005574626719783149,0.0013810182030178364,0.0,0.0
1778278756000,BTCUSDT,BTC,decrypt,influencer,2,-0.4,0.4,0.6,22,-0.002010554196103187,0.0006410624985533353,0.0,0.0
1778283034000,BTCUSDT,BTC,decrypt,exchange,3,-0.5,0.5,0.8,23,0.0007442177128806904,0.002513918518392888,0.0,0.0
1778285121000,BTCUSDT,ALL,theblock,regulatory,2,-0.45,0.45,0.7,0,0.0019848692856727634,0.005133265428706846,0.0,0.0
1778287758000,BTCUSDT,ALL,decrypt,regulatory,3,-0.7,0.7,0.8,0,0.0023555678582392048,0.001801697828503146,0.0,0.0
1778289299000,BTCUSDT,ALL,cointelegraph,exchange,3,-0.7,0.7,0.8,1,0.001499950184318033,0.0015851350004980613,0.0,0.0
1778289300000,BTCUSDT,BTC,cointelegraph,regulatory,3,-0.7,0.7,0.8,1,0.001499950184318033,0.0015851350004980613,0.0,0.0
1778292931000,BTCUSDT,ALL,cointelegraph,regulatory,2,0.4,0.4,0.8,2,0.0009716117000853064,-0.0011855354230945192,0.0,0.0
1778293296000,BTCUSDT,ALL,coindesk,regulatory,2,-0.35,0.35,0.7,2,5.9058556870050793e-05,-0.0014963573303790056,0.0,0.0
1778293571000,BTCUSDT,ALL,theblock,regulatory,2,-0.35,0.35,0.8,2,-0.0007414964751565334,-0.0009843104617394127,0.0,0.0
1778296569000,BTCUSDT,BTC,cointelegraph,macro,2,-0.3,0.3,0.8,3,0.00044246682523896297,-0.0026914557431908515,0.0,0.0
1778303744000,BTCUSDT,ALL,cointelegraph,regulatory,3,0.8,0.8,0.7,5,-0.0016200159428166883,-0.00160435160325767,0.0,0.0
1778305735000,ETHUSDT,ETH,coindesk,regulatory,3,0.7,0.7,0.8,5,-0.000945947113349499,-0.0009200307540795372,0.001052801336208442,0.0008007888994924217
1778311364000,ETHUSDT,ETH,coindesk,regulatory,3,0.5,0.5,0.8,7,0.0012304636905278166,-0.0004317416457991774,-0.0007159855287677264,-0.0015811685087173677
1778325359000,BTCUSDT,BTC,cointelegraph,influencer,3,0.8,0.8,0.9,11,0.0006742273394517717,0.000519641709841423,0.0,0.0
1778336172000,ETHUSDT,ETH,cointelegraph,regulatory,2,-0.2,0.2,0.8,14,-0.00022521351974080783,0.00950227812137272,-0.0010636284101089855,0.0028243421160598636
1778342612000,BTCUSDT,ALL,decrypt,other,2,-0.4,0.4,0.7,16,0.0024646542173785146,0.0037819993610614944,0.0,0.0
1778345694000,BTCUSDT,ALL,coindesk,exchange,3,-0.5,0.5,0.8,16,0.0023279376957596742,0.0022386353812546833,0.0,0.0
1778350614000,BTCUSDT,BTC,coindesk,exchange,2,0.2,0.2,0.8,18,0.0003417245699965932,-0.001010332252009416,0.0,0.0
1778351339000,BTCUSDT,BTC,coindesk,regulatory,3,-0.7,0.7,0.8,18,-0.002734076110834094,-0.0033257146806335847,0.0,0.0
1778353056000,BTCUSDT,ALL,coindesk,regulatory,3,0.7,0.7,0.8,18,7.467646791181615e-05,-0.0015113330194614916,0.0,0.0
1778353336000,BTCUSDT,BTC,coindesk,other,2,-0.7,0.7,0.8,19,-0.0001332729360496998,-0.0021230947409855982,0.0,0.0
1778354146000,BTCUSDT,ALL,cointelegraph,regulatory,2,-0.45,0.45,0.8,19,-0.0013434349353912411,-0.002353051140287832,0.0,0.0
1778355427000,BTCUSDT,ALL,theblock,exchange,3,-0.5,0.5,0.8,19,-0.0004872292500825992,-0.0022012520270294766,0.0,0.0
1778356879000,BTCUSDT,ALL,coindesk,influencer,2,0.2,0.2,0.8,20,-0.00028549928248056133,-0.0025453825158706644,0.0,0.0
1778358335000,BTCUSDT,BTC,decrypt,regulatory,2,-0.2,0.2,0.8,20,0.0005245811338532302,-0.00029609855784773487,0.0,0.0
1778361327000,BTCUSDT,ALL,cointelegraph,geopolitical,2,-0.4,0.4,0.7,21,-0.000403437884797464,-0.002880125734015526,0.0,0.0
1778364965000,BTCUSDT,ALL,cointelegraph,regulatory,3,0.7,0.7,0.8,22,-0.001002811586559349,-0.0009626991230968773,0.0,0.0
1778367461000,BTCUSDT,ALL,theblock,regulatory,2,-0.45,0.45,0.8,22,-0.0014427934621099592,0.0006591134224862572,0.0,0.0
1778371444000,ETHUSDT,ETH,theblock,regulatory,2,0.0,0.0,0.8,0,-0.0011911673009524781,0.000860048592745466,-0.0009455989360088735,-0.00039989934329032195
1778375817000,BTCUSDT,BTC,cointelegraph,influencer,2,-0.2,0.2,0.8,1,0.0015187513101511119,0.0029373447133567154,0.0,0.0
1778386620000,BTCUSDT,ALL,cointelegraph,influencer,2,0.2,0.2,0.8,4,0.0005791041826626042,0.0008335534226395769,0.0,0.0
1778404603000,BTCUSDT,BTC,cointelegraph,influencer,3,-0.5,0.5,0.8,9,-0.00033144713232646783,0.0017233023912568424,0.0,0.0
1778415411000,BTCUSDT,BTC,cointelegraph,influencer,3,-0.7,0.7,0.8,12,0.0006532878198775016,0.004506647815329279,0.0,0.0
1778422581000,BTCUSDT,ALL,cointelegraph,macro,2,-0.6,0.6,0.8,14,0.0005957850156548261,0.005834639689712429,0.0,0.0
1778422596000,BTCUSDT,BTC,cointelegraph,macro,2,-0.6,0.6,0.7,14,0.0005957850156548261,0.005834639689712429,0.0,0.0
1778437027000,BTCUSDT,BTC,cointelegraph,influencer,2,0.2,0.2,0.8,18,0.0009341375869296176,-0.0009404036683361428,0.0,0.0
1778448655000,BTCUSDT,ALL,coindesk,regulatory,2,0.2,0.2,0.8,21,0.01438398078042269,0.008988688096224662,0.0,0.0
1778451392000,BTCUSDT,BTC,cointelegraph,influencer,3,0.8,0.8,0.9,22,0.01185244270239183,-0.0010334008739449896,0.0,0.0
1778472468000,BTCUSDT,BTC,theblock,influencer,2,0.4,0.4,0.7,4,0.002489211309523842,0.0013669394841269167,0.0,0.0
1778483280000,BTCUSDT,BTC,coindesk,influencer,2,0.2,0.2,0.8,7,-0.00012085192184907445,0.0024943044197998088,0.0,0.0
1778490636000,BTCUSDT,BTC,theblock,influencer,3,0.8,0.8,0.7,9,0.0026865973408629618,0.003883881256327548,0.0,0.0
1778491001000,BTCUSDT,ALL,cointelegraph,regulatory,2,-0.2,0.2,0.8,9,0.002637196368995509,0.004448422983510447,0.0,0.0
1778498266000,BTCUSDT,ALL,cointelegraph,regulatory,2,-0.45,0.45,0.7,11,0.0022651305966057134,-0.0009011465305427402,0.0,0.0
1778498277000,BTCUSDT,ALL,cointelegraph,regulatory,2,-0.45,0.45,0.8,11,0.0022651305966057134,-0.0009011465305427402,0.0,0.0
1778500813000,BTCUSDT,ALL,theblock,regulatory,2,-0.4,0.4,0.8,12,0.0017187915082357286,0.0055910341286684595,0.0,0.0
1778501804000,BTCUSDT,BTC,cointelegraph,influencer,3,0.5,0.5,0.8,12,-0.0003776729027994419,0.0065947026179460355,0.0,0.0
1778502360000,BTCUSDT,ALL,theblock,regulatory,3,0.7,0.7,0.8,12,-0.00406038058959346,0.00814021004031451,0.0,0.0
1778507889000,BTCUSDT,BTC,coindesk,influencer,2,-0.35,0.35,0.7,13,-0.0034220650338930847,0.009979083069356909,0.0,0.0
1778507899000,BTCUSDT,ALL,coindesk,influencer,3,-0.8,0.8,0.9,13,-0.0034220650338930847,0.009979083069356909,0.0,0.0
1778509265000,BTCUSDT,ALL,decrypt,regulatory,2,-0.2,0.2,0.8,14,0.007348358223113527,0.016008419070164814,0.0,0.0
1778512082000,BTCUSDT,BTC,theblock,influencer,3,0.8,0.8,0.9,15,0.009572123783255782,0.011190787258268164,0.0,0.0
1778512708000,BTCUSDT,BTC,coindesk,influencer,3,0.7,0.7,0.8,15,0.009784735087846386,0.012253742341642448,0.0,0.0
1778514234000,BTCUSDT,ALL,decrypt,regulatory,2,0.2,0.2,0.8,15,0.00574068048846943,0.009197916155018193,0.0,0.0
1778515060000,ETHUSDT,ETH,coindesk,influencer,2,0.2,0.2,0.8,15,-0.0015654284770739713,0.005116592255203445,-0.003608839153698251,-0.0032340542635125313
1778518968000,XRPUSDT,XRP,decrypt,exchange,3,0.6,0.6,0.8,17,0.007766196607398301,0.0032699775189044544,0.00016950346824429197,-0.0004047762010068734
1778519144000,BTCUSDT,ALL,theblock,regulatory,3,-0.7,0.7,0.8,17,0.005457066420150536,0.002590039571888969,0.0,0.0
1778519880000,BTCUSDT,ALL,cointelegraph,regulatory,3,0.7,0.7,0.8,17,0.003980432603080786,0.0008280927081523171,0.0,0.0
1778519880000,BTCUSDT,BTC,cointelegraph,influencer,3,0.7,0.7,0.8,17,0.003980432603080786,0.0008280927081523171,0.0,0.0
1778519970000,BTCUSDT,ALL,theblock,regulatory,2,-0.45,0.45,0.8,17,0.003980432603080786,0.0008280927081523171,0.0,0.0
1778521512000,BTCUSDT,ALL,coindesk,regulatory,2,-0.45,0.45,0.8,17,-0.00034650542142455887,-0.001112137160979354,0.0,0.0
1778521888000,BTCUSDT,ALL,decrypt,regulatory,2,-0.35,0.35,0.8,17,-0.001002305436747175,-0.0014633683784289753,0.0,0.0
1778522703000,ETHUSDT,ETH,decrypt,influencer,2,0.2,0.2,0.8,18,-0.001072241754204506,0.0005339849373529049,-0.0004989472261232031,0.001967404262832151
1778523429000,BTCUSDT,ALL,cointelegraph,geopolitical,3,-0.7,0.7,0.8,18,0.0014165049309162736,-0.0008835153536880247,0.0,0.0
1778526782000,ETHUSDT,ETH,decrypt,exchange,2,0.2,0.2,0.8,19,0.0006971263851645038,3.42147919099034e-05,-0.0003611727687091726,0.0026050328980711246
1778527882000,BTCUSDT,ALL,coindesk,exchange,3,-0.5,0.5,0.7,19,-0.0005864926530962933,-0.002133954433731877,0.0,0.0
1778530154000,BTCUSDT,ALL,decrypt,hack,2,0.0,0.0,0.8,20,-0.002247932528330776,-0.0036289937150912888,0.0,0.0
1778531245000,BTCUSDT,BTC,decrypt,exchange,2,-0.4,0.4,0.7,20,-0.003781171346404988,-0.003982846840036802,0.0,0.0
1778534242000,BTCUSDT,BTC,cointelegraph,macro,2,0.7,0.7,0.8,21,0.002263433435198081,-0.0032693494358251307,0.0,0.0
1778534878000,BTCUSDT,ALL,decrypt,exchange,3,0.8,0.8,0.9,21,0.0017255273145790895,-0.005508428259189069,0.0,0.0
1778535788000,BTCUSDT,ALL,coindesk,exchange,2,0.4,0.4,0.7,21,0.0011701784457902598,-0.0071462241039143,0.0,0.0
1778538695000,BTCUSDT,ALL,theblock,exchange,2,0.5,0.5,0.8,22,-0.0003543573110221798,-0.007875951953159266,0.0,0.0
1778539241000,BTCUSDT,ALL,theblock,regulatory,2,-0.35,0.35,0.8,22,-0.0009115868307230102,-0.007928483691393873,0.0,0.0
1778539876000,BTCUSDT,ALL,decrypt,hack,2,-0.2,0.2,0.8,22,-0.0010786480716065139,-0.007136282851903042,0.0,0.0
1778541778000,BTCUSDT,BTC,coindesk,influencer,3,-0.8,0.8,0.9,23,-0.0007234289035390473,-0.005560172868267599,0.0,0.0
1778543239000,BTCUSDT,ALL,decrypt,regulatory,2,0.2,0.2,0.8,23,-0.0024826934324942984,-0.008291667675742298,0.0,0.0
1778544415000,BTCUSDT,BTC,theblock,exchange,3,-0.7,0.7,0.8,0,-0.002706878384669986,-0.007533754808988213,0.0,0.0
1778549509000,BTCUSDT,ALL,decrypt,regulatory,2,0.0,0.0,0.8,1,0.003372036900481268,0.005100224361396011,0.0,0.0
1778566671000,BTCUSDT,BTC,cointelegraph,macro,2,0.6,0.6,0.8,6,-0.001990114387286801,-0.0064245656097997594,0.0,0.0
1778569668000,BTCUSDT,BTC,coindesk,influencer,2,0.2,0.2,0.8,7,-0.003103620442378552,-0.0060732929532533175,0.0,0.0
1778569678000,BTCUSDT,BTC,theblock,exchange,3,-0.7,0.7,0.8,7,-0.003103620442378552,-0.0060732929532533175,0.0,0.0
1778570304000,BTCUSDT,BTC,cointelegraph,exchange,2,-0.7,0.7,0.8,7,-0.002976947731755497,-0.006596770216962589,0.0,0.0
1778570749000,BTCUSDT,ALL,coindesk,regulatory,2,-0.35,0.35,0.7,7,-0.001983696188539996,-0.004896078005645177,0.0,0.0
1778573847000,ETHUSDT,ETH,cointelegraph,influencer,3,0.5,0.5,0.8,8,-0.0008746572436926225,0.0008352976677263868,0.000728240732543628,0.0015788820883592125
1778573857000,BTCUSDT,ALL,cointelegraph,hack,2,-0.4,0.4,0.8,8,-0.0016028979762362505,-0.0007435844206328257,0.0,0.0
1778575473000,BTCUSDT,BTC,coindesk,macro,2,0.4,0.4,0.8,8,-0.0002849535856825902,0.0005886898882008218,0.0,0.0
1778578660000,ETHUSDT,ETH,coindesk,exchange,2,-0.2,0.2,0.8,9,-0.0039276373147342225,-0.006054925893635543,-0.0009587246453264253,-0.004151688029062961
1778581117000,BTCUSDT,ALL,cointelegraph,influencer,3,-0.8,0.8,0.9,10,-0.0021630875651130754,0.0004775905168379335,0.0,0.0
1778584650000,BTCUSDT,ALL,cointelegraph,exchange,3,0.8,0.8,0.9,11,0.002897566255303241,-0.004279587470948254,0.0,0.0
1778584650000,BTCUSDT,ALL,cointelegraph,hack,2,-0.2,0.2,0.8,11,0.002897566255303241,-0.004279587470948254,0.0,0.0
1778587567000,BTCUSDT,ALL,coindesk,influencer,3,0.7,0.7,0.8,12,-0.00039909808286930915,-0.005521063001331372,0.0,0.0
1778588473000,BTCUSDT,ALL,theblock,exchange,2,-0.45,0.45,0.8,12,-0.0019637373642639178,-0.00656245367814412,0.0,0.0
1778591930000,BTCUSDT,BTC,cointelegraph,macro,2,-0.6,0.6,0.8,13,0.0011417989100683812,-0.0036217886208680383,0.0,0.0
1778592121000,BTCUSDT,ALL,decrypt,hack,3,-0.7,0.7,0.8,13,-0.00016191085555250506,-0.0029183625878312913,0.0,0.0
1778595473000,BTCUSDT,ALL,cointelegraph,exchange,3,-0.7,0.7,0.8,14,-0.006907709373967008,-0.003243268130091681,0.0,0.0
1778596929000,BTCUSDT,BTC,coindesk,influencer,2,-0.2,0.2,0.8,14,-0.003996130392236341,0.0003413630133917156,0.0,0.0
1778597840000,BTCUSDT,BTC,decrypt,influencer,2,-0.4,0.4,0.7,14,-0.001865638960534599,0.002937291199568648,0.0,0.0
1778598110000,BTCUSDT,BTC,coindesk,influencer,3,1.0,1.0,0.8,15,-0.003633841043632069,0.0016001894537025496,0.0,0.0
1778600202000,BTCUSDT,BTC,coindesk,exchange,3,-0.5,0.5,0.8,15,-0.0015574300786302953,0.004674280879864545,0.0,0.0
1778600927000,BTCUSDT,ALL,coindesk,macro,2,-0.7,0.7,0.8,15,-0.005529960450007199,0.004881571374778959,0.0,0.0
1778601743000,BTCUSDT,ALL,decrypt,hack,3,-0.8,0.8,0.9,16,-0.0035808918058228834,0.0055194215719862605,0.0,0.0
1778602099000,ETHUSDT,ETH,theblock,influencer,3,0.7,0.7,0.8,16,0.00109347442680785,0.007561728395061751,0.003302939311107367,0.0028269475290449986
1778602109000,BTCUSDT,ALL,theblock,regulatory,3,-0.6,0.6,0.8,16,-0.002209464884299517,0.004734780866016752,0.0,0.0
1778603740000,BTCUSDT,BTC,coindesk,other,2,-0.35,0.35,0.8,16,0.003299530148103136,0.005597201374390792,0.0,0.0
1778604561000,BTCUSDT,ALL,coindesk,regulatory,2,-0.35,0.35,0.8,16,0.007463424717196965,0.009128549347073855,0.0,0.0
1778606287000,BTCUSDT,BTC,cointelegraph,exchange,3,-0.7,0.7,0.8,17,0.0015221290705762502,0.0031041981911537064,0.0,0.0
1778606297000,BTCUSDT,ALL,cointelegraph,hack,3,-0.8,0.8,0.9,17,0.0015221290705762502,0.0031041981911537064,0.0,0.0
1778606307000,SOLUSDT,SOL,cointelegraph,influencer,3,-0.8,0.8,0.7,17,-0.000634719136782036,0.0026446630699248352,-0.002156848207358286,-0.0004595351212288712
1778608104000,BTCUSDT,ALL,theblock,regulatory,3,-0.7,0.7,0.8,17,0.0020294950130848033,-0.0002590395750906582,0.0,0.0
1778609915000,BTCUSDT,BTC,cointelegraph,macro,2,-0.45,0.45,0.8,18,0.0027802445810622967,0.0015782988196098025,0.0,0.0
1778609935000,BTCUSDT,BTC,cointelegraph,influencer,3,-0.5,0.5,0.8,18,0.0027802445810622967,0.0015782988196098025,0.0,0.0
1778610471000,BTCUSDT,ALL,coindesk,exchange,2,-0.35,0.35,0.7,18,0.0028191843540543715,0.0010808838450124814,0.0,0.0
1778610731000,BTCUSDT,BTC,coindesk,macro,2,0.5,0.5,0.8,18,0.0024818206636387785,0.001022261931352908,0.0,0.0
1778611196000,BTCUSDT,ALL,coindesk,regulatory,2,-0.45,0.45,0.8,18,0.0010432944899523289,-9.359402803144068e-05,0.0,0.0
1778616365000,BTCUSDT,BTC,decrypt,influencer,3,0.8,0.8,0.9,20,-0.0008245983890119435,-0.00379600030160987,0.0,0.0
1778617275000,BTCUSDT,ALL,decrypt,regulatory,2,-0.2,0.2,0.6,20,-0.0019079324227117,-0.0019248857721675394,0.0,0.0
1778620728000,BTCUSDT,ALL,theblock,exchange,3,-0.5,0.5,0.8,21,-1.3636932780780597e-06,0.004553495827718468,0.0,0.0
1778626012000,BTCUSDT,BTC,decrypt,exchange,3,-0.7,0.7,0.8,22,-0.0025606004857233744,0.00408962423912862,0.0,0.0
1778629370000,BTCUSDT,ALL,theblock,regulatory,2,0.2,0.2,0.8,23,0.00259654383093455,0.009732628546500699,0.0,0.0
1778630280000,BTCUSDT,ALL,theblock,exchange,2,0.7,0.7,0.8,23,0.003354044985708793,0.009428109854604072,0.0,0.0
1778631551000,BTCUSDT,ALL,cointelegraph,macro,2,-0.35,0.35,0.7,0,0.004072641137578881,0.006122158416781431,0.0,0.0
1778635720000,BTCUSDT,ALL,decrypt,hack,2,-0.2,0.2,0.7,1,-0.0006395463510848742,-0.0005828402366864216,0.0,0.0
1778649990000,ETHUSDT,ETH,theblock,hack,3,0.5,0.5,0.8,5,0.0010480311365266282,0.008988715183405382,0.0012048039696078705,0.006895039283546511
1778652792000,BTCUSDT,ALL,cointelegraph,exchange,2,0.4,0.4,0.8,6,-0.0024048688799396256,-0.00048126948688631543,0.0,0.0
1778656440000,BTCUSDT,BTC,cointelegraph,macro,2,0.8,0.8,0.7,7,0.0009086623297400731,-0.003979735977828525,0.0,0.0
1778656450000,BTCUSDT,ALL,cointelegraph,regulatory,2,-0.2,0.2,0.8,7,0.0009086623297400731,-0.003979735977828525,0.0,0.0
1778659978000,BTCUSDT,ALL,cointelegraph,regulatory,2,0.2,0.2,0.8,8,0.0020393949856574167,-0.00625305872228521,0.0,0.0
1778659993000,ETHUSDT,ETH,cointelegraph,hack,3,0.7,0.7,0.8,8,0.007588228906504346,0.0017374307742425987,0.0055488339208469295,0.007990489496527808
1778670782000,SOLUSDT,SOL,cointelegraph,exchange,2,-0.2,0.2,0.8,11,0.0020122855327260325,-0.03622113958907014,0.003388103257648045,-0.02015153896062094
1778674429000,BTCUSDT,ALL,cointelegraph,exchange,2,-0.3,0.3,0.8,12,-0.0028807182238117512,-0.020116102915611278,0.0,0.0
1778675961000,SOLUSDT,SOL,theblock,exchange,3,-0.7,0.7,0.8,12,-0.0016123831022251123,-0.0220359023970762,0.0022987470588343717,-0.009302181713867763
1778678062000,BTCUSDT,ALL,coindesk,exchange,2,0.5,0.5,0.8,13,-0.007333124865115059,-0.012453423106672079,0.0,0.0
1778678788000,BTCUSDT,ALL,coindesk,exchange,3,0.7,0.7,0.8,13,-0.004384697322735387,-0.009744492829147466,0.0,0.0
1778679063000,SOLUSDT,SOL,theblock,exchange,3,-0.7,0.7,0.8,13,-0.009580193756727695,-0.021959095801937667,-0.00835139682490238,-0.015268242059063852
1778681145000,BTCUSDT,ALL,theblock,exchange,2,0.4,0.4,0.8,14,-0.0034982136981297485,-0.0013632320253020858,0.0,0.0
1778681600000,BTCUSDT,BTC,cointelegraph,influencer,3,0.7,0.7,0.8,14,-0.004567867284831939,2.1828812929003405e-05,0.0,0.0
1778681600000,BTCUSDT,ALL,cointelegraph,regulatory,3,0.7,0.7,0.8,14,-0.004567867284831939,2.1828812929003405e-05,0.0,0.0
1778681700000,BTCUSDT,BTC,coindesk,macro,2,-0.2,0.2,0.6,14,-0.004567867284831939,2.1828812929003405e-05,0.0,0.0
1778684688000,BTCUSDT,BTC,theblock,exchange,3,-0.7,0.7,0.8,15,-0.01070179982360231,-0.0012729920450244014,0.0,0.0
1778685243000,BTCUSDT,ALL,cointelegraph,exchange,2,0.5,0.5,0.8,15,-0.005482749516207752,0.0014601677062977547,0.0,0.0
1778685253000,BTCUSDT,ALL,cointelegraph,regulatory,3,-0.8,0.8,0.9,15,-0.005482749516207752,0.0014601677062977547,0.0,0.0
1778688866000,BTCUSDT,BTC,coindesk,macro,2,-0.35,0.35,0.8,16,0.004916742077663461,0.010238745661148574,0.0,0.0
1778692424000,BTCUSDT,ALL,cointelegraph,regulatory,2,-0.35,0.35,0.8,17,0.0052068095838586625,0.001343001261034038,0.0,0.0
1778693059000,BTCUSDT,BTC,decrypt,influencer,3,0.7,0.7,0.8,17,0.005496018818138548,0.0010926238186192982,0.0,0.0
1778694330000,BTCUSDT,ALL,coindesk,exchange,2,-0.35,0.35,0.8,17,0.002178917641066036,0.0004234512193004303,0.0,0.0
1778694786000,BTCUSDT,BTC,theblock,macro,2,-0.7,0.7,0.8,17,0.001046092327017023,-0.0014642525803633122,0.0,0.0
1778695331000,BTCUSDT,ALL,coindesk,regulatory,2,-0.2,0.2,0.8,18,-0.001049150390450948,-0.003598720265173494,0.0,0.0
1778696057000,BTCUSDT,ALL,cointelegraph,regulatory,3,0.7,0.7,0.8,18,-0.0031361297857686043,-0.005299894998174737,0.0,0.0
1778698784000,BTCUSDT,ALL,decrypt,regulatory,2,0.2,0.2,0.8,18,0.0013870139981411178,-0.0020693931992934456,0.0,0.0
1778699600000,BTCUSDT,BTC,cointelegraph,macro,2,-0.3,0.3,0.7,19,0.0032349683644858906,-0.001415503157385145,0.0,0.0
1778700961000,BTCUSDT,ALL,coindesk,regulatory,2,-0.35,0.35,0.7,19,0.0025793917540204436,-0.002592974119180358,0.0,0.0
1778704054000,BTCUSDT,ALL,decrypt,regulatory,3,0.7,0.7,0.8,20,-0.002886908497552354,-0.0009024726998869692,0.0,0.0
1778709503000,BTCUSDT,ALL,theblock,macro,2,-0.35,0.35,0.7,21,5.165968063769455e-06,0.003161068458274574,0.0,0.0
1778709948000,ETHUSDT,ETH,coindesk,exchange,2,-0.35,0.35,0.7,22,0.0018661264799355592,0.002606371425658338,0.0022696050088708564,0.0004459227232811447
1778710414000,BTCUSDT,BTC,cointelegraph,regulatory,3,0.7,0.7,0.8,22,0.0007567117494506892,0.003819376436727806,0.0,0.0
1778712050000,BTCUSDT,ALL,decrypt,macro,2,0.8,0.8,0.7,22,-0.0016103077831082224,0.00012214564823387342,0.0,0.0
1778714047000,BTCUSDT,BTC,cointelegraph,influencer,2,0.4,0.4,0.8,23,0.0019503359969190726,-0.001378064365876619,0.0,0.0
1778714057000,BTCUSDT,ALL,cointelegraph,exchange,2,-0.3,0.3,0.7,23,0.0019503359969190726,-0.001378064365876619,0.0,0.0
1778718771000,BTCUSDT,BTC,decrypt,macro,2,-0.45,0.45,0.8,0,-0.0016131928238488635,-0.002577414471190087,0.0,0.0
1778721212000,BTCUSDT,ALL,cointelegraph,regulatory,3,0.7,0.7,0.8,1,-0.00021014947870867662,-0.0019623162919231163,0.0,0.0
1778742839000,BTCUSDT,ALL,cointelegraph,influencer,3,-0.7,0.7,0.8,7,0.0016840217178828443,-0.0023728370383400144,0.0,0.0
1778745926000,BTCUSDT,ALL,theblock,exchange,2,-0.3,0.3,0.7,8,-6.275276462874846e-05,-0.00600535189646112,0.0,0.0
1778746462000,BTCUSDT,ALL,cointelegraph,macro,2,0.6,0.6,0.8,8,-0.0001918927084276767,-0.006627939077321621,0.0,0.0
1778749739000,BTCUSDT,BTC,coindesk,exchange,3,-0.7,0.7,0.8,9,-0.0026713561748523684,0.0006479848772629193,0.0,0.0
1778753557000,BTCUSDT,ALL,theblock,regulatory,3,0.5,0.5,0.8,10,-0.0030226693303571084,0.005943274827184153,0.0,0.0
1778753647000,BTCUSDT,BTC,cointelegraph,exchange,2,-0.2,0.2,0.7,10,-0.0030226693303571084,0.005943274827184153,0.0,0.0
1778753658000,BTCUSDT,BTC,cointelegraph,macro,2,-0.5,0.5,0.8,10,-0.0030226693303571084,0.005943274827184153,0.0,0.0
1778757280000,BTCUSDT,ALL,cointelegraph,influencer,2,0.0,0.0,0.8,11,-0.0025883837272272503,0.0189032124834021,0.0,0.0
1778757290000,ETHUSDT,ETH,cointelegraph,regulatory,2,-0.4,0.4,0.7,11,-0.004796396508011003,0.012030813750259828,-0.0022080127807837524,-0.006872398733142271
1778757916000,BTCUSDT,BTC,theblock,exchange,3,-0.7,0.7,0.8,11,0.0034525851197981794,0.02073203026481729,0.0,0.0
1778764375000,BTCUSDT,ALL,theblock,regulatory,3,0.6,0.6,0.8,13,0.00544013879754246,0.02057262006929861,0.0,0.0
1778764466000,BTCUSDT,BTC,cointelegraph,exchange,2,-0.3,0.3,0.8,13,0.00544013879754246,0.02057262006929861,0.0,0.0
1778767088000,BTCUSDT,BTC,decrypt,macro,2,-0.5,0.5,0.8,13,0.015478723397589045,0.021380434732205966,0.0,0.0
1778767188000,BTCUSDT,ALL,coindesk,macro,2,-0.35,0.35,0.62,13,0.015478723397589045,0.021380434732205966,0.0,0.0
1778767458000,BTCUSDT,BTC,theblock,macro,2,-0.6,0.6,0.8,14,0.01404303559029052,0.024678640873945,0.0,0.0
1778768099000,BTCUSDT,ALL,cointelegraph,regulatory,2,0.4,0.4,0.8,14,0.00982175676549879,0.02061038283262917,0.0,0.0
1778768915000,BTCUSDT,BTC,coindesk,regulatory,2,0.0,0.0,0.8,14,0.010094953409299334,0.017577942446935557,0.0,0.0
1778770451000,BTCUSDT,ALL,coindesk,regulatory,2,0.4,0.4,0.8,14,0.0041546424158136475,0.007622320056172471,0.0,0.0
1778771642000,BTCUSDT,ALL,cointelegraph,exchange,3,-0.7,0.7,0.8,15,0.005467068908248773,0.007144392113211273,0.0,0.0
1778775095000,BTCUSDT,ALL,decrypt,regulatory,2,0.4,0.4,0.8,16,-0.00028750691606349577,-0.0017796702656590613,0.0,0.0
1778775286000,BTCUSDT,BTC,cointelegraph,regulatory,2,0.0,0.0,0.8,16,-0.00028750691606349577,-0.0017796702656590613,0.0,0.0
1778777187000,BTCUSDT,BTC,coindesk,macro,2,-0.45,0.45,0.8,16,0.006874738538694247,0.002678792722592638,0.0,0.0
1778778088000,BTCUSDT,ALL,coindesk,regulatory,2,-0.4,0.4,0.7,17,-0.002520351167546342,-0.006601140546461992,0.0,0.0
1778778909000,BTCUSDT,BTC,cointelegraph,exchange,3,-0.6,0.6,0.8,17,0.005985864784721295,-0.0013123084068399349,0.0,0.0
1778782452000,BTCUSDT,BTC,cointelegraph,exchange,2,0.2,0.2,0.8,18,-0.0035018882155855025,-0.0057398773887250565,0.0,0.0
1778782462000,BTCUSDT,ALL,cointelegraph,regulatory,2,0.2,0.2,0.7,18,-0.0035018882155855025,-0.0057398773887250565,0.0,0.0
1778782727000,BTCUSDT,ALL,coindesk,exchange,3,0.7,0.7,0.8,18,-0.0059199811568176886,-0.006022251796906075,0.0,0.0
1778783728000,BTCUSDT,ALL,decrypt,regulatory,2,0.2,0.2,0.8,18,-0.0011268344940373876,-0.00033505788394749825,0.0,0.0
1778783908000,BTCUSDT,ALL,theblock,regulatory,2,0.4,0.4,0.8,18,-0.0011268344940373876,-0.00033505788394749825,0.0,0.0
1778784264000,BTCUSDT,ALL,decrypt,influencer,3,-0.6,0.6,0.8,18,-0.0020253650585357885,-0.0006680112707438957,0.0,0.0
1778785179000,BTCUSDT,ALL,coindesk,regulatory,2,-0.4,0.4,0.7,18,-0.0013363821592491387,-0.003918396919462719,0.0,0.0
1778785269000,BTCUSDT,ALL,theblock,exchange,2,0.2,0.2,0.8,19,-0.0009543467191007737,-0.0050578293188445755,0.0,0.0
1778785280000,BTCUSDT,ALL,theblock,influencer,2,0.0,0.0,0.8,19,-0.0009543467191007737,-0.0050578293188445755,0.0,0.0
1778786806000,BTCUSDT,ALL,coindesk,exchange,3,0.7,0.7,0.8,19,-0.0030598923735755124,-0.001717967810256349,0.0,0.0
1778788442000,BTCUSDT,ALL,decrypt,regulatory,2,0.2,0.2,0.8,19,-9.457166038617792e-05,-0.004050000650947738,0.0,0.0
1778788998000,BTCUSDT,ALL,theblock,regulatory,2,0.4,0.4,0.8,20,-0.0016452421351231816,-0.00290661487904742,0.0,0.0
1778789713000,BTCUSDT,ALL,theblock,exchange,2,0.0,0.0,0.8,20,0.00044964581782647173,0.001718517782409723,0.0,0.0
1778793081000,BTCUSDT,BTC,decrypt,exchange,2,-0.4,0.4,0.7,21,0.001497358279627381,0.0031675549081602306,0.0,0.0
1778794357000,BTCUSDT,ALL,decrypt,regulatory,2,-0.2,0.2,0.8,21,0.0004361802295727024,-0.0008609466264638543,0.0,0.0
1778796899000,BTCUSDT,ALL,cointelegraph,hack,2,-0.45,0.45,0.8,22,-0.001954268159739092,-0.005546510292458562,0.0,0.0
1778799356000,BTCUSDT,BTC,decrypt,influencer,3,0.7,0.7,0.8,22,-0.00230163915560333,-0.0012399589147573664,0.0,0.0
1778804260000,BTCUSDT,ALL,decrypt,regulatory,2,-0.2,0.2,0.6,0,0.0003130825407127169,-0.005761578191382344,0.0,0.0
1778804896000,BTCUSDT,ALL,theblock,exchange,2,0.7,0.7,0.8,0,-0.0041564949445137556,-0.007834671355103184,0.0,0.0
1778805896000,BTCUSDT,ALL,decrypt,regulatory,2,-0.2,0.2,0.6,0,-0.0032612849396457255,-0.008189931075456403,0.0,0.0
1778811333000,BTCUSDT,ALL,cointelegraph,influencer,2,-0.35,0.35,0.8,2,0.003345439780663817,-0.00699453894712565,0.0,0.0
1778825694000,BTCUSDT,BTC,cointelegraph,influencer,2,0.2,0.2,0.8,6,0.004458242086402553,0.0015802309376866663,0.0,0.0
1778827596000,BTCUSDT,ALL,theblock,influencer,2,0.2,0.2,0.8,6,0.0029599734166965153,0.0018220184301307452,0.0,0.0
1778827691000,BTCUSDT,ALL,theblock,exchange,2,0.3,0.3,0.8,6,0.0029599734166965153,0.0018220184301307452,0.0,0.0
1778829327000,BTCUSDT,ALL,cointelegraph,exchange,2,-0.2,0.2,0.8,7,-0.00362262863668783,-0.003807900568669975,0.0,0.0
1778831779000,BTCUSDT,BTC,coindesk,macro,2,-0.45,0.45,0.8,7,-0.000952720265443241,-0.0021837716594222956,0.0,0.0
1778840136000,BTCUSDT,ALL,cointelegraph,exchange,2,-0.4,0.4,0.8,10,0.0007050872810894226,-0.016925322826676137,0.0,0.0
1778840136000,BTCUSDT,BTC,cointelegraph,exchange,2,0.2,0.2,0.8,10,0.0007050872810894226,-0.016925322826676137,0.0,0.0
1778840146000,BTCUSDT,ALL,cointelegraph,exchange,2,-0.6,0.6,0.8,10,0.0007050872810894226,-0.016925322826676137,0.0,0.0
1778840592000,BTCUSDT,ALL,theblock,regulatory,3,0.7,0.7,0.8,10,0.0014428854828107962,-0.0177647434652205,0.0,0.0
1778840682000,ETHUSDT,ETH,theblock,exchange,2,-0.35,0.35,0.8,10,0.0025549468828318656,-0.01819068952516123,0.0011120614000210693,-0.0004259460599407294
1778842769000,BTCUSDT,ALL,theblock,exchange,2,0.4,0.4,0.8,10,-0.001463099884283836,-0.018909555302211722,0.0,0.0
1778843769000,BTCUSDT,ALL,cointelegraph,influencer,3,-0.7,0.7,0.8,11,-0.0014392057767734778,-0.016648757239608236,0.0,0.0
1778843780000,BTCUSDT,ALL,cointelegraph,regulatory,3,-0.5,0.5,0.8,11,-0.0014392057767734778,-0.016648757239608236,0.0,0.0
1778851581000,BTCUSDT,ALL,coindesk,exchange,3,0.6,0.6,0.8,13,-0.0072616658304063275,-0.0033549924736578918,0.0,0.0
1778854308000,BTCUSDT,ALL,theblock,regulatory,3,-0.7,0.7,0.8,14,0.0005792290409714074,-0.00010968621412166257,0.0,0.0
1778854579000,BTCUSDT,ALL,cointelegraph,exchange,2,0.4,0.4,0.8,14,0.0009866127810052028,0.0019790351098762926,0.0,0.0
1778855490000,BTCUSDT,ALL,coindesk,regulatory,2,-0.35,0.35,0.8,14,-0.0004337956908195828,0.0013030292809563804,0.0,0.0
1778856936000,BTCUSDT,ALL,coindesk,exchange,3,0.5,0.5,0.7,14,0.0010970495069029251,-3.008385558722626e-05,0.0,0.0
1778857857000,BTCUSDT,ALL,decrypt,regulatory,2,0.4,0.4,0.7,15,-0.0011340716110085358,-0.002092292740844215,0.0,0.0
1778858038000,BTCUSDT,BTC,coindesk,exchange,2,0.4,0.4,0.8,15,-0.0011340716110085358,-0.002092292740844215,0.0,0.0
1778858118000,BTCUSDT,BTC,cointelegraph,influencer,2,-0.4,0.4,0.7,15,0.0004034917810316063,-0.0013212526363229893,0.0,0.0
1778858763000,BTCUSDT,ALL,decrypt,exchange,2,-0.35,0.35,0.7,15,0.002220601195842331,2.6909487097492857e-05,0.0,0.0
1778859584000,BTCUSDT,BTC,coindesk,exchange,2,0.2,0.2,0.8,15,0.0024067673214227536,0.00045682428853677237,0.0,0.0
1778861766000,BTCUSDT,ALL,cointelegraph,regulatory,2,-0.2,0.2,0.8,16,0.00042174243694970137,-0.0022166701769831265,0.0,0.0
1778861946000,XRPUSDT,XRP,coindesk,regulatory,2,0.2,0.2,0.8,16,0.004230529162910113,-0.005478882030654053,0.0038087867259604113,-0.0032622118536709266
1778861956000,BTCUSDT,BTC,theblock,exchange,2,-0.2,0.2,0.8,16,0.00042174243694970137,-0.0022166701769831265,0.0,0.0
1778862307000,BTCUSDT,ALL,theblock,regulatory,2,-0.2,0.2,0.8,16,0.0015445605011268349,-0.0020170172674880416,0.0,0.0
1778865214000,BTCUSDT,ALL,coindesk,exchange,2,-0.2,0.2,0.7,17,-0.0006645642316847056,-0.0009649301078504813,0.0,0.0
1778865214000,BTCUSDT,BTC,decrypt,exchange,3,0.7,0.7,0.8,17,-0.0006645642316847056,-0.0009649301078504813,0.0,0.0
1778865304000,BTCUSDT,ALL,cointelegraph,regulatory,3,0.7,0.7,0.8,17,0.00016590283287909457,-0.0025280011456876306,0.0,0.0
1778866941000,BTCUSDT,BTC,coindesk,macro,2,-0.7,0.7,0.8,17,-0.0017255361212900056,-0.0046341279135657665,0.0,0.0
1778867568000,BTCUSDT,BTC,decrypt,exchange,2,-0.4,0.4,0.7,17,-0.002214950918701275,-0.006122577397432716,0.0,0.0
1778868939000,BTCUSDT,ALL,cointelegraph,regulatory,3,0.5,0.5,0.8,18,-0.0023104061550329735,-0.003135245100943096,0.0,0.0
1778868954000,BTCUSDT,ALL,cointelegraph,exchange,2,0.7,0.7,0.8,18,-0.0023104061550329735,-0.003135245100943096,0.0,0.0
1778869925000,BTCUSDT,ALL,coindesk,geopolitical,3,-0.5,0.5,0.7,18,-0.0011023803239871288,-0.0019383121192195762,0.0,0.0
1778872572000,ETHUSDT,ETH,cointelegraph,macro,2,-0.6,0.6,0.8,19,-0.0012855203660587788,0.0001303499671878594,-0.000792048196827877,0.0006752412795002494
1778872593000,BTCUSDT,BTC,cointelegraph,macro,2,-0.7,0.7,0.8,19,-0.0004934721692309019,-0.00054489131231239,0.0,0.0
1778874574000,BTCUSDT,ALL,theblock,regulatory,2,-0.4,0.4,0.7,19,-0.00038109679049791456,-0.00024260803639120088,0.0,0.0
1778876121000,BTCUSDT,ALL,cointelegraph,regulatory,3,-0.7,0.7,0.8,20,0.00010958822382889366,0.0009172799773089491,0.0,0.0
1778877017000,BTCUSDT,BTC,decrypt,exchange,2,0.5,0.5,0.8,20,-0.00048684316763691893,0.0009174586660294359,0.0,0.0
1778883377000,BTCUSDT,ALL,cointelegraph,regulatory,2,-0.2,0.2,0.8,22,0.00028209097819686946,0.0011297547692465937,0.0,0.0
1778888926000,BTCUSDT,ALL,theblock,regulatory,2,-0.3,0.3,0.8,23,-0.000265164154052977,-0.00034984479428934456,0.0,0.0
1778890383000,BTCUSDT,BTC,decrypt,influencer,2,0.2,0.2,0.8,0,-0.0004539884476738587,-0.0010845700644767087,0.0,0.0
1778891834000,BTCUSDT,ALL,coindesk,regulatory,2,0.4,0.4,0.8,0,-0.001705677367898395,-0.0021635815713074713,0.0,0.0
1778894191000,BTCUSDT,ALL,cointelegraph,regulatory,2,-0.4,0.4,0.7,1,0.0008127613903199382,-0.0011082880047161847,0.0,0.0
1778897729000,BTCUSDT,ALL,cointelegraph,regulatory,2,0.0,0.0,0.8,2,3.8900033355604435e-05,-0.004393682988219738,0.0,0.0
1778909543000,BTCUSDT,BTC,coindesk,other,2,0.4,0.4,0.8,5,-0.0024587260412473055,-0.011009595080928025,0.0,0.0
1778912181000,BTCUSDT,BTC,cointelegraph,regulatory,2,0.8,0.8,0.7,6,-0.005279119739924454,-0.012339807607387177,0.0,0.0
1778933798000,ETHUSDT,ETH,cointelegraph,regulatory,3,0.7,0.7,0.8,12,-0.0014005666554928187,-0.00024337715652833491,-0.0003527630864710307,-0.0044739642227847876
1778933808000,BTCUSDT,BTC,cointelegraph,macro,2,-0.6,0.6,0.8,12,-0.001047803569021788,0.004230587066256453,0.0,0.0
1778937341000,BTCUSDT,ALL,cointelegraph,hack,3,-0.5,0.5,0.8,13,0.0013186387683392642,0.0053266792423714016,0.0,0.0
1778950905000,BTCUSDT,ALL,coindesk,hack,3,-0.7,0.7,0.8,17,-0.0011359558056848185,0.00027264983571373413,0.0,0.0
1778954533000,SOLUSDT,SOL,coindesk,exchange,2,0.5,0.5,0.8,18,0.0010381820279155018,-0.002537778290460202,0.0003215023869127531,-0.002512580023589339
1778962625000,BTCUSDT,BTC,cointelegraph,macro,2,-0.5,0.5,0.8,20,-0.0005916239233708653,-0.0013992314508912695,0.0,0.0
1778972984000,BTCUSDT,ALL,theblock,exchange,2,0.2,0.2,0.8,23,0.00014465875370905934,-0.0028833265118182183,0.0,0.0
1778984158000,BTCUSDT,ALL,cointelegraph,macro,2,-0.4,0.4,0.7,2,0.0016349425400723483,0.0025435293338049725,0.0,0.0
1779009417000,BTCUSDT,BTC,cointelegraph,influencer,2,0.4,0.4,0.8,9,0.004513847606515409,0.001313712664612332,0.0,0.0
1779015672000,BTCUSDT,ALL,coindesk,regulatory,2,0.4,0.4,0.7,11,-0.0006528946099101374,-0.004505253239489249,0.0,0.0
1779020231000,BTCUSDT,BTC,cointelegraph,macro,2,-0.5,0.5,0.8,12,-0.0023985028833419797,-0.00433696651289095,0.0,0.0
1779027411000,BTCUSDT,ALL,cointelegraph,regulatory,3,0.7,0.7,0.8,14,0.0006687146908770369,0.0008329446600132684,0.0,0.0
1779052671000,BTCUSDT,BTC,cointelegraph,influencer,3,0.7,0.7,0.8,21,-0.005307694269465313,-0.01880059167070469,0.0,0.0
1779053491000,BTCUSDT,ALL,coindesk,regulatory,3,0.5,0.5,0.8,21,-0.004430044598954352,-0.01953993208038851,0.0,0.0
1779054402000,BTCUSDT,ALL,theblock,regulatory,3,0.5,0.5,0.8,21,-0.00657988390301012,-0.017998375438093572,0.0,0.0
1779073383000,BTCUSDT,ALL,decrypt,exchange,2,0.7,0.7,0.8,3,-4.935619391011059e-05,-0.0004325161203174721,0.0,0.0
1779084742000,BTCUSDT,ALL,cointelegraph,exchange,3,0.6,0.6,0.8,6,0.00015867026249827276,-0.0007815063626255281,0.0,0.0
1779086373000,BTCUSDT,BTC,theblock,macro,2,-0.45,0.45,0.8,6,0.0018976833788368896,-0.0001204031226712532,0.0,0.0
1779087189000,BTCUSDT,BTC,coindesk,macro,2,-0.7,0.7,0.8,6,0.002095497586088735,-0.001921403693442847,0.0,0.0
1779089916000,BTCUSDT,ALL,coindesk,hack,3,-0.7,0.7,0.8,7,-0.00018071731913704703,0.005001491470038699,0.0,0.0
1779092008000,ETHUSDT,ETH,cointelegraph,exchange,2,0.8,0.8,0.9,8,-0.0011363529200970612,0.01165586895634707,5.2956462396891446e-05,0.00599499522233371
1779095536000,BTCUSDT,ALL,cointelegraph,regulatory,3,-0.5,0.5,0.8,9,-0.0019961130787529147,0.006477162030065431,0.0,0.0
1779098183000,BTCUSDT,BTC,coindesk,exchange,3,-0.7,0.7,0.8,9,-0.0014415570950145895,0.0010205771510143347,0.0,0.0
1779098819000,ETHUSDT,ETH,coindesk,exchange,2,0.0,0.0,0.8,10,-0.00029328981290943634,0.004962274415194479,3.9587312063660285e-05,0.00613502813600153
1779099179000,ETHUSDT,ETH,cointelegraph,macro,2,-0.5,0.5,0.8,10,-0.0002741007840229015,0.002027400626651188,-0.0011767145079460972,0.0039054468177033286
1779099189000,BTCUSDT,BTC,cointelegraph,geopolitical,2,0.3,0.3,0.8,10,0.0009026137239231957,-0.0018780461910521407,0.0,0.0
1779099269000,BTCUSDT,ALL,coindesk,regulatory,2,-0.45,0.45,0.8,10,0.0009026137239231957,-0.0018780461910521407,0.0,0.0
1779102812000,BTCUSDT,ALL,cointelegraph,exchange,2,-0.4,0.4,0.8,11,0.007962362061991302,-0.009418204459308077,0.0,0.0
1779102822000,ETHUSDT,ETH,cointelegraph,hack,3,-0.8,0.8,0.9,11,0.014233512808270676,-0.008797265804115328,0.006271150746279375,0.0006209386551927487
1779107898000,BTCUSDT,BTC,decrypt,regulatory,3,-0.7,0.7,0.8,12,-0.011659643296689226,-0.01627610348219688,0.0,0.0
1779111446000,BTCUSDT,ALL,coindesk,macro,2,-0.2,0.2,0.7,13,-0.00436527173406509,-0.0020775850443036648,0.0,0.0
1779112267000,BTCUSDT,BTC,coindesk,macro,2,-0.4,0.4,0.7,13,-0.007071305744777989,-0.0030064584722443444,0.0,0.0
1779113528000,BTCUSDT,ALL,cointelegraph,regulatory,2,-0.45,0.45,0.8,14,-0.006658550610544434,-0.003633562154259584,0.0,0.0
1779113538000,BTCUSDT,BTC,cointelegraph,macro,2,-0.7,0.7,0.8,14,-0.006658550610544434,-0.003633562154259584,0.0,0.0
1779113799000,BTCUSDT,ALL,theblock,regulatory,2,0.0,0.0,0.8,14,-0.007269674926952074,-0.005607435468814703,0.0,0.0
1779113899000,BTCUSDT,BTC,coindesk,regulatory,2,-0.35,0.35,0.8,14,-0.007269674926952074,-0.005607435468814703,0.0,0.0
1779114164000,BTCUSDT,BTC,decrypt,macro,2,-0.7,0.7,0.8,14,-0.007229488505337667,-0.003743655865491413,0.0,0.0
1779116896000,BTCUSDT,BTC,theblock,influencer,3,0.8,0.8,0.9,15,0.0029786839649348362,0.004427649454963323,0.0,0.0
1779117172000,BTCUSDT,BTC,cointelegraph,macro,2,-0.5,0.5,0.8,15,0.006491521199333716,0.006753636338434177,0.0,0.0
1779117182000,XRPUSDT,XRP,cointelegraph,influencer,3,0.8,0.8,0.7,15,0.005244373224561283,0.0050258576735378035,-0.0012471479747724334,-0.0017277786648963733
1779120975000,BTCUSDT,BTC,coindesk,macro,2,-0.45,0.45,0.8,16,0.00186005358439445,0.007854895949167107,0.0,0.0
1779122522000,BTCUSDT,ALL,coindesk,exchange,2,0.4,0.4,0.8,16,0.003174108090802763,0.005941852893611266,0.0,0.0
1779122612000,BTCUSDT,BTC,decrypt,macro,2,0.4,0.4,0.7,16,0.003174108090802763,0.005941852893611266,0.0,0.0
1779124168000,BTCUSDT,ALL,theblock,exchange,2,0.4,0.4,0.8,17,-0.001612821486731919,0.004653515057441382,0.0,0.0
1779124353000,BTCUSDT,BTC,cointelegraph,influencer,3,0.8,0.8,0.9,17,-0.0041564263707669635,0.0037392705983054775,0.0,0.0
1779125259000,BTCUSDT,BTC,coindesk,macro,2,-0.5,0.5,0.8,17,-0.0029340755169091626,0.005847789105767998,0.0,0.0
1779127716000,BTCUSDT,ALL,coindesk,influencer,3,0.7,0.7,0.8,18,0.0023778748789868853,0.009249195426358714,0.0,0.0
1779127987000,BTCUSDT,ALL,cointelegraph,regulatory,3,0.5,0.5,0.8,18,0.0036971121395348305,0.01090887132700602,0.0,0.0
1779128352000,ETHUSDT,ETH,decrypt,influencer,3,0.7,0.7,0.8,18,0.005770764960755903,0.02305439710315249,0.001630328506619927,0.01156803768737169
1779131075000,BTCUSDT,ALL,theblock,exchange,2,0.6,0.6,0.8,19,0.003915729054560835,0.006360499624955107,0.0,0.0
1779131620000,ETHUSDT,ETH,cointelegraph,macro,2,-0.7,0.7,0.8,19,0.009777338797373192,0.013120343417747371,0.004049750557304055,0.007673340183058874
1779133610000,BTCUSDT,ALL,decrypt,regulatory,3,0.6,0.6,0.8,19,0.0011087594729295436,0.0009874279472148473,0.0,0.0
1779133895000,ETHUSDT,ETH,theblock,influencer,2,-0.45,0.45,0.7,19,-0.0035104725961968564,0.00235756939771381,-0.0032754476377941932,0.0013973208536206538
1779134516000,BTCUSDT,ALL,coindesk,regulatory,3,0.6,0.6,0.8,20,-0.0008535861337798378,0.0012291172536798012,0.0,0.0
1779136528000,ETHUSDT,ETH,coindesk,influencer,2,-0.45,0.45,0.8,20,0.007223329516701238,0.0072374651909024035,0.0063946541798229894,0.004415447580836895
1779136618000,ETHUSDT,ETH,decrypt,influencer,3,0.6,0.6,0.8,20,0.007223329516701238,0.0072374651909024035,0.0063946541798229894,0.004415447580836895
1779137344000,BTCUSDT,ALL,decrypt,regulatory,2,-0.2,0.2,0.8,20,0.0008725415197654574,0.0027670101105441436,0.0,0.0
1779138790000,BTCUSDT,ALL,cointelegraph,regulatory,3,0.7,0.7,0.8,21,0.0029567762509736806,0.0004465314345263316,0.0,0.0
1779141437000,BTCUSDT,ALL,decrypt,geopolitical,3,-0.7,0.7,0.8,21,0.0003147009290873637,-0.007442994656178481,0.0,0.0
1779143334000,BTCUSDT,ALL,theblock,regulatory,3,0.7,0.7,0.8,22,-0.0013115180149895211,-0.00416513636778626,0.0,0.0
1779144615000,BTCUSDT,BTC,decrypt,exchange,3,-0.7,0.7,0.8,22,-0.000990552194900296,-0.005977693828425168,0.0,0.0
1779145151000,BTCUSDT,ALL,theblock,exchange,3,0.7,0.7,0.8,22,-0.0021214565641296534,-0.006824930316386757,0.0,0.0
1779149330000,BTCUSDT,ALL,coindesk,regulatory,3,0.7,0.7,0.8,0,2.8917444973908246e-05,-0.0029031558658064727,0.0,0.0
1779150882000,BTCUSDT,ALL,theblock,regulatory,3,-0.7,0.7,0.8,0,-0.004972778514404141,-0.004252089731843434,0.0,0.0
1779153239000,BTCUSDT,BTC,cointelegraph,macro,2,0.5,0.5,0.8,1,-0.0027934727952381166,-0.002897132004287206,0.0,0.0
1779153249000,BTCUSDT,ALL,cointelegraph,influencer,2,0.2,0.2,0.8,1,-0.0027934727952381166,-0.002897132004287206,0.0,0.0
1779153689000,BTCUSDT,ALL,coindesk,regulatory,2,0.3,0.3,0.8,1,0.0007989261848480034,0.0006810347455383781,0.0,0.0
1779156792000,BTCUSDT,ALL,cointelegraph,macro,2,-0.35,0.35,0.7,2,-4.2986672307954166e-05,0.002699041970363192,0.0,0.0
1779156802000,BTCUSDT,ALL,cointelegraph,regulatory,3,0.8,0.8,0.9,2,-4.2986672307954166e-05,0.002699041970363192,0.0,0.0
1779160425000,BTCUSDT,BTC,cointelegraph,macro,2,-0.8,0.8,0.9,3,0.00032371658424157346,0.005706660927916385,0.0,0.0
1779166235000,BTCUSDT,ALL,theblock,regulatory,3,0.7,0.7,0.8,4,-0.00020811870955994571,0.0015788943449819293,0.0,0.0
1779173866000,BTCUSDT,ALL,theblock,regulatory,3,0.7,0.7,0.8,6,0.002678522950658957,0.00040188885162395493,0.0,0.0
1779178415000,ETHUSDT,ETH,cointelegraph,influencer,3,0.8,0.8,0.7,8,-0.004586189952500042,-0.010637152818400941,-0.002057393880340319,-0.006157763815772821
1779179861000,BTCUSDT,ALL,coindesk,exchange,3,-0.7,0.7,0.8,8,-0.0050402922809834605,-0.0035882154794911747,0.0,0.0
1779181863000,BTCUSDT,BTC,coindesk,macro,2,-0.7,0.7,0.8,9,-0.0019721743280454174,-0.0023973082562803727,0.0,0.0
1779182034000,BTCUSDT,ALL,cointelegraph,regulatory,2,0.4,0.4,0.8,9,-0.0019721743280454174,-0.0023973082562803727,0.0,0.0
1779183681000,BTCUSDT,BTC,theblock,macro,2,-0.7,0.7,0.8,9,0.0007224883279082217,0.0004532800644641011,0.0,0.0
1779185577000,BTCUSDT,ALL,cointelegraph,regulatory,3,-0.8,0.8,0.9,10,0.0021357303520621596,-0.004094872267697669,0.0,0.0
1779185587000,ETHUSDT,ETH,cointelegraph,influencer,2,-0.45,0.45,0.8,10,0.0006195142251814723,-0.002927322941888688,-0.0015162161268806873,0.0011675493258089809
1779192124000,BTCUSDT,ALL,theblock,exchange,3,-0.7,0.7,0.8,12,0.0009325682426579718,-0.004579862309731508,0.0,0.0
1779193860000,BTCUSDT,ALL,theblock,regulatory,3,0.7,0.7,0.8,12,0.0006329547699390758,-0.0025048986693644304,0.0,0.0
1779196402000,BTCUSDT,BTC,cointelegraph,exchange,3,-0.8,0.8,0.9,13,-0.0036704617657952188,0.003335113432811454,0.0,0.0
1779196678000,BTCUSDT,BTC,decrypt,other,2,-0.7,0.7,0.8,13,-0.004583130345482411,0.0022356987489697833,0.0,0.0
1779200036000,BTCUSDT,ALL,cointelegraph,geopolitical,2,-0.7,0.7,0.8,14,0.001120899732563796,0.00618390915220135,0.0,0.0
1779200856000,BTCUSDT,BTC,decrypt,regulatory,3,-0.8,0.8,0.7,14,0.0037105826798744523,0.007196571595195156,0.0,0.0
1779202028000,BTCUSDT,BTC,theblock,influencer,3,0.7,0.7,0.8,14,0.0032347428878338746,0.007813000941614412,0.0,0.0
1779202673000,BTCUSDT,BTC,decrypt,exchange,2,0.2,0.2,0.8,14,7.291409817611338e-05,0.004516231292404971,0.0,0.0
1779210860000,BTCUSDT,BTC,cointelegraph,macro,2,-0.6,0.6,0.8,17,-0.0008415571599230676,-4.0772866566229915e-05,0.0,0.0
1779210870000,BTCUSDT,ALL,cointelegraph,regulatory,3,-0.5,0.5,0.8,17,-0.0008415571599230676,-4.0772866566229915e-05,0.0,0.0
1779211661000,BTCUSDT,ALL,decrypt,regulatory,2,0.4,0.4,0.8,17,0.0006505146086379643,0.003361600021049904,0.0,0.0
1779212667000,BTCUSDT,BTC,theblock,macro,2,-0.7,0.7,0.8,17,0.0005782129315330398,0.002330815117521645,0.0,0.0
1779214213000,BTCUSDT,BTC,decrypt,influencer,3,0.8,0.8,0.9,18,0.00040937167426124965,-0.0025334258469997817,0.0,0.0
1779216401000,ETHUSDT,ETH,coindesk,influencer,2,-0.45,0.45,0.8,18,-0.0023619555102060152,-0.004431028537146275,-0.001660926723138001,-0.0029762767056304984
1779218582000,BTCUSDT,BTC,decrypt,macro,2,-0.7,0.7,0.8,19,0.0014630273157016926,0.0011788318511904983,0.0,0.0
1779219488000,BTCUSDT,BTC,coindesk,regulatory,3,0.7,0.7,0.8,19,0.0007472970480399965,0.0004945558532025718,0.0,0.0
1779220489000,BTCUSDT,ALL,theblock,exchange,3,-0.5,0.5,0.8,19,0.00264896300043449,0.00020333580061326906,0.0,0.0
1779221116000,BTCUSDT,ALL,coindesk,regulatory,2,0.2,0.2,0.8,20,0.0007701188680941939,-0.00477847971309886,0.0,0.0
1779221666000,BTCUSDT,ALL,cointelegraph,regulatory,3,0.5,0.5,0.8,20,0.0009478015086317182,-0.0046346349963359845,0.0,0.0
1779225214000,BTCUSDT,ALL,cointelegraph,regulatory,3,-0.7,0.7,0.8,21,-0.0033322139816119867,-0.0015767016938050826,0.0,0.0
1779225840000,BTCUSDT,ALL,theblock,regulatory,3,-0.5,0.5,0.8,21,-0.004247258139863819,-0.005449628437966703,0.0,0.0
1779226486000,BTCUSDT,ALL,coindesk,influencer,3,0.8,0.8,0.7,21,-0.004050907446364049,-0.005515657009756092,0.0,0.0
1779477870000,BTCUSDT,ALL,theblock,influencer,2,0.2,0.2,0.6,19,-0.0037688414205649945,-0.007573875048502154,0.0,0.0
1779478325000,BTCUSDT,ALL,coindesk,regulatory,2,0.4,0.4,0.7,19,0.0017393999544970118,-0.0006969206369094039,0.0,0.0
1779479411000,BTCUSDT,ALL,theblock,exchange,2,0.2,0.2,0.8,19,0.0016349760164851013,-0.004230663571157756,0.0,0.0
1779481503000,BTCUSDT,ALL,decrypt,regulatory,2,-0.4,0.4,0.7,20,0.0011515693588803888,-0.006966691784554668,0.0,0.0
1779483320000,BTCUSDT,ALL,coindesk,regulatory,3,0.7,0.7,0.8,20,-0.0012956909329789879,-0.007026044598187231,0.0,0.0
1779484316000,BTCUSDT,ALL,cointelegraph,regulatory,2,-0.45,0.45,0.8,21,-0.002811950467270896,-0.007462499107332987,0.0,0.0
1779484957000,BTCUSDT,ALL,coindesk,regulatory,3,0.7,0.7,0.8,21,-0.0030585818044699398,-0.0074175376489653555,0.0,0.0
1779489040000,BTCUSDT,ALL,theblock,regulatory,2,-0.45,0.45,0.8,22,0.0004641412278101331,-0.0032669468327872764,0.0,0.0
1779489766000,BTCUSDT,ALL,coindesk,exchange,2,-0.35,0.35,0.7,22,-0.003399877976114185,-0.0027938506508953243,0.0,0.0
1779490042000,BTCUSDT,BTC,theblock,regulatory,3,-0.5,0.5,0.8,22,-0.0023123568558285346,-0.00238431679909501,0.0,0.0
1779490132000,BTCUSDT,BTC,coindesk,influencer,2,0.0,0.0,0.8,22,-0.0023123568558285346,-0.00238431679909501,0.0,0.0
1779490492000,BTCUSDT,ALL,decrypt,regulatory,2,-0.2,0.2,0.6,22,-0.0026145561671415685,-0.002184518320642148,0.0,0.0
1779491493000,BTCUSDT,BTC,cointelegraph,exchange,2,0.4,0.4,0.8,23,-0.0041532470960928825,-0.0021368796198522055,0.0,0.0
1779493765000,BTCUSDT,ALL,decrypt,regulatory,2,-0.4,0.4,0.8,23,-0.002511598176054064,0.0013150885802220014,0.0,0.0
1779495307000,BTCUSDT,ALL,decrypt,hack,3,-0.8,0.8,0.7,0,-0.00025903783674918746,0.0015595270273851547,0.0,0.0
1779502304000,BTCUSDT,ALL,cointelegraph,macro,2,-0.6,0.6,0.8,2,0.0012984092202286135,-0.0001238409283805808,0.0,0.0
1779509483000,ETHUSDT,ETH,cointelegraph,influencer,3,0.7,0.7,0.8,4,-0.0010539853215623118,-0.018406064766914643,-0.00034472333373158914,-0.006530788507319696
1779523912000,BTCUSDT,BTC,cointelegraph,influencer,3,-0.7,0.7,0.8,8,-0.0001767351948458451,0.00012933802895553903,0.0,0.0
1779538350000,BTCUSDT,BTC,cointelegraph,regulatory,3,0.7,0.7,0.8,12,0.00333638251367141,0.010909041741195002,0.0,0.0
1779542434000,BTCUSDT,BTC,coindesk,exchange,3,-0.7,0.7,0.8,13,0.004467914270561479,0.006491571119169759,0.0,0.0
1779545517000,BTCUSDT,ALL,cointelegraph,regulatory,3,-0.5,0.5,0.8,14,0.005686918054868206,0.0074985548773769395,0.0,0.0
1779552059000,BTCUSDT,ALL,coindesk,regulatory,3,0.7,0.7,0.8,16,-0.0007090748876282804,0.005896601100628285,0.0,0.0
1779556789000,BTCUSDT,ALL,coindesk,influencer,3,0.7,0.7,0.8,17,0.004845712328592766,0.020445329962802683,0.0,0.0
1779564241000,BTCUSDT,BTC,decrypt,macro,2,-0.7,0.7,0.8,19,0.0005788874722800763,0.008995861290293838,0.0,0.0
1779569506000,BTCUSDT,ALL,theblock,exchange,3,-0.7,0.7,0.8,20,-0.006244082166888876,-0.005853721904606091,0.0,0.0
1779573673000,BTCUSDT,BTC,coindesk,macro,2,0.7,0.7,0.8,22,-0.00022413244455254944,0.0020685339679236137,0.0,0.0
1779578588000,BTCUSDT,ALL,theblock,regulatory,3,-0.7,0.7,0.8,23,0.0006509712441380433,0.003523125789330228,0.0,0.0
1779580400000,BTCUSDT,BTC,coindesk,macro,2,0.7,0.7,0.8,23,0.001083359250135807,-2.6188239239499644e-05,0.0,0.0
1779581581000,BTCUSDT,BTC,cointelegraph,macro,2,-0.8,0.8,0.9,0,0.00135851264835396,0.0016457574284982623,0.0,0.0
1779613998000,BTCUSDT,ALL,cointelegraph,hack,3,-0.7,0.7,0.8,9,0.001284525357607258,0.0027397919375813373,0.0,0.0
1779624794000,BTCUSDT,BTC,cointelegraph,macro,2,-0.6,0.6,0.8,12,0.00014552629220410118,-0.005710026281633418,0.0,0.0
1779628347000,ETHUSDT,ETH,cointelegraph,influencer,3,0.8,0.8,0.9,13,-0.01631729114103131,-0.008828314744511734,-0.005349680813591662,-0.0020037097513518898
1779635612000,BTCUSDT,ALL,cointelegraph,regulatory,2,-0.45,0.45,0.8,15,0.0021289899115475297,0.0027942502369719957,0.0,0.0
1779642058000,BTCUSDT,ALL,coindesk,regulatory,3,-0.7,0.7,0.8,17,-0.00032852701782726257,-4.315176305580426e-05,0.0,0.0
1779646423000,ETHUSDT,ETH,cointelegraph,influencer,3,-0.8,0.8,0.9,18,-0.0019255455712452463,-0.003974706413730877,-0.0014438334959079313,-0.005524602312063975
1779656593000,ETHUSDT,ETH,theblock,influencer,2,-0.4,0.4,0.8,21,0.00032447392279433274,0.004337452879706216,-0.0022600501442169296,-0.0004510350368223115
1779657228000,BTCUSDT,ALL,cointelegraph,exchange,3,-0.5,0.5,0.8,21,0.0016586142387498004,0.006083627100568201,0.0,0.0
1779659676000,BTCUSDT,BTC,decrypt,influencer,3,0.8,0.8,0.9,21,0.008573082425292755,0.01042834027172801,0.0,0.0
1779660767000,BTCUSDT,BTC,cointelegraph,macro,2,0.2,0.2,0.6,22,0.0007274994262747025,0.005338118107814704,0.0,0.0
1779663680000,BTCUSDT,ALL,coindesk,exchange,2,0.8,0.8,0.7,23,0.003206698135674646,0.002099537116478034,0.0,0.0
1779666308000,BTCUSDT,ALL,theblock,regulatory,3,-0.65,0.65,0.8,23,0.0008821776132290626,-0.0009007211085535483,0.0,0.0
1779668040000,ETHUSDT,ETH,cointelegraph,influencer,3,0.8,0.8,0.9,0,0.0004608667144954115,-0.004846227307065409,-8.680261297677738e-05,-0.003499214768081571
1779693184000,BTCUSDT,ALL,cointelegraph,regulatory,2,-0.4,0.4,0.8,7,0.000983818642871448,0.002426795802356496,0.0,0.0
1779696823000,BTCUSDT,ALL,cointelegraph,influencer,2,0.4,0.4,0.8,8,0.0016551998480200947,0.0004563794252414599,0.0,0.0
1779699456000,BTCUSDT,BTC,coindesk,exchange,2,0.4,0.4,0.8,8,0.0016984011060077187,-0.000176155357660579,0.0,0.0
1779704010000,BTCUSDT,ALL,cointelegraph,hack,3,-0.7,0.7,0.8,10,-0.0025070811549500194,-0.0009545019451359105,0.0,0.0
1779707438000,BTCUSDT,ALL,coindesk,influencer,3,0.5,0.5,0.8,11,-0.000983761351738166,0.0033190646183218764,0.0,0.0
1779708990000,BTCUSDT,BTC,theblock,influencer,2,-0.2,0.2,0.8,11,-0.0014074291034859021,0.0024269535517413843,0.0,0.0
1779713625000,SOLUSDT,SOL,theblock,hack,3,-0.7,0.7,0.8,12,0.001630371491790017,0.0046582042622567155,0.001978448305996472,-9.453711731666203e-05
1779722063000,BTCUSDT,BTC,cointelegraph,regulatory,2,-0.2,0.2,0.6,15,-0.0021172669880107353,-0.0025727689862217185,0.0,0.0
1779725611000,BTCUSDT,BTC,cointelegraph,macro,2,-0.7,0.7,0.8,16,0.001541209854249992,-0.000386946988262582,0.0,0.0
1779725612000,BTCUSDT,ALL,cointelegraph,influencer,2,-0.4,0.4,0.7,16,0.001541209854249992,-0.000386946988262582,0.0,0.0
1779727694000,BTCUSDT,ALL,theblock,hack,2,-0.2,0.2,0.8,16,-0.0017607514323961793,-0.0052722163925161825,0.0,0.0
1779729250000,BTCUSDT,BTC,cointelegraph,influencer,3,-0.7,0.7,0.8,17,-0.0003129447469648605,-0.00414027188072974,0.0,0.0
1779729260000,BTCUSDT,BTC,cointelegraph,influencer,2,-0.45,0.45,0.8,17,-0.0003129447469648605,-0.00414027188072974,0.0,0.0
1779732243000,BTCUSDT,ALL,decrypt,influencer,2,0.0,0.0,0.8,18,-0.0026798117627055973,-0.003776724859134495,0.0,0.0
1779732879000,BTCUSDT,ALL,cointelegraph,influencer,2,0.4,0.4,0.7,18,-0.0016821858986754146,-0.0035452409198611923,0.0,0.0
1779732879000,ETHUSDT,ETH,cointelegraph,influencer,3,-0.7,0.7,0.8,18,-0.003003623120389043,-0.008475848992847812,-0.0013214372217136283,-0.00493060807298662
1779735152000,ETHUSDT,ETH,coindesk,influencer,2,0.2,0.2,0.8,18,-0.0025483696546536594,-0.010926957707407592,-0.0012390381951959961,-0.005418041989381894
1779735787000,ETHUSDT,ETH,decrypt,influencer,2,-0.2,0.2,0.6,19,-0.0007205662803236867,-0.006956054876067319,-0.001004701218588866,-0.004900338597718434
1779736423000,BTCUSDT,ALL,cointelegraph,hack,3,-0.5,0.5,0.8,19,6.955322441126732e-05,-0.0029607220424749947,0.0,0.0
1779743325000,BTCUSDT,ALL,cointelegraph,influencer,2,-0.4,0.4,0.7,21,0.0005957704563261945,-0.006811353531274378,0.0,0.0
1779746869000,BTCUSDT,ALL,decrypt,influencer,2,-0.45,0.45,0.7,22,-0.001577354307882528,-0.008501694267137538,0.0,0.0
1779750497000,ETHUSDT,ETH,decrypt,influencer,2,0.4,0.4,0.8,23,0.0009388869921473919,-0.011095937179924964,0.001637719898495149,-0.0017763967715714868
1779779362000,ETHUSDT,ETH,cointelegraph,hack,3,0.5,0.5,0.8,7,0.0021728022463431973,0.01534332663186988,0.0006855839900219429,0.007679536027610068
1779782365000,BTCUSDT,ALL,coindesk,geopolitical,2,-0.2,0.2,0.8,7,-0.0002181654682119616,0.0063761920742335665,0.0,0.0
1779782730000,BTCUSDT,ALL,theblock,exchange,2,0.7,0.7,0.8,8,-0.0013502337614174076,0.0033783840974261903,0.0,0.0
1779786549000,BTCUSDT,BTC,cointelegraph,macro,2,-0.7,0.7,0.8,9,0.0002989943202815759,0.005167659793752666,0.0,0.0
1779787090000,BTCUSDT,ALL,coindesk,macro,2,0.0,0.0,0.8,9,0.003752911499924183,0.0027849441622023186,0.0,0.0
1779790168000,BTCUSDT,ALL,cointelegraph,hack,2,-0.4,0.4,0.8,10,0.007226643081028161,0.009102978816594387,0.0,0.0
1779793801000,BTCUSDT,ALL,cointelegraph,influencer,2,-0.35,0.35,0.8,11,-0.0031936301766165576,-0.005808658231640118,0.0,0.0
1779797535000,BTCUSDT,BTC,coindesk,macro,2,-0.2,0.2,0.6,12,-0.0013741219193533771,-0.007628718979414972,0.0,0.0
1779804627000,ETHUSDT,ETH,cointelegraph,macro,2,-0.8,0.8,0.8,14,-0.0113591062794004,-0.024913118313862115,-0.002737906230333209,-0.006765477376905582
1779805243000,BTCUSDT,BTC,coindesk,macro,2,-0.7,0.7,0.8,14,-0.016860274197520675,-0.023828734299318532,0.0,0.0
1779806529000,BTCUSDT,BTC,theblock,geopolitical,2,-0.35,0.35,0.7,14,-0.006963287307634847,-0.01321546244180627,0.0,0.0
1779808161000,BTCUSDT,ALL,cointelegraph,regulatory,2,0.4,0.4,0.8,15,-0.008050446903480335,-0.014409187830422443,0.0,0.0
1779809162000,BTCUSDT,BTC,coindesk,macro,2,-0.7,0.7,0.8,15,0.0022218817741193053,-0.006580475150130605,0.0,0.0
1779809342000,BTCUSDT,ALL,decrypt,geopolitical,2,0.2,0.2,0.8,15,0.0022218817741193053,-0.006580475150130605,0.0,0.0
1779810433000,BTCUSDT,BTC,coindesk,influencer,2,0.0,0.0,0.8,15,0.002943135255638385,-0.002842077213324967,0.0,0.0
1779811249000,BTCUSDT,ALL,theblock,exchange,2,0.4,0.4,0.7,16,0.00136844014957882,-0.004738920533286062,0.0,0.0
1779812616000,BTCUSDT,ALL,theblock,regulatory,2,-0.2,0.2,0.8,16,-0.00621603088249445,-0.0050183139128909815,0.0,0.0
1779812966000,ETHUSDT,ETH,coindesk,influencer,3,0.6,0.6,0.8,16,-0.009626608638007794,-0.003271317606029611,-0.00034484336512241587,0.004156783730383751
1779813977000,ETHUSDT,ETH,theblock,influencer,2,0.4,0.4,0.8,16,-0.004049537092701727,-0.0008127930744259437,0.0023166024471906743,0.004839129176389623
1779815420000,ETHUSDT,ETH,cointelegraph,macro,2,-0.35,0.35,0.8,17,0.0018600347913244608,-0.0008288237930252906,0.00451444636334819,0.003679836881485321
1779817061000,BTCUSDT,BTC,decrypt,exchange,3,-0.5,0.5,0.8,17,-0.0014619273476693673,-0.00036577777362734043,0.0,0.0
1779817232000,BTCUSDT,ALL,theblock,regulatory,3,-0.7,0.7,0.8,17,-0.002171399762052273,-0.001543099395331482,0.0,0.0
1779820515000,BTCUSDT,ALL,decrypt,regulatory,3,-0.8,0.8,0.7,18,0.0014277129905679864,-0.001506876705609117,0.0,0.0
1779820790000,BTCUSDT,ALL,coindesk,regulatory,3,-0.5,0.5,0.8,18,0.0014277129905679864,-0.001506876705609117,0.0,0.0
1779826146000,BTCUSDT,ALL,cointelegraph,regulatory,3,-0.7,0.7,0.8,20,-0.002883512935409227,-0.0017621905869620313,0.0,0.0
1779826156000,BTCUSDT,BTC,cointelegraph,macro,2,-0.45,0.45,0.8,20,-0.002883512935409227,-0.0017621905869620313,0.0,0.0
1779827693000,BTCUSDT,ALL,coindesk,regulatory,3,-0.7,0.7,0.8,20,-0.0003455608124570686,-0.001849565596659608,0.0,0.0
1779830235000,BTCUSDT,ALL,decrypt,regulatory,3,-0.7,0.7,0.8,21,-0.0030058336929871254,-0.0020805772842317216,0.0,0.0
1779832323000,BTCUSDT,ALL,theblock,regulatory,3,-0.7,0.7,0.8,21,-0.0018576887600474379,-0.00016550270127813071,0.0,0.0
1779833414000,BTCUSDT,ALL,cointelegraph,regulatory,3,-0.8,0.8,0.9,22,0.0019132316461709653,-0.0010079432100068564,0.0,0.0
1779833775000,BTCUSDT,ALL,decrypt,regulatory,3,-0.7,0.7,0.8,22,0.0013502448621691698,-0.000489222977225312,0.0,0.0
1779841222000,BTCUSDT,BTC,decrypt,hack,2,-0.2,0.2,0.6,0,-0.0007212723048553027,-0.005611490630307969,0.0,0.0
1779843044000,BTCUSDT,ALL,coindesk,influencer,3,0.7,0.7,0.8,0,-0.0027281326505705916,-0.006650455851947679,0.0,0.0
1779844221000,BTCUSDT,ALL,theblock,regulatory,3,0.7,0.7,0.8,1,-0.002362075965132493,-0.003595689441957761,0.0,0.0
1779851393000,BTCUSDT,BTC,cointelegraph,influencer,2,0.4,0.4,0.8,3,-0.0034294251423799826,-0.0012495673028967147,0.0,0.0
1779862470000,BTCUSDT,ALL,theblock,influencer,3,0.7,0.7,0.8,6,0.0012247459691991924,0.003275056552892508,0.0,0.0
1779871549000,BTCUSDT,BTC,coindesk,macro,2,-0.5,0.5,0.8,8,0.0005459943218171226,-0.0011585411738100904,0.0,0.0
1779873001000,BTCUSDT,BTC,cointelegraph,exchange,2,-0.4,0.4,0.7,9,0.003250018354225226,-0.0035019598087357995,0.0,0.0
1779873263000,BTCUSDT,ALL,coindesk,influencer,3,0.5,0.5,0.8,9,0.003250018354225226,-0.0035019598087357995,0.0,0.0
1779877818000,BTCUSDT,ALL,theblock,regulatory,2,-0.4,0.4,0.7,10,-0.000263400621936527,-0.010620223475465207,0.0,0.0
1779882169000,BTCUSDT,BTC,coindesk,exchange,3,-0.7,0.7,0.8,11,0.0003277599625370886,-0.005926728758970712,0.0,0.0
1779883176000,SOLUSDT,SOL,theblock,hack,3,-0.7,0.7,0.8,11,0.0007160759040456544,0.008234872896526912,0.0021842643190067568,0.01489148762524728
1779886174000,BTCUSDT,BTC,theblock,exchange,3,-0.5,0.5,0.8,12,-0.010455852860460246,-0.006765093941313083,0.0,0.0
1779886890000,BTCUSDT,ALL,coindesk,exchange,2,0.4,0.4,0.8,13,-0.006475653624244404,-0.005137534634953256,0.0,0.0
1779889627000,BTCUSDT,ALL,theblock,exchange,2,0.6,0.6,0.8,13,0.001456542460999577,-0.0013658752261515028,0.0,0.0
1779891064000,BTCUSDT,ALL,cointelegraph,regulatory,3,-0.5,0.5,0.8,14,0.0007327781177659531,-0.004337067291062424,0.0,0.0
1779891340000,BTCUSDT,BTC,decrypt,exchange,2,-0.3,0.3,0.7,14,0.006942841880341888,-0.00018295940170931502,0.0,0.0
1779894078000,BTCUSDT,BTC,coindesk,exchange,2,0.6,0.6,0.8,15,0.002156266766784709,-0.0013219049597065213,0.0,0.0
1779895169000,BTCUSDT,ALL,decrypt,regulatory,2,-0.4,0.4,0.7,15,-0.004463137076610835,-0.004186080932754854,0.0,0.0
1779895805000,BTCUSDT,BTC,decrypt,influencer,3,-0.7,0.7,0.8,15,-0.004396636337108961,-0.0045095100405868616,0.0,0.0
1779898168000,BTCUSDT,BTC,coindesk,macro,2,-0.7,0.7,0.8,16,-0.004276120929417093,0.0002540835327837776,0.0,0.0
1779898258000,BTCUSDT,ALL,cointelegraph,regulatory,2,-0.2,0.2,0.6,16,-0.0019872449944110526,0.0038514770341204763,0.0,0.0
1779898266000,SOLUSDT,SOL,decrypt,regulatory,2,-0.3,0.3,0.7,16,-0.008555133079847899,-0.000950570342205248,-0.006567888085436846,-0.004802047376325724
1779898621000,BTCUSDT,ALL,coindesk,regulatory,3,0.7,0.7,0.8,16,-0.0002681734470719732,0.0031601303219042087,0.0,0.0
1779900339000,BTCUSDT,ALL,coindesk,regulatory,3,0.8,0.8,0.9,16,-0.005076697087617488,-0.0004152538162568442,0.0,0.0
1779901346000,BTCUSDT,ALL,theblock,regulatory,3,0.7,0.7,0.8,17,-0.004491284400311213,0.0005863869048690074,0.0,0.0
1779901356000,BTCUSDT,ALL,theblock,exchange,2,0.4,0.4,0.7,17,-0.004491284400311213,0.0005863869048690074,0.0,0.0
1779901891000,BTCUSDT,ALL,coindesk,exchange,3,0.7,0.7,0.8,17,-0.0016643818156182322,0.0025585351625836417,0.0,0.0
1779901901000,BTCUSDT,ALL,coindesk,regulatory,2,-0.4,0.4,0.8,17,-0.0016643818156182322,0.0025585351625836417,0.0,0.0
1779904800000,BTCUSDT,ALL,decrypt,regulatory,3,0.7,0.7,0.8,18,0.0024679722596550047,-0.0027132067170199115,0.0,0.0
1779905440000,BTCUSDT,ALL,cointelegraph,regulatory,3,-0.7,0.7,0.8,18,0.0021913415285943483,-0.004506948156066337,0.0,0.0
1779905450000,BTCUSDT,ALL,cointelegraph,regulatory,3,0.7,0.7,0.8,18,0.0021913415285943483,-0.004506948156066337,0.0,0.0
1779905460000,BTCUSDT,BTC,cointelegraph,exchange,2,0.4,0.4,0.8,18,0.0021913415285943483,-0.004506948156066337,0.0,0.0
1779906257000,BTCUSDT,ALL,decrypt,regulatory,2,-0.2,0.2,0.6,18,0.0018207426889265133,-0.003971777019765477,0.0,0.0
1779907428000,BTCUSDT,BTC,decrypt,exchange,2,0.7,0.7,0.8,18,-0.00022403581585894727,-0.0059477508471019735,0.0,0.0
1779908800000,BTCUSDT,BTC,coindesk,regulatory,2,0.0,0.0,0.8,19,0.0034740150417176263,-0.007907808019362417,0.0,0.0
1779912607000,BTCUSDT,BTC,cointelegraph,macro,2,-0.5,0.5,0.8,20,-0.003272666701501392,-0.01169629886421475,0.0,0.0
1779915881000,BTCUSDT,BTC,coindesk,influencer,2,0.4,0.4,0.8,21,-0.008216579236906552,-0.008755925289795408,0.0,0.0
1779916246000,BTCUSDT,ALL,cointelegraph,regulatory,3,0.7,0.7,0.8,21,-0.008700104328869807,-0.010722548940165999,0.0,0.0
1779919870000,BTCUSDT,ALL,coindesk,regulatory,3,0.7,0.7,0.8,22,0.00010818399870071715,-0.002958416272161979,0.0,0.0
1779922878000,BTCUSDT,ALL,theblock,exchange,2,0.4,0.4,0.8,23,0.0013618410446556428,-0.002374254393035624,0.0,0.0
1779923424000,BTCUSDT,BTC,cointelegraph,exchange,3,-0.7,0.7,0.8,23,0.00014279816767404085,-0.010484257575684164,0.0,0.0
1779923434000,ETHUSDT,ETH,cointelegraph,macro,2,-0.4,0.4,0.8,23,-0.001296735480753597,-0.019894781995592137,-0.0014395336484276378,-0.009410524419907973
1779923504000,BTCUSDT,ALL,theblock,regulatory,2,-0.2,0.2,0.8,23,0.00014279816767404085,-0.010484257575684164,0.0,0.0
1779926057000,BTCUSDT,ALL,theblock,regulatory,3,0.8,0.8,0.7,23,0.0016301026336043023,-0.016001359314325447,0.0,0.0
1779926057000,ETHUSDT,ETH,decrypt,influencer,3,-0.7,0.7,0.8,23,0.0016742063570456267,-0.02137946701961635,4.4103723441324405e-05,-0.005378107705290902
1779926968000,BTCUSDT,BTC,decrypt,influencer,2,0.0,0.0,0.8,0,0.0006616804399199872,-0.018132328026902456,0.0,0.0
1779927059000,BTCUSDT,ALL,cointelegraph,influencer,3,0.6,0.6,0.8,0,-0.002290617191840205,-0.020498407168947352,0.0,0.0
1779927970000,BTCUSDT,ALL,coindesk,regulatory,2,0.4,0.4,0.8,0,-0.0025937563926718976,-0.019471818587290746,0.0,0.0
1779930684000,BTCUSDT,BTC,cointelegraph,macro,2,-0.7,0.7,0.8,1,-0.0009200989365265588,-0.01848563631546174,0.0,0.0
1779941590000,BTCUSDT,ALL,coindesk,regulatory,3,-0.7,0.7,0.8,4,-0.00024043128028772287,0.0060957206931051555,0.0,0.0
1779945039000,BTCUSDT,BTC,cointelegraph,macro,2,-0.6,0.6,0.8,5,0.00025652170814960407,0.005480821987637663,0.0,0.0
1779945399000,BTCUSDT,ALL,theblock,regulatory,2,0.4,0.4,0.7,5,-0.0010683634867812986,0.005086982205900981,0.0,0.0
1779948668000,BTCUSDT,BTC,cointelegraph,exchange,2,0.7,0.7,0.8,6,0.004041509692444656,0.0063142681005547985,0.0,0.0
1779950392000,BTCUSDT,ALL,theblock,influencer,2,-0.45,0.45,0.8,6,0.008080747402274158,0.008193073343353507,0.0,0.0
1779953210000,BTCUSDT,BTC,coindesk,geopolitical,3,-0.7,0.7,0.8,7,-0.0014720471185913908,6.105704185999095e-05,0.0,0.0
1779954116000,XRPUSDT,XRP,coindesk,market,2,-0.4,0.4,0.8,7,-0.0010845986984814315,-0.0027889680818097284,0.00030440348184346266,-0.003381609012081843
1779955117000,BTCUSDT,BTC,coindesk,macro,2,-0.7,0.7,0.8,7,-0.00016380929381965004,0.0012759953561019,0.0,0.0
1779955838000,BTCUSDT,ALL,cointelegraph,influencer,3,-0.7,0.7,0.8,8,-0.0008514574997025015,-0.0010352840828782295,0.0,0.0
1779958656000,BTCUSDT,BTC,coindesk,exchange,3,-0.7,0.7,0.8,8,0.0018610803180054702,0.001753264693899581,0.0,0.0
1779959292000,BTCUSDT,BTC,theblock,exchange,2,-0.45,0.45,0.8,9,0.0036620603212143,0.0003704755031257445,0.0,0.0
1779959472000,BTCUSDT,BTC,cointelegraph,macro,2,-0.4,0.4,0.8,9,0.001085637382668203,-0.0018542784620363406,0.0,0.0
1779963096000,BTCUSDT,ALL,cointelegraph,geopolitical,2,-0.45,0.45,0.8,10,-0.00010210206367333718,0.0003220979768681076,0.0,0.0
1779963096000,BTCUSDT,ALL,cointelegraph,regulatory,3,-0.7,0.7,0.8,10,-0.00010210206367333718,0.0003220979768681076,0.0,0.0
1779963652000,ETHUSDT,ETH,coindesk,macro,2,-0.42,0.42,0.78,10,-0.0024888978096694325,-0.0015756328875730086,-0.001469283547163025,0.004752321743337284
1779965834000,BTCUSDT,ALL,theblock,regulatory,2,0.4,0.4,0.8,10,0.0010334380214451766,-0.005283681802457418,0.0,0.0
1779966650000,BTCUSDT,ALL,cointelegraph,regulatory,2,-0.2,0.2,0.8,11,-0.0011662607808664571,-0.009335259946403274,0.0,0.0
1779968282000,ETHUSDT,ETH,theblock,exchange,2,0.2,0.2,0.8,11,0.0001557100377722609,0.0008338021377480853,3.9622037351971784e-05,0.007166926521753658
1779970555000,BTCUSDT,ALL,coindesk,regulatory,2,-0.45,0.45,0.8,12,-0.0011087144849322161,-4.1493192591279815e-05,0.0,0.0
1779972557000,BTCUSDT,ALL,decrypt,regulatory,3,-0.5,0.5,0.7,12,-0.007307901536787731,-0.00174078607371142,0.0,0.0
1779973913000,BTCUSDT,BTC,cointelegraph,macro,2,-0.7,0.7,0.8,13,0.0032684240715379342,0.003138440793231112,0.0,0.0
1779976008000,BTCUSDT,ALL,coindesk,macro,2,-0.7,0.7,0.8,13,-0.00045908731906563194,0.007389100135424709,0.0,0.0
1779978546000,BTCUSDT,BTC,coindesk,geopolitical,3,-0.5,0.5,0.8,14,-0.0009759748127748935,0.010033701158925545,0.0,0.0
1779982095000,ETHUSDT,ETH,theblock,influencer,3,0.7,0.7,0.8,15,0.006338435245922147,0.015602302143808533,0.0012874498288890646,0.0071696736179696074
1779982450000,BTCUSDT,ALL,decrypt,macro,2,-0.45,0.45,0.8,15,0.0049898495950679855,0.007712908071115576,0.0,0.0
1779984728000,ETHUSDT,ETH,cointelegraph,macro,2,-0.7,0.7,0.8,16,0.009244467591781103,0.01040127800007018,0.0047763855106481845,0.004566699165443833
1779984738000,BTCUSDT,BTC,cointelegraph,exchange,3,-0.7,0.7,0.8,16,0.004468082081132918,0.005834578834626347,0.0,0.0
1779984738000,BTCUSDT,BTC,cointelegraph,other,2,-0.2,0.2,0.8,16,0.004468082081132918,0.005834578834626347,0.0,0.0
1779985169000,ETHUSDT,ETH,coindesk,influencer,3,0.6,0.6,0.8,16,0.00642396147621227,0.008192299238715561,0.004485575691168808,0.0036006958711303216
1779985725000,ETHUSDT,ETH,coindesk,influencer,2,-0.35,0.35,0.7,16,0.008571171693156021,0.00734243728959183,0.005030227218251637,0.0019204087367155065
1779986271000,BTCUSDT,ALL,coindesk,exchange,2,-0.45,0.45,0.8,16,0.0015429868867244956,0.004693166581513086,0.0,0.0
1779988273000,XRPUSDT,XRP,cointelegraph,geopolitical,3,-0.8,0.8,0.9,17,0.006705846895720402,-0.004370102471368265,0.004884288315047058,-0.007101963957783397
1779988273000,BTCUSDT,ALL,cointelegraph,regulatory,3,0.5,0.5,0.8,17,0.0018215585806733436,0.0027318614864151325,0.0,0.0
1779991266000,BTCUSDT,ALL,coindesk,regulatory,2,0.4,0.4,0.8,18,-0.0026092281838439035,0.0009190920786965595,0.0,0.0
1779991892000,BTCUSDT,ALL,cointelegraph,regulatory,2,-0.4,0.4,0.7,18,-0.0015473369066956177,0.0010343204733227473,0.0,0.0
1779991902000,ETHUSDT,ETH,cointelegraph,influencer,3,0.7,0.7,0.8,18,-0.0007864201560969786,-0.0036650146897349023,0.0007609167505986392,-0.00469933516305765
1779992528000,BTCUSDT,BTC,decrypt,macro,2,-0.7,0.7,0.8,18,-0.0003924506518443449,0.0003416277488701436,0.0,0.0
1779996262000,BTCUSDT,ALL,theblock,exchange,3,0.8,0.8,0.7,19,0.001188281836362215,0.0016882819043340103,0.0,0.0
1779996533000,BTCUSDT,ALL,decrypt,influencer,2,-0.45,0.45,0.8,19,0.00205048108592476,0.0026538119404251326,0.0,0.0
1779997899000,BTCUSDT,ALL,coindesk,regulatory,2,-0.45,0.45,0.8,19,0.0021883885603952713,0.002699425709744796,0.0,0.0
1780001719000,BTCUSDT,ALL,decrypt,regulatory,2,-0.2,0.2,0.6,20,0.002787760604099576,0.0029631085576462546,0.0,0.0
1780001809000,BTCUSDT,ALL,theblock,regulatory,3,-0.7,0.7,0.8,20,0.002787760604099576,0.0029631085576462546,0.0,0.0
1780002079000,BTCUSDT,BTC,decrypt,macro,2,-0.7,0.7,0.8,21,0.0016296847325252273,0.0029873705883527446,0.0,0.0
1780003801000,BTCUSDT,ALL,decrypt,regulatory,2,-0.35,0.35,0.62,21,-0.0033087126768713837,-0.003971241194123287,0.0,0.0
1780006169000,BTCUSDT,ALL,decrypt,regulatory,3,-0.5,0.5,0.8,22,-0.001559312128189716,-0.001204688680905286,0.0,0.0
1780006529000,ETHUSDT,ETH,coindesk,influencer,2,-0.42,0.42,0.78,22,-0.003811111772762499,-0.005339526389964044,-0.002359346566576881,-0.002444680244645392
1780007797000,BTCUSDT,ALL,theblock,regulatory,3,0.6,0.6,0.8,22,0.0013394424790065251,-0.0021855565244045527,0.0,0.0
1780008983000,BTCUSDT,ALL,coindesk,exchange,2,0.4,0.4,0.8,22,0.0016764401217577163,-0.003429842293066643,0.0,0.0
1780009519000,BTCUSDT,BTC,theblock,macro,2,-0.6,0.6,0.8,23,0.0020166569176345295,-0.00203921216950953,0.0,0.0
1780009890000,BTCUSDT,ALL,decrypt,exchange,3,-0.5,0.5,0.8,23,0.0023207479321052382,-0.002438666869356787,0.0,0.0
1780011712000,BTCUSDT,ALL,theblock,exchange,2,0.4,0.4,0.8,23,0.002992468514556146,-0.002598794228014234,0.0,0.0
1780013524000,BTCUSDT,ALL,cointelegraph,regulatory,3,0.8,0.8,0.9,0,-0.0010669454025388214,-0.007089792563694131,0.0,0.0
1780013539000,BTCUSDT,ALL,cointelegraph,regulatory,2,-0.2,0.2,0.8,0,-0.0010669454025388214,-0.007089792563694131,0.0,0.0
1780016697000,BTCUSDT,BTC,coindesk,influencer,3,0.5,0.5,0.8,1,-0.003249255347955615,-0.0034268887083671595,0.0,0.0
1780017058000,BTCUSDT,ALL,cointelegraph,regulatory,2,-0.45,0.45,0.8,1,-0.000976771322352299,-0.0011125885321972007,0.0,0.0
1780027874000,BTCUSDT,ALL,cointelegraph,exchange,2,0.3,0.3,0.7,4,0.004946515468764012,0.006093972737037712,0.0,0.0
1780034141000,BTCUSDT,ALL,theblock,regulatory,3,0.8,0.8,0.7,5,0.0011127093114771114,-0.0001700274106439803,0.0,0.0
1780038676000,BTCUSDT,BTC,cointelegraph,macro,2,-0.8,0.8,0.9,7,-0.0017059458613102318,-0.0022213189460491556,0.0,0.0
1780039677000,BTCUSDT,BTC,coindesk,macro,2,-0.6,0.6,0.8,7,0.0037217813418104484,0.0007881995270804243,0.0,0.0
1780041754000,XRPUSDT,XRP,coindesk,influencer,2,-0.4,0.4,0.8,8,0.0008335227703264447,-0.007956353716753961,0.00021217041727994435,-0.00351341305956665
1780042310000,BTCUSDT,BTC,cointelegraph,macro,2,-0.7,0.7,0.8,8,0.0022040848224642584,-0.004233823754078214,0.0,0.0
1780045300000,BTCUSDT,ALL,theblock,exchange,2,0.4,0.4,0.8,9,-0.0010723196854928174,-0.00736767278155992,0.0,0.0
1780045750000,BTCUSDT,ALL,coindesk,exchange,2,0.4,0.4,0.8,9,-0.00152865137563718,-0.009366850590719844,0.0,0.0
1780045933000,BTCUSDT,ALL,cointelegraph,regulatory,3,0.7,0.7,0.8,9,-0.002820764105411211,-0.010215590258697671,0.0,0.0
1780053120000,BTCUSDT,BTC,cointelegraph,influencer,3,0.5,0.5,0.8,11,-0.003719490169211026,-0.00038728852017366755,0.0,0.0
1780055568000,BTCUSDT,ALL,theblock,regulatory,3,0.7,0.7,0.8,11,-0.002616074084496489,0.004358263759597136,0.0,0.0
1780056749000,BTCUSDT,ALL,cointelegraph,exchange,2,0.4,0.4,0.8,12,-0.003816355486108036,0.0047687752386125215,0.0,0.0
1780059658000,BTCUSDT,ALL,coindesk,regulatory,3,0.7,0.7,0.8,13,-0.003463748989586124,0.012530906573706257,0.0,0.0
1780060840000,BTCUSDT,ALL,theblock,regulatory,3,0.7,0.7,0.8,13,-0.004750528809729149,0.01585142745781587,0.0,0.0
1780061475000,BTCUSDT,BTC,coindesk,macro,2,-0.7,0.7,0.8,13,-0.007124448396097716,0.014824299389633477,0.0,0.0
1780061736000,BTCUSDT,ALL,decrypt,regulatory,3,0.7,0.7,0.8,13,-0.00837146247324172,0.012991730090869513,0.0,0.0
1780062201000,BTCUSDT,BTC,coindesk,exchange,3,-0.7,0.7,0.8,13,-0.006379324144294873,0.011318530238245028,0.0,0.0
1780064198000,BTCUSDT,BTC,coindesk,macro,2,-0.7,0.7,0.8,14,0.012600062047584126,0.016021208992359703,0.0,0.0
1780066926000,BTCUSDT,ALL,decrypt,regulatory,3,-0.8,0.8,0.7,15,0.003216945703028218,-0.0026143368506104103,0.0,0.0
1780067562000,BTCUSDT,BTC,cointelegraph,exchange,3,-0.55,0.55,0.8,15,0.0014193858888165156,-0.004661484885142619,0.0,0.0
1780068653000,BTCUSDT,ALL,coindesk,regulatory,3,0.7,0.7,0.8,15,-0.0016917882423009845,-0.0056043015517414085,0.0,0.0
1780069289000,BTCUSDT,BTC,decrypt,macro,2,-0.7,0.7,0.8,15,0.00232087882573051,-0.0027356695817991605,0.0,0.0
1780071101000,BTCUSDT,BTC,cointelegraph,macro,2,-0.5,0.5,0.8,16,0.0065848498820211265,-0.0011953839060507843,0.0,0.0
1780074104000,BTCUSDT,ALL,coindesk,regulatory,3,0.8,0.8,0.9,17,-0.001173209227033567,-0.005533926885201601,0.0,0.0
1780074740000,BTCUSDT,ALL,cointelegraph,regulatory,3,0.5,0.5,0.8,17,-0.004305273053493153,-0.006814448214531699,0.0,0.0
1780076823000,BTCUSDT,ALL,theblock,regulatory,3,0.7,0.7,0.8,17,-0.008722183669623962,-0.0075777256874655086,0.0,0.0
1780077098000,BTCUSDT,BTC,coindesk,macro,2,-0.7,0.7,0.8,17,-0.008196976140070644,-0.007727260561977145,0.0,0.0
1780077734000,BTCUSDT,BTC,decrypt,regulatory,3,0.7,0.7,0.8,18,-0.007732935834743548,-0.008473451181022607,0.0,0.0
1780078370000,BTCUSDT,BTC,cointelegraph,exchange,3,-0.7,0.7,0.8,18,-0.008304783202794819,-0.005657167606055169,0.0,0.0
1780078380000,BTCUSDT,BTC,theblock,regulatory,3,0.7,0.7,0.8,18,-0.008304783202794819,-0.005657167606055169,0.0,0.0
1780081909000,ETHUSDT,ETH,cointelegraph,macro,2,-0.5,0.5,0.8,19,0.005957599426157589,0.001354905555112751,0.001050936936264124,-0.0004588800339828669
1780083090000,BTCUSDT,ALL,coindesk,regulatory,2,0.4,0.4,0.8,19,0.00013107975660431315,-0.004538534802421723,0.0,0.0
1780085548000,BTCUSDT,ALL,cointelegraph,exchange,2,-0.3,0.3,0.7,20,0.0009220156176492633,-0.002292616068270692,0.0,0.0
1780087995000,BTCUSDT,ALL,theblock,regulatory,3,-0.7,0.7,0.8,20,-0.0035879876118463105,-0.0023727627843945776,0.0,0.0
1780088810000,BTCUSDT,ALL,cointelegraph,exchange,3,0.7,0.7,0.8,21,-0.005430588930297131,-0.0030650037972118627,0.0,0.0
1780094536000,BTCUSDT,ALL,decrypt,regulatory,3,0.7,0.7,0.8,22,-0.00036983683212765683,0.003198809552815929,0.0,0.0
1780095902000,BTCUSDT,ALL,coindesk,regulatory,3,-0.7,0.7,0.8,23,0.00103888582185796,0.0047759870947687855,0.0,0.0
1780095913000,BTCUSDT,ALL,theblock,regulatory,2,-0.4,0.4,0.8,23,0.00103888582185796,0.0047759870947687855,0.0,0.0
1780097444000,BTCUSDT,ALL,decrypt,regulatory,2,-0.4,0.4,0.8,23,0.002083937649806966,0.0032956148979186306,0.0,0.0
1780098165000,BTCUSDT,ALL,decrypt,regulatory,2,-0.4,0.4,0.8,23,0.001066346612895952,0.0019822254685128993,0.0,0.0
1780099622000,BTCUSDT,ALL,cointelegraph,regulatory,3,0.7,0.7,0.8,0,0.0011767353648981516,-2.000232407961544e-05,0.0,0.0
1780100803000,BTCUSDT,ALL,decrypt,regulatory,3,-0.7,0.7,0.8,0,0.002648964415877586,-0.0027125602611488553,0.0,0.0
1780128494000,BTCUSDT,BTC,cointelegraph,influencer,3,0.5,0.5,0.8,8,-0.00028830630444731664,0.0005165318042903433,0.0,0.0
1780142840000,BTCUSDT,ALL,cointelegraph,regulatory,3,-0.7,0.7,0.8,12,0.001913034050810447,0.004924082532318463,0.0,0.0
1780146474000,BTCUSDT,BTC,cointelegraph,influencer,3,-0.7,0.7,0.8,13,0.0026253484915874647,0.0021846490133756724,0.0,0.0
1780155104000,BTCUSDT,ALL,theblock,exchange,2,-0.45,0.45,0.7,15,0.001394631413619063,0.0023154509511300603,0.0,0.0
1780156921000,BTCUSDT,ALL,coindesk,exchange,2,0.7,0.7,0.8,16,-0.0005184961636288676,0.0008205577168205469,0.0,0.0
1780160915000,BTCUSDT,ALL,cointelegraph,regulatory,3,-0.7,0.7,0.8,17,0.001498494537294004,0.0010917699703318906,0.0,0.0
1780164089000,BTCUSDT,ALL,coindesk,regulatory,3,-0.7,0.7,0.8,18,-0.00010632501435792197,-0.0016544550518771128,0.0,0.0
1780166807000,BTCUSDT,BTC,decrypt,influencer,3,-0.5,0.5,0.8,18,0.0001545528235611382,-0.00219900027019726,0.0,0.0
1780167083000,BTCUSDT,ALL,coindesk,regulatory,3,-0.7,0.7,0.8,18,-0.0003610045894718583,-0.0021619758579363157,0.0,0.0
1780172904000,BTCUSDT,ALL,coindesk,regulatory,2,-0.45,0.45,0.8,20,0.00046098715348197317,0.0009496957403649642,0.0,0.0
1780174616000,BTCUSDT,ALL,theblock,regulatory,3,-0.7,0.7,0.8,20,-0.0014762542855780714,0.001760528872389422,0.0,0.0
1780186074000,BTCUSDT,ALL,cointelegraph,regulatory,3,-0.6,0.6,0.8,0,0.003492014076881489,0.0032214401732539866,0.0,0.0
1780191160000,BTCUSDT,ALL,theblock,influencer,3,-0.7,0.7,0.8,1,-0.002677088190155441,-0.0003100723335769384,0.0,0.0
1780200500000,BTCUSDT,BTC,cointelegraph,influencer,3,-0.5,0.5,0.7,4,0.0007910359157019542,-0.0028585498799211795,0.0,0.0
1780218485000,BTCUSDT,BTC,cointelegraph,influencer,2,-0.3,0.3,0.8,9,-0.0004716471067326422,0.0007879281077178835,0.0,0.0
1780229292000,BTCUSDT,ALL,cointelegraph,hack,3,-0.7,0.7,0.8,12,0.00040883146308501317,-0.0040640986044128136,0.0,0.0
1780243277000,BTCUSDT,BTC,coindesk,influencer,3,0.8,0.8,0.7,16,-0.0025673785942519345,-0.00023431077695257319,0.0,0.0
1780252457000,BTCUSDT,ALL,theblock,influencer,2,-0.4,0.4,0.8,18,-0.0019364110572398507,0.003132601329682405,0.0,0.0
1780261722000,BTCUSDT,BTC,cointelegraph,exchange,2,0.4,0.4,0.8,21,0.0030398436651828398,-0.0015606340245358785,0.0,0.0
1780263079000,BTCUSDT,ALL,coindesk,regulatory,2,0.2,0.2,0.8,21,0.002983788678704302,-0.0010076258711200214,0.0,0.0
1780267354000,BTCUSDT,ALL,coindesk,exchange,2,-0.35,0.35,0.7,22,-0.003658505084405239,-0.0019037696315677977,0.0,0.0
1780268975000,BTCUSDT,BTC,cointelegraph,influencer,3,0.7,0.7,0.8,23,-0.0017562486474790306,-0.0007302261415278455,0.0,0.0
1780274256000,ETHUSDT,ETH,theblock,hack,3,0.8,0.8,0.9,0,-0.007088258490781318,-0.007991031790516856,-0.0010296489728371938,-0.001851146758180544
1780276163000,BTCUSDT,ALL,cointelegraph,regulatory,2,0.0,0.0,0.8,1,-0.0003335462737688033,-0.00044853410898015866,0.0,0.0
1780301486000,BTCUSDT,ALL,theblock,exchange,3,0.6,0.6,0.8,8,0.0022390280144184427,-0.010060179284260728,0.0,0.0
1780301591000,BTCUSDT,BTC,coindesk,macro,2,-0.7,0.7,0.8,8,0.0022390280144184427,-0.010060179284260728,0.0,0.0
1780303403000,XRPUSDT,XRP,coindesk,market,2,-0.45,0.45,0.8,8,0.005306467738214193,0.0025378758747982566,0.003096607051995548,0.011561061696863995
1780308594000,BTCUSDT,ALL,cointelegraph,hack,2,0.2,0.2,0.8,10,-0.00140426398349347,-0.015318581485917693,0.0,0.0
1780308604000,BTCUSDT,ALL,cointelegraph,influencer,3,-0.5,0.5,0.8,10,-0.00020662537458582264,-0.01586946115456689,0.0,0.0
1780314656000,BTCUSDT,ALL,theblock,regulatory,2,-0.35,0.35,0.8,11,-0.003563190337084854,-0.01863093524157511,0.0,0.0
1780314746000,BTCUSDT,ALL,coindesk,regulatory,2,-0.2,0.2,0.6,11,-0.003563190337084854,-0.01863093524157511,0.0,0.0
1780315757000,BTCUSDT,BTC,cointelegraph,macro,2,-0.5,0.5,0.7,12,-0.0029081552283716228,-0.016217885418351008,0.0,0.0
1780319391000,BTCUSDT,ALL,cointelegraph,exchange,3,0.7,0.7,0.8,13,-0.0024013470482373567,-0.0035640210508995906,0.0,0.0
1780319757000,BTCUSDT,BTC,coindesk,macro,2,0.5,0.5,0.8,13,-0.0028840212355544237,-0.0036251850298284483,0.0,0.0
1780319759000,BTCUSDT,ALL,theblock,exchange,2,0.2,0.2,0.8,13,-0.0028840212355544237,-0.0036251850298284483,0.0,0.0
1780321876000,BTCUSDT,ALL,theblock,exchange,3,0.7,0.7,0.8,13,-0.0020077563148871436,-0.0009186761079649219,0.0,0.0
1780323147000,BTCUSDT,ALL,decrypt,regulatory,3,0.6,0.6,0.8,14,-0.004630934069641435,-0.002604001146034318,0.0,0.0
1780325320000,BTCUSDT,BTC,decrypt,macro,2,-0.7,0.7,0.8,14,-0.004838338273531861,0.0015042467042984953,0.0,0.0
1780326601000,BTCUSDT,ALL,cointelegraph,exchange,3,0.7,0.7,0.8,15,-0.004791979395541102,0.002294873248671614,0.0,0.0
1780326612000,BTCUSDT,ALL,cointelegraph,regulatory,3,-0.5,0.5,0.8,15,-0.004791979395541102,0.002294873248671614,0.0,0.0
1780326682000,BTCUSDT,BTC,theblock,influencer,2,-0.2,0.2,0.8,15,-0.004791979395541102,0.002294873248671614,0.0,0.0
1780327498000,BTCUSDT,BTC,decrypt,influencer,2,-0.4,0.4,0.8,15,0.00010761862491515117,0.007558063061700482,0.0,0.0
1780327858000,BTCUSDT,BTC,coindesk,exchange,3,-0.7,0.7,0.8,15,-0.001037727910238484,0.0047899018232819834,0.0,0.0
1780329039000,BTCUSDT,BTC,theblock,macro,2,-0.5,0.5,0.8,15,0.006107019832244376,0.006546077428784436,0.0,0.0
1780330221000,BTCUSDT,ALL,cointelegraph,exchange,3,0.7,0.7,0.8,16,0.008730271432485726,0.009914115924816835,0.0,0.0
1780330946000,BTCUSDT,BTC,coindesk,macro,2,-0.5,0.5,0.8,16,0.009021127553029862,0.0071738029595453945,0.0,0.0
1780331933000,BTCUSDT,ALL,coindesk,regulatory,3,0.7,0.7,0.8,16,0.005300515810719997,0.003471209912536466,0.0,0.0
1780333484000,BTCUSDT,ALL,decrypt,regulatory,3,0.8,0.8,0.9,17,0.0002512435718395878,-0.005701468419465616,0.0,0.0
1780333835000,BTCUSDT,BTC,cointelegraph,influencer,2,-0.4,0.4,0.8,17,-0.0018528739257273052,-0.00569618235835867,0.0,0.0
1780333835000,BTCUSDT,ALL,cointelegraph,hack,2,-0.4,0.4,0.7,17,-0.0018528739257273052,-0.00569618235835867,0.0,0.0
1780334836000,BTCUSDT,BTC,decrypt,macro,2,-0.6,0.6,0.8,17,0.0011645233435839675,-0.005814928711210476,0.0,0.0
1780336288000,BTCUSDT,BTC,coindesk,influencer,3,-0.5,0.5,0.7,17,-0.002056918452262635,-0.008486166919832616,0.0,0.0
1780337379000,BTCUSDT,ALL,cointelegraph,hack,3,-0.8,0.8,0.9,18,-0.0006217344600661923,-0.007015498312335278,0.0,0.0
1780338840000,ETHUSDT,ETH,decrypt,hack,3,0.8,0.8,0.9,18,0.007606165208316584,0.00018563859677289685,0.0067745314412195334,0.006535559854899509
1780339656000,BTCUSDT,BTC,coindesk,influencer,2,-0.2,0.2,0.6,18,-3.8157690780527e-05,-0.0025122576340191882,0.0,0.0
1780340838000,BTCUSDT,BTC,coindesk,influencer,2,-0.4,0.4,0.7,19,0.0019287998743438006,-0.000934861776808571,0.0,0.0
1780341018000,ETHUSDT,ETH,cointelegraph,influencer,3,-0.7,0.7,0.8,19,0.005125787425269923,0.005657424868595218,0.002352396963481551,0.005517404145528149
1780344194000,ETHUSDT,ETH,coindesk,influencer,2,-0.2,0.2,0.8,20,-0.0032811118824193075,0.0006192661695889612,0.002094578390150481,0.00423008397397362
1780348179000,BTCUSDT,ALL,cointelegraph,exchange,2,0.2,0.2,0.7,21,-0.003425863521482775,0.0021060095478799834,0.0,0.0
1780348189000,BTCUSDT,ALL,theblock,exchange,2,0.4,0.4,0.8,21,-0.003425863521482775,0.0021060095478799834,0.0,0.0
1780348987000,BTCUSDT,ALL,decrypt,exchange,3,-0.8,0.8,0.8,21,0.0019078390342686102,0.0008322023664288913,0.0,0.0
1780349363000,BTCUSDT,ALL,decrypt,regulatory,2,-0.35,0.35,0.8,21,0.0011530566334851944,-0.0021677633428940357,0.0,0.0
1780351810000,BTCUSDT,ALL,cointelegraph,regulatory,3,0.7,0.7,0.8,22,0.003588459603836247,-0.012907776307174545,0.0,0.0
1780351820000,BTCUSDT,BTC,cointelegraph,exchange,2,-0.35,0.35,0.8,22,0.003588459603836247,-0.012907776307174545,0.0,0.0
1780353352000,BTCUSDT,ALL,theblock,hack,3,-0.8,0.8,0.9,22,0.0051829254150437265,-0.007619063415915006,0.0,0.0
1780355439000,BTCUSDT,ALL,cointelegraph,exchange,2,0.7,0.7,0.8,23,-0.0030798846390771573,-0.007221957775662258,0.0,0.0
1780357797000,BTCUSDT,ALL,coindesk,exchange,2,0.2,0.2,0.8,23,-0.0022732432826639837,-0.006008557137214043,0.0,0.0
1780358694000,BTCUSDT,ALL,decrypt,influencer,3,0.5,0.5,0.7,0,-0.0005929946665550467,-0.006843357660096583,0.0,0.0
1780359249000,BTCUSDT,ALL,decrypt,influencer,2,-0.3,0.3,0.7,0,0.0013200762105274322,-0.0044940168950093895,0.0,0.0
1780366232000,BTCUSDT,BTC,cointelegraph,influencer,2,0.4,0.4,0.7,2,0.009369299250490126,0.0006274382981048543,0.0,0.0
1780376472000,BTCUSDT,ALL,theblock,exchange,3,0.5,0.5,0.8,5,-0.0038482210678502105,-0.014536089168941113,0.0,0.0
1780384085000,BTCUSDT,BTC,theblock,macro,2,-0.6,0.6,0.8,7,6.609528742007598e-05,-0.007114593810911618,0.0,0.0
1780384175000,BTCUSDT,BTC,cointelegraph,influencer,2,-0.4,0.4,0.7,7,6.609528742007598e-05,-0.007114593810911618,0.0,0.0
1780387899000,BTCUSDT,BTC,coindesk,macro,2,-0.7,0.7,0.8,8,-0.005217080895477899,-0.010470173196282406,0.0,0.0
1780390161000,BTCUSDT,BTC,theblock,macro,2,-0.7,0.7,0.8,8,-0.005425008957362976,-0.010191759226083952,0.0,0.0
1780391433000,BTCUSDT,ALL,cointelegraph,exchange,3,0.5,0.5,0.7,9,0.0016004252094623528,-0.00888845793335269,0.0,0.0
1780393065000,BTCUSDT,BTC,coindesk,exchange,2,-0.2,0.2,0.7,9,-0.00023039282912740155,-0.008781837849785923,0.0,0.0
1780393791000,BTCUSDT,BTC,coindesk,exchange,2,-0.45,0.45,0.8,9,0.00382800450801013,-0.008653754290384064,0.0,0.0
1780393881000,BTCUSDT,BTC,theblock,exchange,3,-0.7,0.7,0.8,9,0.0032578568176395706,-0.00884538806133306,0.0,0.0
1780395052000,BTCUSDT,ALL,cointelegraph,exchange,2,0.4,0.4,0.8,10,-0.00393192259325903,-0.01994717469525631,0.0,0.0
1780401949000,BTCUSDT,BTC,cointelegraph,macro,2,-0.6,0.6,0.8,12,-0.006131461428741103,-0.020413304743497007,0.0,0.0
1780401959000,BTCUSDT,BTC,cointelegraph,macro,2,-0.45,0.45,0.8,12,-0.006131461428741103,-0.020413304743497007,0.0,0.0
1780402130000,BTCUSDT,ALL,theblock,exchange,2,0.8,0.8,0.9,12,-0.006131461428741103,-0.020413304743497007,0.0,0.0
1780405298000,BTCUSDT,BTC,coindesk,influencer,2,-0.45,0.45,0.8,13,-0.00829623631223908,-0.02259369077959761,0.0,0.0
1780405488000,BTCUSDT,BTC,cointelegraph,exchange,2,0.2,0.2,0.8,13,-0.00829623631223908,-0.02259369077959761,0.0,0.0
1780409753000,BTCUSDT,BTC,coindesk,macro,2,-0.45,0.45,0.8,14,-0.0059878258373634585,-0.008856823895191046,0.0,0.0
1780412746000,BTCUSDT,BTC,cointelegraph,macro,2,-0.7,0.7,0.8,15,0.0010899794545651265,-0.007510188345679181,0.0,0.0
1780412826000,BTCUSDT,BTC,coindesk,influencer,3,0.5,0.5,0.8,15,0.0010899794545651265,-0.007510188345679181,0.0,0.0
1780413192000,BTCUSDT,BTC,coindesk,macro,2,-0.7,0.7,0.8,15,0.005629864335866985,-0.007674818468779154,0.0,0.0
1780413382000,BTCUSDT,BTC,coindesk,influencer,3,0.8,0.8,0.9,15,0.0033859913244420614,-0.0073801267501895085,0.0,0.0
1780413928000,BTCUSDT,BTC,coindesk,exchange,2,-0.25,0.25,0.8,15,0.008154871628321514,-0.009768774540157343,0.0,0.0
1780414653000,BTCUSDT,BTC,coindesk,influencer,3,0.6,0.6,0.8,15,0.005262970923899157,-0.005231756963945844,0.0,0.0
1780414734000,BTCUSDT,BTC,coindesk,macro,2,-0.7,0.7,0.8,15,0.005262970923899157,-0.005231756963945844,0.0,0.0
1780416375000,BTCUSDT,ALL,cointelegraph,exchange,3,-0.8,0.8,0.7,16,-0.0062015252813805155,-0.00804493551670904,0.0,0.0
1780416375000,BTCUSDT,BTC,cointelegraph,influencer,3,0.8,0.8,0.9,16,-0.0062015252813805155,-0.00804493551670904,0.0,0.0
1780416465000,BTCUSDT,BTC,theblock,exchange,2,0.2,0.2,0.8,16,-0.0062015252813805155,-0.00804493551670904,0.0,0.0
1780416921000,BTCUSDT,ALL,theblock,exchange,2,0.6,0.6,0.8,16,-0.0003902518134104582,-0.01191277938314561,0.0,0.0
1780417647000,BTCUSDT,BTC,decrypt,exchange,2,0.0,0.0,0.8,16,-0.0025562240219861865,-0.008987494857682576,0.0,0.0
1780419013000,BTCUSDT,BTC,theblock,macro,2,-0.7,0.7,0.8,16,0.0011703897620414239,0.002585982854457436,0.0,0.0
1780419929000,XRPUSDT,XRP,cointelegraph,influencer,2,-0.4,0.4,0.7,17,-0.0040377937494952,-0.012759428248405147,-0.005412758401408424,-0.012222892806772911
1780421651000,BTCUSDT,BTC,theblock,influencer,2,0.4,0.4,0.8,17,-0.006168070841034212,0.002315206539627024,0.0,0.0
1780422648000,BTCUSDT,ALL,theblock,exchange,2,0.4,0.4,0.8,17,-0.0022276602055876227,0.0010915312759935958,0.0,0.0
1780423554000,BTCUSDT,ALL,cointelegraph,regulatory,2,-0.4,0.4,0.8,18,-0.0037739639387626145,-0.005654141175422955,0.0,0.0
1780423579000,BTCUSDT,BTC,cointelegraph,exchange,2,0.4,0.4,0.8,18,-0.0037739639387626145,-0.005654141175422955,0.0,0.0
1780423919000,ETHUSDT,ETH,coindesk,influencer,2,0.4,0.4,0.7,18,-0.0053814086383580095,-0.019011881775552575,-6.182814050559315e-05,-0.01185095358352295
1780425491000,BTCUSDT,BTC,decrypt,macro,2,-0.7,0.7,0.8,18,-0.005563001485884067,-0.0051112927191679924,0.0,0.0
1780427133000,BTCUSDT,ALL,cointelegraph,regulatory,2,0.4,0.4,0.8,19,0.0005505985680576142,-0.009694722197927663,0.0,0.0
1780428770000,BTCUSDT,BTC,decrypt,influencer,3,0.5,0.5,0.8,19,0.0077627914959279565,-0.003289470728428112,0.0,0.0
1780434388000,BTCUSDT,ALL,cointelegraph,regulatory,3,-0.7,0.7,0.8,21,-0.00375242863708658,-0.009512387327468397,0.0,0.0
1780435569000,BTCUSDT,BTC,decrypt,influencer,3,0.8,0.8,0.7,21,-0.012341307998676276,-0.014780791818980954,0.0,0.0
1780436660000,ETHUSDT,ETH,coindesk,influencer,3,0.8,0.8,0.7,21,-0.009473839165545117,-0.02400004205921935,0.003083804770131038,-0.009578741469445817
1780438643000,BTCUSDT,BTC,decrypt,macro,2,-0.7,0.7,0.8,22,-0.01371530354757311,-0.010241947454356581,0.0,0.0
1780439378000,BTCUSDT,ALL,theblock,macro,2,-0.6,0.6,0.8,22,-0.007659073055773846,-0.005556231550555624,0.0,0.0
1780440470000,BTCUSDT,ALL,theblock,exchange,2,-0.2,0.2,0.8,22,0.0031299844792542775,0.0018715618874896034,0.0,0.0
1780441551000,BTCUSDT,BTC,cointelegraph,macro,2,0.7,0.7,0.8,23,0.0019494092244947137,-0.0026409464403527316,0.0,0.0
1780442827000,BTCUSDT,ALL,decrypt,regulatory,2,0.0,0.0,0.0,23,0.0072427409925557296,-0.007675811793620868,0.0,0.0
1780444364000,BTCUSDT,ALL,theblock,regulatory,3,-0.8,0.8,0.9,23,0.0026539514263077546,-0.013644677575159081,0.0,0.0
1780445636000,BTCUSDT,ALL,decrypt,regulatory,2,0.0,0.0,0.8,0,-0.0030961879815853965,-0.010817950526579967,0.0,0.0
1780447908000,BTCUSDT,ALL,coindesk,geopolitical,3,-0.7,0.7,0.8,0,-0.0002690549061735714,-0.007051748326548646,0.0,0.0
1780448724000,BTCUSDT,ALL,cointelegraph,influencer,2,0.0,0.0,0.8,1,-0.00013362430412122706,0.0045912592646684125,0.0,0.0
1780451796000,BTCUSDT,ALL,decrypt,regulatory,3,-0.8,0.8,0.9,1,-0.004077302021934348,0.005531697737485519,0.0,0.0
1780452161000,BTCUSDT,ALL,coindesk,regulatory,3,0.5,0.5,0.8,2,-0.007114321267739587,0.004645760916947461,0.0,0.0
1780452336000,BTCUSDT,ALL,cointelegraph,regulatory,3,-0.7,0.7,0.8,2,-0.0045549079971739515,0.005084837331448933,0.0,0.0
1780452337000,BTCUSDT,ALL,cointelegraph,regulatory,3,0.7,0.7,0.8,2,-0.0045549079971739515,0.005084837331448933,0.0,0.0
1780455976000,BTCUSDT,ALL,cointelegraph,regulatory,3,-0.6,0.6,0.8,3,-0.002644030665162944,0.008360861851465007,0.0,0.0
1780465483000,BTCUSDT,BTC,coindesk,macro,2,-0.7,0.7,0.8,5,0.0015380612410951233,-0.0012061881295828414,0.0,0.0
1780468396000,BTCUSDT,BTC,decrypt,macro,2,-0.35,0.35,0.8,6,-0.0038320097196705705,-0.0023042730990340266,0.0,0.0
1780469022000,BTCUSDT,ALL,theblock,regulatory,3,0.7,0.7,0.8,6,0.0014489525447956009,0.00033969589851801096,0.0,0.0
1780473927000,BTCUSDT,ALL,cointelegraph,influencer,2,0.4,0.4,0.8,8,-0.00160951244967944,-0.001449828537349096,0.0,0.0
1780476740000,BTCUSDT,BTC,coindesk,macro,2,-0.7,0.7,0.8,8,0.0007037357522228227,0.0007566986930835906,0.0,0.0
1780477546000,BTCUSDT,BTC,theblock,macro,2,-0.35,0.35,0.8,9,0.005136342152010087,0.0023888157545952637,0.0,0.0
1780478627000,BTCUSDT,BTC,coindesk,influencer,3,-0.7,0.7,0.8,9,0.007271814808502697,8.977733873338778e-05,0.0,0.0
1780481179000,BTCUSDT,ALL,cointelegraph,regulatory,2,-0.35,0.35,0.8,10,0.0005275904863741854,-0.00597673401728438,0.0,0.0
1780481190000,BTCUSDT,BTC,cointelegraph,geopolitical,3,-0.7,0.7,0.8,10,0.0005275904863741854,-0.00597673401728438,0.0,0.0
1780481200000,BTCUSDT,ALL,cointelegraph,geopolitical,3,-0.8,0.8,0.9,10,0.0005275904863741854,-0.00597673401728438,0.0,0.0
1780481815000,BTCUSDT,ALL,coindesk,macro,2,-0.7,0.7,0.8,10,0.0015570338371559966,-0.007930165173480663,0.0,0.0
1780488072000,BTCUSDT,ALL,coindesk,macro,2,-0.35,0.35,0.7,12,-0.0003872063908428869,-0.01356265649219024,0.0,0.0
1780490520000,BTCUSDT,ALL,theblock,regulatory,2,-0.4,0.4,0.7,12,-0.003399786278685757,-0.016685899197664833,0.0,0.0
1780492061000,BTCUSDT,ALL,coindesk,exchange,2,0.4,0.4,0.8,13,-0.0032521374136440517,-0.020958549959990802,0.0,0.0
1780492883000,BTCUSDT,ALL,coindesk,regulatory,3,-0.7,0.7,0.8,13,-0.0006885303736600124,-0.013346896474027314,0.0,0.0
1780494139000,BTCUSDT,BTC,coindesk,macro,2,-0.45,0.45,0.8,13,0.00038536395484634056,-0.012571787885139352,0.0,0.0
1780494875000,BTCUSDT,ALL,theblock,exchange,2,-0.4,0.4,0.8,13,-0.0006136967366608959,-0.014078406409229749,0.0,0.0
1780495586000,BTCUSDT,BTC,cointelegraph,macro,2,-0.7,0.7,0.8,14,-0.005652451014681925,-0.01391417398016137,0.0,0.0
1780495691000,BTCUSDT,ALL,theblock,regulatory,2,-0.4,0.4,0.8,14,-0.005652451014681925,-0.01391417398016137,0.0,0.0
1780496056000,BTCUSDT,ALL,decrypt,regulatory,2,-0.35,0.35,0.8,14,-0.005060575164182568,-0.013196989234413925,0.0,0.0
1780498131000,BTCUSDT,ALL,coindesk,influencer,2,0.4,0.4,0.7,14,-0.01036760594126307,-0.012131773557371717,0.0,0.0
1780498231000,BTCUSDT,ALL,decrypt,influencer,3,-0.7,0.7,0.8,14,-0.011799006804013246,-0.012388852455583854,0.0,0.0
1780498857000,BTCUSDT,ALL,coindesk,exchange,3,0.7,0.7,0.8,15,-0.005931727608531889,-0.010076907895863352,0.0,0.0
1780498957000,BTCUSDT,BTC,coindesk,macro,2,0.8,0.8,0.7,15,-0.005931727608531889,-0.010076907895863352,0.0,0.0
1780499137000,BTCUSDT,ALL,cointelegraph,exchange,2,0.8,0.8,0.9,15,-0.0052999186027022915,-0.008350626187983434,0.0,0.0
1780500408000,BTCUSDT,ALL,theblock,exchange,2,-0.2,0.2,0.8,15,-0.009018690130925378,-0.00945305342171121,0.0,0.0
1780500419000,BTCUSDT,ALL,theblock,exchange,3,0.7,0.7,0.8,15,-0.009018690130925378,-0.00945305342171121,0.0,0.0
1780500679000,BTCUSDT,ALL,theblock,exchange,3,0.7,0.7,0.8,15,-0.0064910795524359965,-0.008441991649071001,0.0,0.0
1780501135000,BTCUSDT,BTC,coindesk,macro,2,-0.5,0.5,0.8,15,-0.0057313275622393745,-0.008144303790977303,0.0,0.0
1780501495000,BTCUSDT,ALL,decrypt,exchange,2,-0.2,0.2,0.8,15,-0.006117553238095819,-0.008479820067173294,0.0,0.0
1780501765000,BTCUSDT,ALL,theblock,regulatory,3,0.6,0.6,0.8,15,-0.0035958179730464224,-0.012520245361697047,0.0,0.0
1780502491000,BTCUSDT,ALL,coindesk,regulatory,2,-0.3,0.3,0.7,16,-0.006578128305079645,-0.012026863687184641,0.0,0.0
1780502581000,BTCUSDT,ALL,coindesk,exchange,3,0.5,0.5,0.8,16,-0.006578128305079645,-0.012026863687184641,0.0,0.0
1780506396000,BTCUSDT,ALL,cointelegraph,macro,2,0.4,0.4,0.8,17,0.003919639328660907,-0.004593151389715833,0.0,0.0
1780508203000,BTCUSDT,ALL,theblock,influencer,2,0.2,0.2,0.8,17,-0.000986546691778556,-0.008945627845000526,0.0,0.0
1780509830000,BTCUSDT,ALL,theblock,exchange,3,0.5,0.5,0.8,18,-0.0021835085832493384,-0.0074519061910334194,0.0,0.0
1780510020000,BTCUSDT,ALL,cointelegraph,exchange,2,-0.4,0.4,0.8,18,-4.229014953271992e-05,-0.00977387502518079,0.0,0.0
1780513559000,BTCUSDT,ALL,cointelegraph,regulatory,3,-0.7,0.7,0.8,19,-0.005911927872691458,-0.020697128786682284,0.0,0.0
1780513579000,ETHUSDT,ETH,cointelegraph,macro,2,-0.5,0.5,0.8,19,-0.009064898546443323,-0.0023906823565454927,-0.003152970673751865,0.01830644643013679
1780513589000,BTCUSDT,ALL,cointelegraph,exchange,2,0.0,0.0,0.8,19,-0.005911927872691458,-0.020697128786682284,0.0,0.0
1780515466000,BTCUSDT,BTC,theblock,regulatory,3,0.5,0.5,0.8,19,-0.008718750574972511,-0.02286980371178693,0.0,0.0
1780516548000,XRPUSDT,XRP,decrypt,influencer,2,-0.2,0.2,0.6,19,-0.000999583506872015,0.004914618908788082,-0.00035000798908702,0.01974064810248466
1780517184000,BTCUSDT,BTC,cointelegraph,macro,2,-0.7,0.7,0.8,20,-0.0025407132447828884,-0.019266236769405753,0.0,0.0
1780520368000,BTCUSDT,ALL,decrypt,regulatory,2,-0.2,0.2,0.8,20,0.004083511611643553,-0.028953010356610243,0.0,0.0
1780521995000,BTCUSDT,BTC,decrypt,macro,2,-0.7,0.7,0.8,21,-0.0056771838436111555,-0.04096771606701888,0.0,0.0
1780522450000,ETHUSDT,ETH,decrypt,macro,2,-0.8,0.8,0.8,21,0.007843331790021502,-0.018982736953502277,0.014589373659445348,0.021683395154409313
1780526615000,BTCUSDT,ALL,theblock,macro,2,-0.6,0.6,0.8,22,-0.009742688478698747,-0.02142889376021606,0.0,0.0
1780527982000,BTCUSDT,ALL,cointelegraph,influencer,2,0.3,0.3,0.8,23,-0.004459432706293676,-0.009966158772211853,0.0,0.0
1780529709000,ETHUSDT,ETH,coindesk,exchange,3,-0.8,0.8,0.9,23,-0.008687035507844776,-0.004354527938343011,0.001656412982662503,-0.0063647987133197415
1780530155000,BTCUSDT,ALL,decrypt,regulatory,2,0.0,0.0,0.8,23,-0.01623892954021633,0.0012625958242262758,0.0,0.0
1780535251000,BTCUSDT,ALL,cointelegraph,exchange,2,0.4,0.4,0.8,1,-0.011435745516760742,0.0132120904885622,0.0,0.0
1780536778000,BTCUSDT,BTC,coindesk,macro,2,-0.35,0.35,0.8,1,0.008717038216560447,0.021146656050955448,0.0,0.0
1780538776000,BTCUSDT,ALL,cointelegraph,regulatory,3,-0.7,0.7,0.8,2,0.024977352535882957,0.029772541418057408,0.0,0.0
1780547561000,BTCUSDT,BTC,coindesk,macro,2,-0.7,0.7,0.8,4,-0.004068954174723638,-0.013133869679473609,0.0,0.0
1780550114000,BTCUSDT,BTC,coindesk,macro,2,-0.7,0.7,0.8,5,0.006913483533356413,-0.01255021464606898,0.0,0.0
1780550930000,BTCUSDT,BTC,coindesk,macro,2,-0.8,0.8,0.9,5,-0.0012413975648492004,-0.019151122598324632,0.0,0.0
1780551651000,ETHUSDT,ETH,theblock,exchange,2,-0.35,0.35,0.8,5,0.0035770664696199717,-0.01457136779408652,0.0022352149297903967,0.0013420772432001238
1780556816000,BTCUSDT,ALL,cointelegraph,regulatory,2,-0.2,0.2,0.8,7,-0.007070859034150723,-0.024111754676295005,0.0,0.0
1780563974000,ETHUSDT,ETH,cointelegraph,influencer,2,-0.2,0.2,0.6,9,-0.003037615330021226,0.006830376153300177,0.004306505252746562,0.002897334020758091
1780563984000,BTCUSDT,ALL,cointelegraph,exchange,2,-0.3,0.3,0.8,9,-0.007344120582767788,0.003933042132542086,0.0,0.0
1780565796000,BTCUSDT,ALL,coindesk,exchange,2,-0.2,0.2,0.8,9,-0.0027977991536968227,0.014295357796508146,0.0,0.0
1780567603000,BTCUSDT,ALL,cointelegraph,regulatory,2,-0.45,0.45,0.8,10,-0.009542792740491968,0.023748826594995887,0.0,0.0
1780570321000,BTCUSDT,BTC,coindesk,influencer,2,0.2,0.2,0.8,10,0.0020184235821851804,0.024655078500480654,0.0,0.0
1780573865000,BTCUSDT,ALL,theblock,exchange,3,0.8,0.8,0.9,11,0.019518917199967678,0.021586995425286304,0.0,0.0
1780574776000,BTCUSDT,BTC,cointelegraph,macro,2,-0.7,0.7,0.8,12,0.016901487286102634,0.01807132576363335,0.0,0.0
1780578135000,BTCUSDT,ALL,theblock,exchange,3,0.7,0.7,0.8,13,0.010608546686155185,-0.0010102629386895545,0.0,0.0
1780579672000,BTCUSDT,BTC,theblock,influencer,3,0.6,0.6,0.8,13,0.005327889493951687,-0.010205472928839332,0.0,0.0
1780581124000,ETHUSDT,ETH,decrypt,influencer,2,-0.2,0.2,0.7,13,-0.0062390788117746565,-0.009784264527980646,-0.002019399534178512,0.0009432771192247058
1780581850000,BTCUSDT,BTC,coindesk,macro,2,-0.7,0.7,0.8,14,0.0003926783603431794,-0.015893598316319535,0.0,0.0
1780582305000,BTCUSDT,ALL,coindesk,regulatory,2,-0.45,0.45,0.8,14,-0.0008171477616322198,-0.012254567394744731,0.0,0.0
1780582486000,BTCUSDT,ALL,decrypt,influencer,2,0.2,0.2,0.8,14,-0.0008171477616322198,-0.012254567394744731,0.0,0.0
1780583121000,BTCUSDT,BTC,coindesk,macro,2,0.2,0.2,0.8,14,-0.00207900240347092,-0.003527327777257616,0.0,0.0
1780584939000,BTCUSDT,ALL,coindesk,geopolitical,2,-0.3,0.3,0.7,14,-0.0032641087856920548,-0.0035030909718223313,0.0,0.0
1780585660000,ETHUSDT,ETH,cointelegraph,exchange,3,-0.7,0.7,0.8,15,-0.00932907776839964,-0.006439243612460399,0.001632070374270489,0.0010055808836362257
1780585685000,BTCUSDT,BTC,cointelegraph,exchange,3,-0.7,0.7,0.8,15,-0.01096114814267013,-0.007444824496096625,0.0,0.0
1780585840000,BTCUSDT,BTC,decrypt,regulatory,2,0.2,0.2,0.8,15,-0.006318424253766275,-0.002197061850846782,0.0,0.0
1780586107000,BTCUSDT,BTC,coindesk,influencer,3,-0.8,0.8,0.7,15,-0.0025874628732217575,0.0007850554947632649,0.0,0.0
1780586843000,BTCUSDT,BTC,coindesk,influencer,2,0.35,0.35,0.8,15,-0.0072684431956502316,0.00038551290967792085,0.0,0.0
1780589190000,BTCUSDT,ALL,cointelegraph,exchange,2,0.2,0.2,0.8,16,-0.0010683317624882172,-0.0024299403078856807,0.0,0.0
1780589280000,BTCUSDT,BTC,decrypt,macro,2,-0.7,0.7,0.8,16,-0.0010683317624882172,-0.0024299403078856807,0.0,0.0
1780590006000,XRPUSDT,XRP,coindesk,exchange,2,-0.4,0.4,0.8,16,0.005593322433525616,0.009809827037260188,0.012223903046512996,0.014602114880598704
1780590747000,ETHUSDT,ETH,coindesk,influencer,3,0.7,0.7,0.8,16,-0.010395373326801072,-0.002849436025656127,0.0012329076138218875,0.0008525181486788158
1780592464000,BTCUSDT,BTC,theblock,macro,2,-0.7,0.7,0.8,17,-0.004447890209858918,0.0044724328977741035,0.0,0.0
1780594191000,BTCUSDT,ALL,decrypt,geopolitical,3,-0.7,0.7,0.8,17,0.012110838264986157,0.005453047595752825,0.0,0.0
1780595723000,BTCUSDT,ALL,theblock,regulatory,2,0.4,0.4,0.8,17,0.005838595604950703,-0.0005365938368274703,0.0,0.0
1780596088000,BTCUSDT,ALL,coindesk,influencer,2,0.2,0.2,0.8,18,0.006408027812895067,-6.305309734511155e-05,0.0,0.0
1780596459000,BTCUSDT,BTC,cointelegraph,influencer,3,-0.7,0.7,0.8,18,0.011531712287958351,0.0021215044615876533,0.0,0.0
1780598726000,BTCUSDT,ALL,decrypt,influencer,2,0.4,0.4,0.8,18,-0.004387570214262171,-0.004558374345094429,0.0,0.0
1780598809000,BTCUSDT,ALL,theblock,regulatory,2,-0.4,0.4,0.7,18,-0.004387570214262171,-0.004558374345094429,0.0,0.0
1780607263000,BTCUSDT,BTC,decrypt,influencer,3,-0.5,0.5,0.8,21,-0.008037323826005638,-0.006941481850430753,0.0,0.0
1780608165000,BTCUSDT,BTC,coindesk,influencer,3,-0.8,0.8,0.7,21,-0.0022598405591061077,-0.002388195849068686,0.0,0.0
1780612961000,BTCUSDT,ALL,coindesk,regulatory,2,-0.2,0.2,0.8,22,0.0024496981891346525,-0.013716046277665983,0.0,0.0
1780614417000,BTCUSDT,BTC,cointelegraph,exchange,3,-0.5,0.5,0.8,23,0.0009238411225958032,-0.01925020136309019,0.0,0.0
1780614602000,BTCUSDT,ALL,theblock,regulatory,2,0.2,0.2,0.8,23,0.004799311350334179,-0.009498120996793924,0.0,0.0
1780616689000,BTCUSDT,ALL,decrypt,regulatory,3,-0.7,0.7,0.8,23,-0.0003738327136240116,-0.015288566238640722,0.0,0.0
1780618037000,BTCUSDT,BTC,cointelegraph,macro,2,-0.7,0.7,0.8,0,-0.004725681901682877,-0.01258930454958207,0.0,0.0
1780618047000,BTCUSDT,ALL,cointelegraph,geopolitical,3,-0.8,0.8,0.9,0,-0.004725681901682877,-0.01258930454958207,0.0,0.0
1780621681000,BTCUSDT,ALL,cointelegraph,regulatory,2,0.2,0.2,0.8,1,-0.002871125117420603,0.0003536824641678926,0.0,0.0
1780646883000,BTCUSDT,ALL,cointelegraph,regulatory,2,0.2,0.2,0.8,8,0.00468158815749109,-0.010459893630521244,0.0,0.0
1780650603000,BTCUSDT,BTC,coindesk,macro,2,-0.7,0.7,0.8,9,-0.006246585350358935,-0.014150943396226467,0.0,0.0
1780650613000,XRPUSDT,XRP,theblock,exchange,2,0.0,0.0,0.8,9,-0.0015005737487863158,-0.003265954629711354,0.0047460116015726195,0.010884988766515113
1780651238000,BTCUSDT,BTC,coindesk,macro,2,-0.6,0.6,0.7,9,-0.008372411824047132,-0.015819361752930305,0.0,0.0
1780654057000,BTCUSDT,BTC,cointelegraph,influencer,2,0.4,0.4,0.8,10,-0.006728897909695775,-0.030013501462020975,0.0,0.0
1780656855000,BTCUSDT,BTC,coindesk,macro,2,-0.45,0.45,0.8,10,-0.00914468536720825,-0.02667066644045346,0.0,0.0
1780660839000,BTCUSDT,ALL,theblock,regulatory,2,-0.45,0.45,0.8,12,-0.0012961129826296602,-0.03214624512426523,0.0,0.0
1780662566000,BTCUSDT,BTC,theblock,influencer,2,-0.4,0.4,0.7,12,0.0071354740943134765,-0.015234781290691113,0.0,0.0
1780668463000,BTCUSDT,ALL,cointelegraph,regulatory,3,-0.5,0.5,0.7,14,-0.0042036984857583,-0.003961196376597864,0.0,0.0
1780672177000,BTCUSDT,BTC,coindesk,other,2,-0.3,0.3,0.7,15,0.004752383244961855,-0.020084940353498504,0.0,0.0
1780675090000,BTCUSDT,ALL,coindesk,macro,2,-0.45,0.45,0.8,15,0.01887482368703486,-0.0027219169837727764,0.0,0.0
1780675636000,BTCUSDT,ALL,cointelegraph,regulatory,2,-0.4,0.4,0.8,16,0.0026836840776891524,-0.0006901746422643962,0.0,0.0
1780675646000,BTCUSDT,BTC,cointelegraph,macro,2,-0.8,0.8,0.9,16,0.0026836840776891524,-0.0006901746422643962,0.0,0.0
1780675906000,BTCUSDT,ALL,decrypt,regulatory,3,-0.6,0.6,0.8,16,-0.0020994048515278196,-9.644141036713183e-05,0.0,0.0
1780682078000,XRPUSDT,XRP,coindesk,macro,2,-0.7,0.7,0.8,17,-0.022993688007213797,0.002434625788999112,0.0003233152020806207,-0.011647495775463312
1780682894000,BTCUSDT,BTC,cointelegraph,influencer,3,0.5,0.5,0.8,18,-0.020323516870696334,0.012753786226161745,0.0,0.0
1780683981000,BTCUSDT,BTC,theblock,influencer,2,0.2,0.2,0.8,18,-0.00900978804491881,0.02291251971160846,0.0,0.0
1780684982000,BTCUSDT,BTC,coindesk,macro,2,-0.7,0.7,0.8,18,0.007188845221798967,0.03433363976122705,0.0,0.0
1780685432000,BTCUSDT,ALL,coindesk,regulatory,3,0.5,0.5,0.8,18,0.015224091727404465,0.03684592175330348,0.0,0.0
1780685708000,BTCUSDT,ALL,decrypt,regulatory,3,-0.8,0.8,0.9,18,0.011242764784361814,0.03771846602236195,0.0,0.0
1780686344000,BTCUSDT,ALL,theblock,regulatory,2,0.2,0.2,0.8,19,0.024638736535490757,0.03225589197243739,0.0,0.0
1780687971000,BTCUSDT,ALL,theblock,exchange,2,0.6,0.6,0.8,19,0.023796963522034975,0.01570356810656448,0.0,0.0
1780689423000,BTCUSDT,ALL,theblock,regulatory,2,-0.3,0.3,0.8,19,0.029092774963846546,0.02174722417735575,0.0,0.0
1780690048000,BTCUSDT,BTC,cointelegraph,influencer,2,0.4,0.4,0.8,20,0.0165046437797014,0.009365777348345983,0.0,0.0
1780690049000,BTCUSDT,BTC,cointelegraph,influencer,3,0.5,0.5,0.8,20,0.0165046437797014,0.009365777348345983,0.0,0.0
1780693503000,BTCUSDT,ALL,coindesk,hack,3,-0.7,0.7,0.8,21,-0.007475913352732011,-0.011546071774975686,0.0,0.0
1780694128000,BTCUSDT,ALL,decrypt,regulatory,2,-0.2,0.2,0.8,21,-0.0009033143501462337,-0.009583770674093661,0.0,0.0
1780697317000,BTCUSDT,ALL,cointelegraph,regulatory,2,-0.3,0.3,0.7,22,-0.0014583646185173382,-0.008433725520598956,0.0,0.0
1780698043000,BTCUSDT,ALL,decrypt,geopolitical,2,-0.35,0.35,0.8,22,-0.008821819382339169,-0.011248291345773098,0.0,0.0
1780698759000,BTCUSDT,BTC,coindesk,influencer,3,0.8,0.8,0.9,22,-0.017309919761873904,-0.012894719813640432,0.0,0.0
1780700851000,BTCUSDT,BTC,cointelegraph,macro,2,0.6,0.6,0.8,23,0.0019175311541723694,-0.007077542898153655,0.0,0.0
1780701933000,BTCUSDT,ALL,theblock,macro,2,-0.7,0.7,0.8,23,0.01303157045217529,-0.0003709955757911221,0.0,0.0
1780704481000,BTCUSDT,ALL,cointelegraph,regulatory,2,-0.2,0.2,0.6,0,-0.0045551070271072636,-0.021067614198388984,0.0,0.0
1780738924000,BTCUSDT,BTC,coindesk,macro,2,0.4,0.4,0.8,9,-0.00760551294603784,-0.0014202868519694878,0.0,0.0
1780761689000,BTCUSDT,BTC,coindesk,influencer,3,0.8,0.8,0.9,16,-0.0032777668179128083,-0.004072137831261924,0.0,0.0
1780763511000,BTCUSDT,BTC,coindesk,regulatory,2,-0.2,0.2,0.8,16,0.0008151547498687073,0.001115309909790252,0.0,0.0
1780766855000,BTCUSDT,ALL,decrypt,influencer,2,-0.4,0.4,0.7,17,-0.0033105865889574426,0.0033735968092809543,0.0,0.0
1780768853000,BTCUSDT,BTC,coindesk,influencer,3,0.8,0.8,0.9,18,0.004709097160104703,0.002076229626531534,0.0,0.0
1780772402000,BTCUSDT,ALL,coindesk,regulatory,2,0.4,0.4,0.8,19,-0.002874662887550672,-0.0005617649261500102,0.0,0.0
1780772492000,BTCUSDT,BTC,decrypt,macro,2,-0.8,0.8,0.9,19,-0.002874662887550672,-0.0005617649261500102,0.0,0.0
1780777378000,ETHUSDT,ETH,theblock,influencer,2,0.0,0.0,0.8,20,0.0057128135767881005,0.00893955495443266,0.0008123283802339287,0.004829742101674972
1780790715000,BTCUSDT,ALL,theblock,exchange,2,-0.4,0.4,0.8,0,0.008296791427142125,0.012177638885828346,0.0,0.0
1780848123000,ETHUSDT,ETH,coindesk,influencer,3,0.5,0.5,0.8,16,0.004620401132028995,-0.0033407161314138456,0.0006452254222970577,0.003746847698905098
1780855286000,BTCUSDT,ALL,coindesk,influencer,3,0.7,0.7,0.8,18,-0.010249810401489201,-0.005577788102550829,0.0,0.0
1780855466000,BTCUSDT,BTC,theblock,influencer,3,0.8,0.8,0.7,18,-0.010249810401489201,-0.005577788102550829,0.0,0.0
1780855742000,BTCUSDT,BTC,cointelegraph,macro,2,-0.5,0.5,0.8,18,-0.010028386922748322,0.02094948476450753,0.0,0.0
1780863000000,BTCUSDT,ALL,theblock,macro,2,-0.35,0.35,0.8,20,0.006078416789297991,0.026999921078502798,0.0,0.0
1780864990000,BTCUSDT,BTC,coindesk,influencer,3,0.6,0.6,0.8,20,-0.0018930107700766419,0.030692777903554402,0.0,0.0
1780866177000,BTCUSDT,ALL,decrypt,regulatory,2,-0.43,0.43,0.78,21,0.0019265663755387852,0.024699979953864748,0.0,0.0
1780873796000,BTCUSDT,BTC,cointelegraph,influencer,3,0.6,0.6,0.8,23,0.003651961064369047,0.004305321211336421,0.0,0.0
1780874887000,BTCUSDT,ALL,coindesk,regulatory,2,-0.3,0.3,0.7,23,0.0033783324303149342,-0.0005438669238766458,0.0,0.0
1780895244000,BTCUSDT,ALL,theblock,regulatory,2,0.0,0.0,0.8,5,0.005943544002712908,0.01217314263450886,0.0,0.0
1780902592000,BTCUSDT,ALL,cointelegraph,exchange,3,-0.5,0.5,0.7,7,0.0016829788964243253,0.005729134715509732,0.0,0.0
1780903398000,BTCUSDT,BTC,coindesk,macro,2,-0.45,0.45,0.8,7,-0.0013492801386312259,0.006759377584003579,0.0,0.0
1780906122000,BTCUSDT,ALL,coindesk,macro,2,-0.35,0.35,0.8,8,0.002317744656891163,-0.007436690882240082,0.0,0.0
1780906128000,BTCUSDT,ALL,cointelegraph,regulatory,3,0.8,0.8,0.9,8,0.002317744656891163,-0.007436690882240082,0.0,0.0
1780908851000,BTCUSDT,BTC,coindesk,macro,2,0.8,0.8,0.9,8,0.005847512300652502,0.011708171485422136,0.0,0.0
1780913376000,BTCUSDT,ALL,cointelegraph,regulatory,3,-0.7,0.7,0.8,10,0.0009149998288320305,0.007667225289837987,0.0,0.0
1780917646000,BTCUSDT,BTC,coindesk,exchange,2,0.2,0.2,0.8,11,-0.008054216233966294,0.006030523275691424,0.0,0.0
1780921185000,BTCUSDT,BTC,theblock,macro,2,-0.7,0.7,0.8,12,0.011663762302796421,0.016761270180777554,0.0,0.0
1780925980000,BTCUSDT,BTC,theblock,influencer,3,0.7,0.7,0.8,13,0.0066113788866837275,-0.0016609961251299321,0.0,0.0
1780930165000,BTCUSDT,ALL,theblock,regulatory,2,0.4,0.4,0.8,14,0.00024470674878673826,-0.007270279778251565,0.0,0.0
1780930986000,BTCUSDT,BTC,coindesk,macro,2,0.5,0.5,0.8,15,-0.003631126501541293,-0.00986590542211907,0.0,0.0
1780931166000,BTCUSDT,BTC,coindesk,influencer,3,0.8,0.8,0.9,15,-0.005982643649507624,-0.011778636420291644,0.0,0.0
1780931257000,BTCUSDT,BTC,theblock,influencer,3,0.8,0.8,0.9,15,-0.005982643649507624,-0.011778636420291644,0.0,0.0
1780931347000,BTCUSDT,BTC,cointelegraph,macro,2,-0.8,0.8,0.7,15,-0.005982643649507624,-0.011778636420291644,0.0,0.0
1780931357000,BTCUSDT,BTC,cointelegraph,regulatory,2,-0.2,0.2,0.8,15,-0.005982643649507624,-0.011778636420291644,0.0,0.0
1780931617000,BTCUSDT,BTC,coindesk,influencer,3,0.7,0.7,0.8,15,-0.003843821780524781,-0.011290613054754872,0.0,0.0
1780934876000,BTCUSDT,ALL,cointelegraph,hack,3,0.8,0.8,0.7,16,-0.006958619598962379,-0.00862084504375471,0.0,0.0
1780938230000,BTCUSDT,ALL,decrypt,regulatory,2,-0.2,0.2,0.6,17,0.0021745710059195567,0.0049158665378710165,0.0,0.0
1780938515000,BTCUSDT,ALL,cointelegraph,regulatory,2,-0.3,0.3,0.7,17,0.003671314736319653,0.005915615004407515,0.0,0.0
1780938525000,BTCUSDT,BTC,cointelegraph,influencer,3,0.8,0.8,0.9,17,0.003671314736319653,0.005915615004407515,0.0,0.0
1780940332000,BTCUSDT,BTC,coindesk,macro,2,-0.4,0.4,0.8,17,0.001884805354323893,0.007217356113192297,0.0,0.0
1780940878000,BTCUSDT,ALL,theblock,influencer,2,-0.4,0.4,0.7,17,-0.0014804255802296495,0.0038737356502573927,0.0,0.0
1780942150000,BTCUSDT,BTC,cointelegraph,exchange,3,-0.7,0.7,0.8,18,-0.002526394254320552,-0.004633531298431359,0.0,0.0
1780942160000,BTCUSDT,BTC,cointelegraph,influencer,3,0.8,0.8,0.9,18,-0.002526394254320552,-0.004633531298431359,0.0,0.0
1780942786000,ETHUSDT,ETH,decrypt,influencer,3,0.7,0.7,0.8,18,-0.0003204500542985933,0.0059817343469048545,0.0010454871944277633,0.009015471690659749
1780944052000,BTCUSDT,ALL,coindesk,exchange,2,-0.35,0.35,0.8,18,0.002181453511341802,-0.0006918612503423738,0.0,0.0
1780944142000,BTCUSDT,ALL,coindesk,influencer,3,-0.8,0.8,0.7,18,0.002181453511341802,-0.0006918612503423738,0.0,0.0
1780945769000,BTCUSDT,BTC,cointelegraph,macro,2,-0.7,0.7,0.8,19,-0.002806331588572908,0.0025195497256731425,0.0,0.0
1780950500000,BTCUSDT,BTC,decrypt,macro,2,-0.4,0.4,0.8,20,0.006703396785031623,-0.008220407268940022,0.0,0.0
1780952041000,BTCUSDT,BTC,theblock,influencer,3,0.8,0.8,0.9,20,0.0038350495522678774,-0.014546473532771054,0.0,0.0
1780953042000,BTCUSDT,ALL,decrypt,influencer,2,-0.4,0.4,0.7,21,-0.006189519635151353,-0.015457932552773057,0.0,0.0
1780953758000,BTCUSDT,ALL,theblock,influencer,3,0.8,0.8,0.9,21,-0.005491977917201241,-0.014702247124880774,0.0,0.0
1780956582000,BTCUSDT,BTC,cointelegraph,influencer,3,0.6,0.6,0.8,22,0.0046418294558994155,-0.008679810301164381,0.0,0.0
1780963029000,ETHUSDT,ETH,decrypt,influencer,3,0.7,0.7,0.8,23,-0.014528619129940523,-0.013954342008667409,-0.008362862054169473,-0.00979772314840599
1780991805000,BTCUSDT,BTC,coindesk,influencer,3,0.7,0.7,0.8,7,-0.0039818378981679725,-0.004115960961627474,0.0,0.0
1780991805000,BTCUSDT,ALL,coindesk,hack,3,-0.9,0.9,0.8,7,-0.0039818378981679725,-0.004115960961627474,0.0,0.0
1780992626000,BTCUSDT,ALL,cointelegraph,regulatory,2,0.4,0.4,0.8,8,0.00045187240954169816,-0.002112340598947937,0.0,0.0
1780994248000,BTCUSDT,BTC,coindesk,influencer,3,0.8,0.8,0.9,8,-0.004948012919926081,-0.007367641249772849,0.0,0.0
1780999795000,BTCUSDT,ALL,cointelegraph,regulatory,3,0.7,0.7,0.8,10,-0.003970307123741579,-0.012136644577545597,0.0,0.0
1780999805000,BTCUSDT,ALL,cointelegraph,geopolitical,3,-0.7,0.7,0.8,10,-0.0032214319664363167,-0.014460182616349182,0.0,0.0
1781012329000,BTCUSDT,BTC,coindesk,influencer,2,-0.2,0.2,0.6,13,-0.01715699778966584,-0.011882147547810473,0.0,0.0
1781012339000,BTCUSDT,ALL,theblock,regulatory,2,0.4,0.4,0.8,13,-0.01715699778966584,-0.011882147547810473,0.0,0.0
1781014687000,BTCUSDT,BTC,coindesk,macro,2,-0.5,0.5,0.8,14,-0.005663107712476911,-3.9320394711994666e-05,0.0,0.0
1781016594000,BTCUSDT,ALL,decrypt,influencer,3,0.6,0.6,0.8,14,-0.002043816090792072,0.005695455912840819,0.0,0.0
1781017400000,BTCUSDT,ALL,coindesk,hack,3,-0.5,0.5,0.8,15,-0.011227446518930706,0.002179715324121645,0.0,0.0
1781017490000,BTCUSDT,ALL,cointelegraph,exchange,3,0.6,0.6,0.8,15,-0.011227446518930706,0.002179715324121645,0.0,0.0
1781020769000,BTCUSDT,ALL,coindesk,macro,2,-0.35,0.35,0.8,15,0.009881212130744776,0.016973815090963074,0.0,0.0
1781020950000,BTCUSDT,ALL,theblock,regulatory,3,0.6,0.6,0.8,16,0.00846640779601926,0.017371807229231706,0.0,0.0
1781021030000,BTCUSDT,BTC,coindesk,macro,2,-0.6,0.6,0.8,16,0.00846640779601926,0.017371807229231706,0.0,0.0
1781021140000,BTCUSDT,ALL,cointelegraph,hack,3,-0.7,0.7,0.8,16,0.009885733705876198,0.01993098347967659,0.0,0.0
1781021220000,BTCUSDT,ALL,theblock,regulatory,2,0.2,0.2,0.8,16,0.009885733705876198,0.01993098347967659,0.0,0.0
1781027668000,BTCUSDT,ALL,coindesk,influencer,2,-0.4,0.4,0.8,17,0.0016209554527402137,0.0011215390777508105,0.0,0.0
1781028304000,BTCUSDT,BTC,cointelegraph,macro,2,-0.7,0.7,0.8,18,0.0004730303089190979,0.0014252446931861673,0.0,0.0
1781028314000,BTCUSDT,ALL,cointelegraph,regulatory,2,-0.4,0.4,0.8,18,0.0004730303089190979,0.0014252446931861673,0.0,0.0
1781028574000,BTCUSDT,ALL,theblock,exchange,2,-0.2,0.2,0.8,18,0.0004730303089190979,0.0014252446931861673,0.0,0.0
1781030487000,BTCUSDT,ALL,coindesk,regulatory,2,0.4,0.4,0.8,18,0.0024970813335063458,0.0023350953431053867,0.0,0.0
1781031938000,BTCUSDT,BTC,cointelegraph,macro,2,-0.7,0.7,0.8,19,0.0070040454833204535,-0.00048559396477920735,0.0,0.0
1781033660000,BTCUSDT,ALL,theblock,regulatory,2,-0.2,0.2,0.7,19,0.003372352303414372,-0.004376380700673588,0.0,0.0
1781038201000,BTCUSDT,ALL,theblock,regulatory,3,-0.7,0.7,0.8,20,-0.006415701415701469,-0.003810167310167256,0.0,0.0
1781041199000,BTCUSDT,ALL,theblock,regulatory,3,0.7,0.7,0.8,21,0.001021314911796578,-0.0024921961086461497,0.0,0.0
1781041210000,BTCUSDT,ALL,decrypt,regulatory,2,0.0,0.0,0.8,21,1.6177041550768934e-07,6.842888572533568e-05,0.0,0.0
1781042651000,BTCUSDT,ALL,decrypt,regulatory,2,-0.2,0.2,0.8,22,0.00032995532725599297,-0.0015167902230851515,0.0,0.0
1781050090000,BTCUSDT,ALL,coindesk,regulatory,2,-0.4,0.4,0.7,0,-0.00013876179839178437,-0.005217152510860856,0.0,0.0
1781052363000,BTCUSDT,ALL,decrypt,regulatory,2,-0.4,0.4,0.7,0,0.0007062055382063281,-0.007359925103339271,0.0,0.0
1781053544000,ETHUSDT,ETH,cointelegraph,macro,2,-0.7,0.7,0.8,1,-0.00539296844565651,-0.012417218543046449,-0.0011124301433791395,-0.0019259853649925551
1781062335000,BTCUSDT,ALL,theblock,regulatory,2,-0.2,0.2,0.6,3,-0.0041937843373102135,0.0032139722375736923,0.0,0.0
1781067521000,BTCUSDT,ALL,theblock,regulatory,3,-0.7,0.7,0.8,4,0.0019446541348500102,-0.001220773481816928,0.0,0.0
1781078768000,BTCUSDT,ALL,cointelegraph,influencer,3,-0.7,0.7,0.8,8,-0.009030559014436057,-0.006990824684598995,0.0,0.0
1781079314000,BTCUSDT,BTC,coindesk,macro,2,-0.5,0.5,0.8,8,-0.008789661898569556,-0.007482932379713869,0.0,0.0
1781081311000,BTCUSDT,BTC,coindesk,macro,2,-0.35,0.35,0.8,8,0.0005665979416435984,0.006322169025696489,0.0,0.0
1781082403000,BTCUSDT,ALL,cointelegraph,regulatory,2,-0.35,0.35,0.8,9,0.0029059532329036575,0.007606899612375706,0.0,0.0
1781085942000,BTCUSDT,ALL,cointelegraph,regulatory,2,0.2,0.2,0.8,10,-0.0011714230896405775,0.012454575514252886,0.0,0.0
1781085952000,BTCUSDT,ALL,cointelegraph,regulatory,2,0.45,0.45,0.8,10,-0.0011714230896405775,0.012454575514252886,0.0,0.0
1781086022000,BTCUSDT,ALL,theblock,regulatory,3,-0.8,0.8,0.9,10,-0.0011714230896405775,0.012454575514252886,0.0,0.0
1781089195000,BTCUSDT,ALL,theblock,regulatory,3,0.6,0.6,0.8,10,0.0011609351469468177,0.019157970443440142,0.0,0.0
1781089571000,BTCUSDT,ALL,cointelegraph,macro,2,-0.5,0.5,0.8,11,0.00032663064792681773,0.012620400094752293,0.0,0.0
1781092935000,BTCUSDT,BTC,theblock,exchange,3,-0.7,0.7,0.8,12,0.007620845157635392,0.022334471499109387,0.0,0.0
1781093025000,BTCUSDT,ALL,coindesk,regulatory,3,0.6,0.6,0.8,12,0.007620845157635392,0.022334471499109387,0.0,0.0
1781094567000,BTCUSDT,ALL,coindesk,influencer,2,-0.35,0.35,0.7,12,0.0017819866110195814,0.011819424708106263,0.0,0.0
1781096824000,BTCUSDT,ALL,cointelegraph,regulatory,3,-0.8,0.8,0.9,13,0.007731012512675051,0.00916009914704996,0.0,0.0
1781098827000,BTCUSDT,ALL,theblock,regulatory,2,-0.2,0.2,0.8,13,-0.008008516195200488,-0.006346948472823022,0.0,0.0
1781101275000,BTCUSDT,BTC,coindesk,macro,2,-0.7,0.7,0.8,14,0.0033719692725995287,-0.0005923991132706918,0.0,0.0
1781106190000,BTCUSDT,ALL,coindesk,macro,2,-0.35,0.35,0.8,15,-0.005022151593951696,-0.005189572698963141,0.0,0.0
1781106646000,BTCUSDT,BTC,theblock,macro,2,-0.8,0.8,0.9,15,-0.006703466821032178,-0.011123859600445263,0.0,0.0
1781106736000,BTCUSDT,BTC,theblock,macro,2,-0.7,0.7,0.8,15,-0.006703466821032178,-0.011123859600445263,0.0,0.0
1781110095000,BTCUSDT,ALL,theblock,regulatory,2,-0.3,0.3,0.7,16,-0.004308030884490388,-0.006220173051600941,0.0,0.0
1781110281000,BTCUSDT,ALL,theblock,exchange,2,0.8,0.8,0.9,16,-0.0040074362742253955,-0.006650987723590074,0.0,0.0
1781110641000,BTCUSDT,ALL,coindesk,influencer,2,-0.35,0.35,0.8,16,-0.004097600872410068,-0.009654243376740035,0.0,0.0
1781110821000,BTCUSDT,ALL,coindesk,regulatory,2,-0.2,0.2,0.8,17,-0.0027985782752742994,-0.00891312039628156,0.0,0.0
1781111187000,BTCUSDT,BTC,cointelegraph,macro,2,-0.8,0.8,0.9,17,-0.002137458968421657,-0.008775950430020218,0.0,0.0
1781114543000,BTCUSDT,BTC,theblock,exchange,3,0.8,0.8,0.9,18,-0.0013224955361743618,-0.011752308198230366,0.0,0.0
1781114819000,BTCUSDT,ALL,cointelegraph,exchange,2,0.4,0.4,0.8,18,-0.0033521789162955784,-0.011533948679544936,0.0,0.0
1781118543000,BTCUSDT,ALL,decrypt,regulatory,3,-0.5,0.5,0.8,19,0.0010365656173079163,-0.008823196009845824,0.0,0.0
1781120255000,BTCUSDT,ALL,theblock,regulatory,3,0.6,0.6,0.8,19,-0.003371493066752662,-0.007674782328281116,0.0,0.0
1781121717000,BTCUSDT,ALL,decrypt,exchange,2,0.7,0.7,0.8,20,-0.0021405211057258233,-0.0023736968672998238,0.0,0.0
1781122077000,BTCUSDT,ALL,theblock,hack,2,-0.2,0.2,0.8,20,-0.004343696721933354,-0.0020383069046352453,0.0,0.0
1781124896000,BTCUSDT,ALL,coindesk,influencer,3,0.7,0.7,0.8,20,-0.007270063785575154,0.00010500681897118724,0.0,0.0
1781125622000,BTCUSDT,ALL,cointelegraph,regulatory,2,-0.2,0.2,0.8,21,-0.0049139282667858275,0.00800194971363588,0.0,0.0
1781126528000,BTCUSDT,BTC,coindesk,exchange,3,0.7,0.7,0.8,21,-0.005229472521761758,0.009743893724827757,0.0,0.0
1781129251000,BTCUSDT,ALL,cointelegraph,regulatory,3,0.7,0.7,0.8,22,-0.0006189886988435811,0.015279436414953329,0.0,0.0
1781129251000,BTCUSDT,BTC,cointelegraph,macro,2,-0.45,0.45,0.8,22,-0.0006189886988435811,0.015279436414953329,0.0,0.0
1781132510000,BTCUSDT,BTC,theblock,influencer,3,-0.7,0.7,0.8,23,0.005874488302697323,0.01417838062262966,0.0,0.0
1781136415000,BTCUSDT,BTC,cointelegraph,macro,2,-0.45,0.45,0.8,0,0.005673365914513617,0.015907924151738584,0.0,0.0
1781143589000,BTCUSDT,ALL,cointelegraph,regulatory,2,0.2,0.2,0.8,2,-0.0018553943858919952,0.00966760666668276,0.0,0.0
1781158295000,ETHUSDT,ETH,theblock,influencer,3,0.7,0.7,0.8,6,-0.0016891586180270979,-0.0013513268944215229,-0.00036707781354428093,-0.0021658586637093302
1781161659000,BTCUSDT,ALL,cointelegraph,regulatory,3,-0.7,0.7,0.8,7,0.002765879348866962,0.00845691030960749,0.0,0.0
1781163381000,BTCUSDT,BTC,coindesk,macro,2,-0.7,0.7,0.8,7,0.0029356666343831606,0.007380730864356533,0.0,0.0
1781165284000,BTCUSDT,BTC,cointelegraph,macro,2,-0.5,0.5,0.8,8,0.0006334219858861179,0.005156659739873781,0.0,0.0
1781165830000,BTCUSDT,BTC,coindesk,macro,2,-0.7,0.7,0.8,8,-0.0017971239659544391,-0.003305481196311244,0.0,0.0
1781168007000,BTCUSDT,BTC,theblock,exchange,3,0.7,0.7,0.8,8,-0.0004844500277089159,0.000826265260374548,0.0,0.0
1781168823000,BTCUSDT,ALL,cointelegraph,hack,3,-0.8,0.8,0.9,9,0.0006452679054687049,0.0005530186116131652,0.0,0.0
1781172453000,BTCUSDT,BTC,cointelegraph,influencer,3,-0.6,0.6,0.8,10,0.004390619019583708,-0.0019021300295897214,0.0,0.0
1781178720000,BTCUSDT,ALL,coindesk,regulatory,3,-0.7,0.7,0.8,11,-0.0015527349939785662,-0.005681688533941798,0.0,0.0
1781184802000,BTCUSDT,ALL,coindesk,regulatory,2,-0.2,0.2,0.8,13,0.0011775187484057703,0.006106071207104602,0.0,0.0
1781185893000,BTCUSDT,ALL,theblock,regulatory,2,-0.2,0.2,0.8,13,-0.005446468530731385,0.008982907870420442,0.0,0.0
1781189693000,BTCUSDT,BTC,coindesk,influencer,2,0.0,0.0,0.8,14,0.00024579964746407335,0.011590202572703046,0.0,0.0
1781191250000,BTCUSDT,ALL,theblock,regulatory,3,0.7,0.7,0.8,15,-0.0014636961276294214,0.013741718687232618,0.0,0.0
1781192607000,BTCUSDT,BTC,coindesk,exchange,2,0.2,0.2,0.8,15,-2.9378352465192492e-05,0.016714526238141847,0.0,0.0
1781194064000,BTCUSDT,ALL,cointelegraph,regulatory,3,0.7,0.7,0.8,16,-0.005712126462312783,0.011286093541860609,0.0,0.0
1781194064000,BTCUSDT,ALL,cointelegraph,regulatory,3,0.7,0.7,0.8,16,-0.005712126462312783,0.011286093541860609,0.0,0.0
1781197698000,BTCUSDT,ALL,theblock,hack,2,-0.3,0.3,0.8,17,0.016146894558289215,0.017457023791076054,0.0,0.0
1781199052000,BTCUSDT,ALL,coindesk,regulatory,2,-0.2,0.2,0.7,17,0.004794730920320678,0.004705213249754037,0.0,0.0
1781201149000,BTCUSDT,ALL,decrypt,regulatory,2,0.2,0.2,0.8,18,0.0008860073694263448,0.002453849713047962,0.0,0.0
1781201785000,BTCUSDT,ALL,theblock,regulatory,2,-0.35,0.35,0.7,18,0.004451227908894628,0.0025575750138140396,0.0,0.0
1781207321000,BTCUSDT,BTC,theblock,macro,2,-0.7,0.7,0.8,19,-0.004709419891588684,-0.0012152278202869349,0.0,0.0
1781207582000,BTCUSDT,BTC,decrypt,hack,2,-0.2,0.2,0.8,19,-0.0033331928846606074,0.0003193111055490583,0.0,0.0
1781207774000,BTCUSDT,ALL,coindesk,regulatory,2,-0.35,0.35,0.7,19,-0.002332974950231659,-0.0004051264451985226,0.0,0.0
1781208045000,BTCUSDT,ALL,coindesk,exchange,3,0.5,0.5,0.8,20,-0.001552521471041568,0.0022753012237708425,0.0,0.0
1781208135000,BTCUSDT,ALL,theblock,exchange,2,0.2,0.2,0.8,20,-0.001552521471041568,0.0022753012237708425,0.0,0.0
1781208500000,BTCUSDT,ALL,cointelegraph,exchange,2,0.7,0.7,0.8,20,0.0003550795977966814,0.003171949970921517,0.0,0.0
1781211400000,BTCUSDT,BTC,theblock,macro,2,-0.5,0.5,0.8,20,0.001837968515334687,0.0007147655337411685,0.0,0.0
1781212401000,BTCUSDT,ALL,decrypt,influencer,2,-0.35,0.35,0.7,21,0.0017754624757839732,-0.0014430059859483757,0.0,0.0
1781215039000,BTCUSDT,ALL,decrypt,regulatory,2,-0.4,0.4,0.7,21,-0.0023912355860147283,-0.0016298087970982866,0.0,0.0
1781215675000,XRPUSDT,XRP,cointelegraph,other,2,-0.8,0.8,0.7,22,-0.002622377622377492,0.0021853146853147987,0.0008592296877092398,0.0016560173385433696
1781219670000,BTCUSDT,ALL,coindesk,influencer,2,0.0,0.0,0.8,23,0.003533702629699098,0.0011055238347532637,0.0,0.0
1781219840000,BTCUSDT,ALL,theblock,regulatory,2,-0.35,0.35,0.7,23,0.0029722252631891877,0.0004352175725048646,0.0,0.0
1781226536000,BTCUSDT,ALL,cointelegraph,regulatory,2,-0.2,0.2,0.8,1,0.002815560987335042,-0.0007373225724035537,0.0,0.0
1781230160000,BTCUSDT,BTC,cointelegraph,macro,2,-0.7,0.7,0.8,2,-0.002108058702704363,-0.005668087798658017,0.0,0.0
1781233334000,BTCUSDT,BTC,theblock,influencer,3,0.8,0.8,0.9,3,-0.0017296200779971516,-0.00800666750534662,0.0,0.0
1781251765000,BTCUSDT,ALL,cointelegraph,exchange,2,0.6,0.6,0.8,8,0.0041322555569192065,0.005221911080128594,0.0,0.0
1781252130000,BTCUSDT,BTC,coindesk,macro,2,0.4,0.4,0.7,8,0.0025670777591677574,0.0008817785347077223,0.0,0.0
1781253667000,BTCUSDT,BTC,theblock,exchange,3,0.8,0.8,0.9,8,0.006495600148897829,0.001128401423958314,0.0,0.0
1781256485000,BTCUSDT,ALL,coindesk,regulatory,2,0.2,0.2,0.8,9,-0.0025577240527931977,-0.010286291397143321,0.0,0.0
1781258938000,BTCUSDT,ALL,cointelegraph,regulatory,3,0.7,0.7,0.8,10,0.0009309731327142856,-0.005041399059587004,0.0,0.0
1781262557000,BTCUSDT,ALL,cointelegraph,hack,3,-0.5,0.5,0.8,11,-0.003076388013100062,0.008469975960088583,0.0,0.0
1781268004000,BTCUSDT,BTC,theblock,exchange,2,0.4,0.4,0.8,12,-0.004560331275617169,0.0070936561676839816,0.0,0.0
1781269461000,BTCUSDT,BTC,theblock,influencer,3,-0.8,0.8,0.8,13,-0.0003469792400210281,0.008734832067247789,0.0,0.0
1781269736000,BTCUSDT,ALL,cointelegraph,hack,2,-0.4,0.4,0.8,13,-0.0005903481542011146,0.006648977223397967,0.0,0.0
1781271098000,BTCUSDT,BTC,theblock,influencer,3,-0.5,0.5,0.8,13,0.005498450730647031,0.007260479360772454,0.0,0.0
1781271734000,BTCUSDT,BTC,coindesk,macro,2,-0.4,0.4,0.8,13,0.004862833049165793,0.010125140785163023,0.0,0.0
1781273005000,BTCUSDT,ALL,decrypt,regulatory,2,-0.4,0.4,0.7,14,0.010340638452181361,0.005327869692287157,0.0,0.0
1781275178000,BTCUSDT,ALL,theblock,regulatory,2,-0.45,0.45,0.8,14,0.0062264790623796085,0.00566636206926141,0.0,0.0
1781280539000,BTCUSDT,ALL,cointelegraph,exchange,3,-0.7,0.7,0.8,16,0.0007633726445452904,-0.0036851716547131597,0.0,0.0
1781280549000,BTCUSDT,BTC,cointelegraph,exchange,2,0.2,0.2,0.7,16,0.0007633726445452904,-0.0036851716547131597,0.0,0.0
1781282987000,BTCUSDT,ALL,theblock,exchange,3,-0.8,0.8,0.9,16,-0.0009389669892070351,-0.0076057891070753225,0.0,0.0
1781284158000,BTCUSDT,ALL,cointelegraph,regulatory,3,-0.6,0.6,0.8,17,-0.0014409305322523602,-0.004851972513260416,0.0,0.0
1781284529000,BTCUSDT,ALL,coindesk,exchange,3,-0.8,0.8,0.9,17,-0.0008174072950544176,-0.0038103345428265323,0.0,0.0
1781287437000,BTCUSDT,BTC,decrypt,influencer,2,-0.4,0.4,0.7,18,-0.0008463734902902642,-0.0034808246543988064,0.0,0.0
1781287623000,BTCUSDT,ALL,decrypt,influencer,3,-0.8,0.8,0.9,18,-0.0016564292205960562,-0.004815569275126164,0.0,0.0
1781288254000,BTCUSDT,BTC,decrypt,influencer,3,0.5,0.5,0.8,18,-0.0002965407811825749,-0.0018736984173980398,0.0,0.0
1781290251000,BTCUSDT,BTC,coindesk,influencer,2,0.4,0.4,0.8,18,-0.0016442679059252008,-0.00301441266053315,0.0,0.0
1781290797000,BTCUSDT,ALL,coindesk,influencer,2,0.0,0.0,0.8,18,-0.0016237572642081588,-0.0045762570709037,0.0,0.0
1781291613000,BTCUSDT,ALL,theblock,exchange,2,-0.3,0.3,0.8,19,-0.0033674042235606327,-0.004942247637225172,0.0,0.0
1781294972000,BTCUSDT,ALL,cointelegraph,exchange,3,-0.8,0.8,0.9,20,-0.00040863797818502245,-0.0005335868984377434,0.0,0.0
1781295232000,BTCUSDT,ALL,decrypt,geopolitical,2,-0.2,0.2,0.6,20,0.001012155147598115,0.0003117834469588132,0.0,0.0
1781295868000,BTCUSDT,ALL,decrypt,macro,2,-0.8,0.8,0.9,20,-0.00023093390331663244,8.390441068018006e-05,0.0,0.0
1781297420000,BTCUSDT,ALL,theblock,regulatory,2,-0.35,0.35,0.8,20,0.00036249586281900115,0.002380021749751826,0.0,0.0
1781297513000,BTCUSDT,ALL,decrypt,influencer,2,-0.4,0.4,0.7,20,0.00036249586281900115,0.002380021749751826,0.0,0.0
1781298679000,BTCUSDT,BTC,coindesk,macro,2,0.8,0.8,0.9,21,-0.001162227602905519,0.0002515644162133235,0.0,0.0
1781305137000,BTCUSDT,ALL,decrypt,influencer,3,0.8,0.8,0.7,22,0.0016058549420767676,0.0034579766889484276,0.0,0.0
1781307584000,BTCUSDT,ALL,theblock,regulatory,2,-0.2,0.2,0.8,23,0.0013071409641538523,-4.566568842401253e-06,0.0,0.0
1781331051000,BTCUSDT,ALL,cointelegraph,regulatory,3,-0.5,0.5,0.7,6,0.0020144387499161365,0.0027849057635995766,0.0,0.0
1781331061000,BTCUSDT,ALL,cointelegraph,exchange,2,-0.4,0.4,0.7,6,0.0020144387499161365,0.0027849057635995766,0.0,0.0
1781366540000,BTCUSDT,ALL,coindesk,influencer,2,0.4,0.4,0.8,16,-0.0016939799745918638,0.0028848207506151358,0.0,0.0
1781366820000,BTCUSDT,BTC,coindesk,influencer,3,0.8,0.8,0.9,16,-0.002077777330541264,0.0027659494138134733,0.0,0.0
1781370089000,BTCUSDT,ALL,coindesk,exchange,3,0.7,0.7,0.8,17,0.001234743664496163,0.004890997654440232,0.0,0.0
1781370359000,BTCUSDT,BTC,cointelegraph,influencer,2,0.0,0.0,0.8,17,0.0014523758304649803,0.004348059913551472,0.0,0.0
1781377262000,ETHUSDT,ETH,coindesk,influencer,3,0.7,0.7,0.8,19,-0.0005717757209734442,0.0014115713111531036,-0.0018404469556873027,-0.0022950670402877016
1781377353000,BTCUSDT,ALL,decrypt,hack,3,-0.7,0.7,0.8,19,0.0012686712347138585,0.0037066383514408052,0.0,0.0
1781380346000,BTCUSDT,ALL,coindesk,other,2,-0.7,0.7,0.8,19,-0.00028430745705176896,0.0025105530479923033,0.0,0.0
1781380892000,BTCUSDT,BTC,coindesk,influencer,2,0.0,0.0,0.8,20,0.0003030374683739012,0.0019059625577606543,0.0,0.0
1781384516000,BTCUSDT,ALL,coindesk,hack,2,-0.4,0.4,0.7,21,0.0018920107567483857,0.004900628223463155,0.0,0.0
1781391965000,BTCUSDT,ALL,theblock,influencer,2,0.4,0.4,0.8,23,-0.00018466994282528848,0.000880208332525001,0.0,0.0
1781420792000,BTCUSDT,ALL,cointelegraph,regulatory,2,-0.2,0.2,0.8,7,0.003466505962558486,0.005370507058834573,0.0,0.0
1781427955000,BTCUSDT,ALL,cointelegraph,macro,2,0.5,0.5,0.7,9,0.0015319321715689949,-0.0010621085967625898,0.0,0.0
1781446021000,BTCUSDT,BTC,cointelegraph,macro,2,0.5,0.5,0.7,14,-0.0032362836976174147,-0.009036776417611803,0.0,0.0
1781449655000,BTCUSDT,ALL,cointelegraph,hack,3,-0.8,0.8,0.9,15,0.00012168446874039063,-0.004826661254307862,0.0,0.0
1781456458000,BTCUSDT,ALL,coindesk,regulatory,2,-0.35,0.35,0.7,17,-0.003023309355398518,0.0014057684679940063,0.0,0.0
1781462815000,BTCUSDT,ALL,theblock,influencer,2,0.4,0.4,0.7,18,-0.0003388865585867151,0.025876543720754874,0.0,0.0
1781472711000,BTCUSDT,ALL,coindesk,regulatory,2,0.2,0.2,0.8,21,0.00543507446415159,0.011094340749102205,0.0,0.0
1781475520000,BTCUSDT,BTC,coindesk,macro,2,-0.7,0.7,0.8,22,0.005306250766776932,0.007637099742362929,0.0,0.0
1781478428000,BTCUSDT,BTC,cointelegraph,influencer,3,0.8,0.8,0.7,23,0.004972392544461801,0.002531801958451707,0.0,0.0
1781480771000,BTCUSDT,BTC,theblock,macro,2,-0.4,0.4,0.8,23,-0.0028941220871557816,0.00280075840505023,0.0,0.0
1781486062000,BTCUSDT,ALL,theblock,regulatory,2,-0.2,0.2,0.8,1,0.0029876775097719133,0.0034037354213687365,0.0,0.0
1781492970000,BTCUSDT,BTC,coindesk,macro,2,0.7,0.7,0.8,3,-0.0001384493881526616,0.0013476754728085627,0.0,0.0
1781502225000,BTCUSDT,BTC,theblock,influencer,2,0.2,0.2,0.8,5,0.001946472019464629,-0.0030936739659367385,0.0,0.0
1781510845000,BTCUSDT,BTC,cointelegraph,macro,2,-0.3,0.3,0.7,8,-0.000769944623623231,0.008397736262398814,0.0,0.0
1781511661000,BTCUSDT,BTC,coindesk,geopolitical,2,-0.35,0.35,0.7,8,-0.00047795557434149316,0.009264176810978242,0.0,0.0
1781513839000,BTCUSDT,BTC,theblock,macro,2,0.8,0.8,0.7,8,-0.0004250060073404116,0.013505475740242856,0.0,0.0
1781514475000,BTCUSDT,ALL,cointelegraph,regulatory,2,-0.4,0.4,0.8,9,0.0008924902472373653,0.014269947697513663,0.0,0.0
1781516597000,BTCUSDT,BTC,coindesk,macro,2,0.2,0.2,0.8,9,0.003103121945385867,0.016018229144421303,0.0,0.0
1781518044000,BTCUSDT,BTC,cointelegraph,macro,2,0.5,0.5,0.7,10,0.003078490556968294,0.010678732783886202,0.0,0.0
1781525403000,BTCUSDT,ALL,coindesk,geopolitical,3,-0.5,0.5,0.7,12,0.007876956286776426,0.012232245702515021,0.0,0.0
1781532286000,BTCUSDT,BTC,decrypt,macro,2,0.2,0.2,0.8,14,0.004067640855679233,0.006296776137390658,0.0,0.0
1781532481000,BTCUSDT,ALL,cointelegraph,regulatory,3,-0.6,0.6,0.8,14,0.002758193872161918,0.005447756487873878,0.0,0.0
1781533753000,BTCUSDT,ALL,decrypt,regulatory,3,-0.5,0.5,0.8,14,0.001915908352034812,0.0045803240856596705,0.0,0.0
1781536115000,BTCUSDT,BTC,theblock,influencer,3,0.8,0.8,0.9,15,0.009526562661115623,0.0034327805552516466,0.0,0.0
1781541106000,BTCUSDT,BTC,coindesk,influencer,3,0.7,0.7,0.8,16,-0.00443853136492689,-0.007728091236494539,0.0,0.0
1781542378000,BTCUSDT,ALL,theblock,exchange,3,0.5,0.5,0.8,16,-0.00455939792123039,-0.009500135426924072,0.0,0.0
1781543284000,BTCUSDT,ALL,coindesk,exchange,3,0.6,0.6,0.8,17,-0.0013852709537366392,-0.0056687434021369665,0.0,0.0
1781543294000,BTCUSDT,BTC,cointelegraph,influencer,3,0.8,0.8,0.9,17,-0.0013852709537366392,-0.0056687434021369665,0.0,0.0
1781543915000,BTCUSDT,BTC,coindesk,influencer,3,0.8,0.8,0.9,17,0.00017484815955493005,-0.004440305656719268,0.0,0.0
1781544371000,BTCUSDT,ALL,coindesk,regulatory,3,0.7,0.7,0.8,17,0.00109580029593781,-0.004733090397982531,0.0,0.0
1781547825000,BTCUSDT,BTC,theblock,influencer,3,-0.7,0.7,0.8,18,-0.004427739144527099,-0.009942473359717097,0.0,0.0
1781548265000,BTCUSDT,BTC,decrypt,influencer,3,0.5,0.5,0.8,18,-0.00205437386491647,-0.007621146402870482,0.0,0.0
1781548551000,BTCUSDT,ALL,theblock,regulatory,3,-0.5,0.5,0.8,18,-0.001219248407080764,-0.007594218562065214,0.0,0.0
1781551659000,BTCUSDT,ALL,theblock,influencer,3,0.7,0.7,0.8,19,-0.00013931981636172708,-0.007440488018270797,0.0,0.0
1781552766000,BTCUSDT,BTC,theblock,influencer,3,0.7,0.7,0.8,19,-0.001801777199325838,-0.004531301602468174,0.0,0.0
1781555549000,SOLUSDT,SOL,decrypt,exchange,2,-0.4,0.4,0.8,20,-0.008123585031295733,-0.012917831935011281,-0.004798053180243955,-0.008597010979029651
1781557196000,BTCUSDT,ALL,decrypt,regulatory,2,-0.4,0.4,0.7,20,-0.0009313581243404201,-0.0026918264678627013,0.0,0.0
1781561371000,BTCUSDT,ALL,cointelegraph,exchange,3,0.6,0.6,0.8,22,-0.0014105537022250925,-0.004504549981232064,0.0,0.0
1781564910000,BTCUSDT,ALL,cointelegraph,regulatory,2,0.2,0.2,0.8,23,0.0018344539945436278,-0.0069472947198144785,0.0,0.0
1781566361000,BTCUSDT,BTC,theblock,influencer,3,-0.7,0.7,0.8,23,0.00238626716012158,-0.0022657379371467945,0.0,0.0
1781567363000,BTCUSDT,ALL,decrypt,influencer,2,-0.2,0.2,0.8,23,-8.033966343556909e-05,-0.0035070599421315185,0.0,0.0
1781568454000,BTCUSDT,ALL,decrypt,influencer,2,-0.2,0.2,0.8,0,-0.0016090801342391048,-0.0036329694690486747,0.0,0.0
1781568544000,BTCUSDT,BTC,cointelegraph,macro,2,0.4,0.4,0.8,0,-0.0016090801342391048,-0.0036329694690486747,0.0,0.0
1781575712000,BTCUSDT,ALL,cointelegraph,influencer,2,-0.4,0.4,0.7,2,-0.003860890482671242,0.0018746669003755212,0.0,0.0
1781595124000,BTCUSDT,BTC,coindesk,macro,2,0.4,0.4,0.8,7,0.0022800882387370436,0.00013558502906274583,0.0,0.0
1781599389000,BTCUSDT,BTC,coindesk,exchange,2,-0.4,0.4,0.8,8,-0.001756407947655858,-0.003331532504952328,0.0,0.0
1781600936000,BTCUSDT,ALL,cointelegraph,regulatory,2,-0.3,0.3,0.8,9,-0.003345248052225025,-0.008324925528014226,0.0,0.0
1781604576000,BTCUSDT,BTC,cointelegraph,macro,2,-0.4,0.4,0.7,10,-0.00042125024909822617,-0.007706490019089407,0.0,0.0
1781607845000,BTCUSDT,ALL,theblock,hack,2,-0.2,0.2,0.8,11,0.0001505489773723223,-0.010361108491669269,0.0,0.0
1781611204000,BTCUSDT,ALL,cointelegraph,regulatory,2,-0.3,0.3,0.8,12,-0.0049780451127818814,-0.00995488721804516,0.0,0.0
1781613292000,BTCUSDT,ALL,theblock,regulatory,2,-0.45,0.45,0.8,12,-0.008857620988015569,-0.011444051719609494,0.0,0.0
1781615745000,BTCUSDT,BTC,theblock,influencer,3,0.7,0.7,0.8,13,-0.007578703049599289,-0.005584220026277786,0.0,0.0
1781618829000,BTCUSDT,ALL,theblock,exchange,2,-0.2,0.2,0.8,14,-0.0025622762002888155,0.0016631017233343925,0.0,0.0
1781619725000,BTCUSDT,BTC,coindesk,exchange,2,0.2,0.2,0.8,14,0.003980591603108596,0.0054447488119167,0.0,0.0
1781620826000,BTCUSDT,ALL,theblock,exchange,2,0.4,0.4,0.8,14,0.0022235931748892934,0.0035148640830382494,0.0,0.0
1781621828000,BTCUSDT,ALL,decrypt,hack,3,-0.5,0.5,0.8,14,0.003563705577610321,0.0007514240735011501,0.0,0.0
1781622088000,SOLUSDT,SOL,cointelegraph,exchange,2,-0.3,0.3,0.7,15,0.0012290045063496624,0.009149255769493436,0.0006679194907237562,0.009699550688665126
1781622088000,BTCUSDT,BTC,theblock,exchange,3,0.7,0.7,0.8,15,0.0005610850156259062,-0.0005502949191716899,0.0,0.0
1781622188000,BTCUSDT,BTC,decrypt,exchange,2,0.2,0.2,0.8,15,0.0005610850156259062,-0.0005502949191716899,0.0,0.0
1781624456000,BTCUSDT,BTC,cointelegraph,macro,2,-0.7,0.7,0.8,15,-0.0011551435951983047,-0.002583042090867682,0.0,0.0
1781627090000,BTCUSDT,ALL,theblock,exchange,2,0.6,0.6,0.8,16,-0.0005900952467235987,-0.000981971997381259,0.0,0.0
1781628361000,BTCUSDT,ALL,theblock,regulatory,2,0.4,0.4,0.8,16,0.0033775559883155726,0.0019475718111001683,0.0,0.0
1781628727000,BTCUSDT,ALL,decrypt,regulatory,2,-0.4,0.4,0.7,16,0.003356546200336874,0.0014588323532001013,0.0,0.0
1781630449000,BTCUSDT,BTC,cointelegraph,macro,2,-0.5,0.5,0.8,17,0.0024764564010892887,-0.00029141938732879513,0.0,0.0
1781630459000,BTCUSDT,ALL,theblock,regulatory,3,-0.7,0.7,0.8,17,0.0024764564010892887,-0.00029141938732879513,0.0,0.0
1781631445000,BTCUSDT,ALL,theblock,regulatory,2,0.2,0.2,0.8,17,0.0014460634162989372,-0.0002722395367242836,0.0,0.0
1781632717000,BTCUSDT,ALL,coindesk,regulatory,2,0.2,0.2,0.8,17,-0.005910259007252505,-0.005263380039426946,0.0,0.0
1781633628000,BTCUSDT,ALL,coindesk,exchange,3,0.8,0.8,0.9,18,-0.006963692430210666,-0.0032980337818507843,0.0,0.0
1781633989000,BTCUSDT,ALL,decrypt,exchange,2,-0.4,0.4,0.7,18,-0.0033068871359224206,-0.0030028822815533207,0.0,0.0
1781637984000,BTCUSDT,ALL,cointelegraph,regulatory,2,-0.3,0.3,0.7,19,0.0011910923039455401,0.001004627374573852,0.0,0.0
1781640071000,BTCUSDT,BTC,cointelegraph,regulatory,3,0.7,0.7,0.8,20,0.00411574841848128,0.0011576303925722176,0.0,0.0
1781642064000,BTCUSDT,ALL,decrypt,influencer,2,0.0,0.0,0.8,20,-0.002276281523399093,1.5652379792285842e-05,0.0,0.0
1781645243000,SOLUSDT,SOL,theblock,influencer,2,-0.35,0.35,0.8,21,-0.000676956404007556,-0.006634172759274248,-0.0006466801092356311,-0.004717485515376985
1781647330000,BTCUSDT,ALL,coindesk,exchange,3,0.7,0.7,0.8,22,0.0001366974593279835,0.001332458104661649,0.0,0.0
1781647340000,BTCUSDT,ALL,cointelegraph,exchange,2,0.2,0.2,0.8,22,0.0001366974593279835,0.001332458104661649,0.0,0.0
1781647355000,BTCUSDT,ALL,decrypt,exchange,3,0.7,0.7,0.8,22,0.0001366974593279835,0.001332458104661649,0.0,0.0
1781649148000,BTCUSDT,ALL,theblock,exchange,3,0.8,0.8,0.9,22,0.00020641922725905815,0.0007303011864920883,0.0,0.0
1781650054000,BTCUSDT,ALL,cointelegraph,influencer,2,-0.2,0.2,0.6,22,-0.0008727811551075826,0.0020373514431242246,0.0,0.0
1781650144000,BTCUSDT,ALL,decrypt,regulatory,2,-0.2,0.2,0.8,22,-0.0008727811551075826,0.0020373514431242246,0.0,0.0
1781651326000,BTCUSDT,ALL,theblock,regulatory,2,0.2,0.2,0.8,23,-0.0001798886059195537,0.0008681183864707176,0.0,0.0
1781652497000,BTCUSDT,ALL,decrypt,regulatory,3,-0.7,0.7,0.8,23,0.0006996441714059998,0.0012467686505885922,0.0,0.0
1781653048000,BTCUSDT,ALL,coindesk,regulatory,2,0.3,0.3,0.8,23,0.0016635048966353594,0.0011457232115306137,0.0,0.0
1781654400000,BTCUSDT,BTC,coindesk,influencer,3,-0.5,0.5,0.8,0,0.0015713579635030506,0.0023933412050913816,0.0,0.0
1781657774000,BTCUSDT,ALL,coindesk,other,2,-0.8,0.8,0.7,0,0.0016284689504240113,0.0025099547098694774,0.0,0.0
1781659947000,BTCUSDT,BTC,cointelegraph,macro,2,-0.4,0.4,0.7,1,0.0016748375902375656,0.002954261251216339,0.0,0.0
1781673828000,BTCUSDT,ALL,cointelegraph,regulatory,2,-0.35,0.35,0.7,5,-0.0031278850826045312,-0.012299714528668626,0.0,0.0
1781676011000,BTCUSDT,ALL,theblock,regulatory,2,0.4,0.4,0.8,6,-0.0029763708047787496,-0.015245396457906124,0.0,0.0
1781680902000,BTCUSDT,ALL,theblock,regulatory,3,-0.7,0.7,0.8,7,-0.003444089377917514,-0.012979479005591932,0.0,0.0
1781682819000,BTCUSDT,ALL,cointelegraph,regulatory,3,-0.7,0.7,0.8,7,-0.009360462011458792,-0.011130539598257494,0.0,0.0
1781685623000,BTCUSDT,ALL,coindesk,influencer,2,0.2,0.2,0.6,8,0.0013560029206216573,0.0017875634456372413,0.0,0.0
1781686994000,BTCUSDT,BTC,cointelegraph,influencer,2,-0.4,0.4,0.7,9,-0.0017683925991660576,0.0005393843721690494,0.0,0.0
1781687901000,BTCUSDT,ALL,cointelegraph,regulatory,3,-0.5,0.5,0.8,9,-0.0009448564482875677,-0.0014269009447025471,0.0,0.0
1781688992000,BTCUSDT,ALL,coindesk,regulatory,2,0.4,0.4,0.8,9,-0.0003655246510502197,0.005115805415246255,0.0,0.0
1781691075000,BTCUSDT,ALL,theblock,regulatory,3,-0.7,0.7,0.8,10,-0.003925206679463611,0.005930580854140555,0.0,0.0
1781698424000,BTCUSDT,ALL,cointelegraph,regulatory,2,-0.2,0.2,0.8,12,0.0034445688959283682,0.017111779114435732,0.0,0.0
1781699780000,BTCUSDT,ALL,decrypt,regulatory,2,-0.4,0.4,0.8,12,0.0056289340148441,0.016259824446272608,0.0,0.0
1781700426000,BTCUSDT,ALL,theblock,regulatory,2,-0.4,0.4,0.8,12,0.005785174735340126,0.015042747570021664,0.0,0.0
1781702063000,BTCUSDT,BTC,cointelegraph,macro,2,-0.7,0.7,0.8,13,0.0033120681494340776,0.013743430244954613,0.0,0.0
1781705057000,BTCUSDT,BTC,cointelegraph,influencer,2,0.2,0.2,0.8,14,-0.0033736122186101003,0.004079310556339255,0.0,0.0
1781705418000,BTCUSDT,ALL,cointelegraph,regulatory,2,-0.4,0.4,0.7,14,-0.000757521898266611,0.00295041295975329,0.0,0.0
1781705783000,BTCUSDT,BTC,coindesk,macro,2,0.7,0.7,0.8,14,0.0017165233880718223,0.0019146721909266695,0.0,0.0
1781708602000,BTCUSDT,ALL,theblock,exchange,2,0.8,0.8,0.9,15,0.01253138847858204,0.0034094965534219313,0.0,0.0
1781709598000,BTCUSDT,ALL,decrypt,exchange,3,0.7,0.7,0.8,15,0.00893415537129405,-0.011334944772511624,0.0,0.0
1781710144000,BTCUSDT,BTC,theblock,macro,2,-0.4,0.4,0.8,15,0.00947054275042003,-0.014590523859803195,0.0,0.0
1781711776000,BTCUSDT,BTC,coindesk,other,2,-0.8,0.8,0.7,15,0.0007484502462837828,-0.021668606643225008,0.0,0.0
1781711956000,BTCUSDT,ALL,cointelegraph,exchange,2,-0.35,0.35,0.7,15,0.0007484502462837828,-0.021668606643225008,0.0,0.0
1781712772000,BTCUSDT,ALL,theblock,regulatory,3,-0.8,0.8,0.9,16,0.00012148145496859719,-0.02441898574663104,0.0,0.0
1781715681000,BTCUSDT,BTC,coindesk,influencer,3,0.8,0.8,0.7,17,-0.006650695934441897,-0.023611722786480605,0.0,0.0
1781718580000,BTCUSDT,BTC,cointelegraph,macro,2,-0.7,0.7,0.8,17,-0.0033982480808838478,-0.02775387208010327,0.0,0.0
1781718590000,BTCUSDT,ALL,decrypt,exchange,3,0.8,0.8,0.7,17,-0.0033982480808838478,-0.02775387208010327,0.0,0.0
1781721669000,BTCUSDT,ALL,theblock,influencer,2,0.4,0.4,0.7,18,-0.026660847845875857,-0.02317835337989904,0.0,0.0
1781724027000,BTCUSDT,ALL,theblock,exchange,3,-0.7,0.7,0.8,19,-0.0016890026368853173,0.00040328835117109385,0.0,0.0
1781724663000,BTCUSDT,ALL,cointelegraph,exchange,3,-0.6,0.6,0.8,19,0.001182453031634001,0.002752835274119958,0.0,0.0
1781725935000,BTCUSDT,ALL,coindesk,regulatory,3,-0.7,0.7,0.8,19,0.002060749418562713,0.003227745391462422,0.0,0.0
1781728208000,BTCUSDT,ALL,cointelegraph,regulatory,3,-0.7,0.7,0.8,20,0.00015365231076613917,0.002794794154065583,0.0,0.0
1781729745000,BTCUSDT,ALL,cointelegraph,regulatory,2,-0.2,0.2,0.6,20,-0.005532555472796408,0.004257808196144852,0.0,0.0
1781732009000,BTCUSDT,ALL,decrypt,exchange,3,-0.6,0.6,0.8,21,-0.0005278365427855425,0.003914658244479119,0.0,0.0
1781733105000,BTCUSDT,ALL,theblock,regulatory,3,-0.6,0.6,0.8,21,0.0006573524104556139,0.0045281683444664544,0.0,0.0
1781734733000,BTCUSDT,BTC,coindesk,macro,2,-0.5,0.5,0.8,22,0.002956699012302444,0.006596730240569393,0.0,0.0
1781735104000,BTCUSDT,ALL,coindesk,exchange,2,0.4,0.4,0.8,22,0.0008909874246239013,0.004433819261539407,0.0,0.0
1781735184000,BTCUSDT,ALL,cointelegraph,macro,2,-0.7,0.7,0.8,22,0.0008909874246239013,0.004433819261539407,0.0,0.0
1781738545000,BTCUSDT,BTC,theblock,macro,2,-0.4,0.4,0.8,23,0.0015131170925328785,-0.0027288514016372556,0.0,0.0
1781739100000,BTCUSDT,ALL,coindesk,exchange,3,0.5,0.5,0.8,23,0.0012243462009899897,-0.0021567603672325575,0.0,0.0
1781740547000,BTCUSDT,ALL,cointelegraph,influencer,2,0.2,0.2,0.7,23,0.00021668472372704528,-0.006196873548986237,0.0,0.0
1781742184000,BTCUSDT,ALL,coindesk,regulatory,2,-0.35,0.35,0.62,0,0.0010090784549983134,-0.009933028958446055,0.0,0.0
1781743271000,BTCUSDT,ALL,cointelegraph,regulatory,2,-0.3,0.3,0.7,0,-0.0013307951539739404,-0.011639427259693469,0.0,0.0
1781744908000,BTCUSDT,ALL,decrypt,regulatory,2,-0.2,0.2,0.6,1,-0.0024752199920902163,-0.012487949871465287,0.0,0.0
1781750886000,BTCUSDT,ALL,cointelegraph,macro,2,-0.35,0.35,0.7,2,-0.005214386302622054,-0.009582377674216103,0.0,0.0
1781757249000,BTCUSDT,ALL,theblock,regulatory,3,-0.7,0.7,0.8,4,-0.00019600172131117866,0.01029267139709189,0.0,0.0
1781762680000,BTCUSDT,ALL,theblock,influencer,2,0.3,0.3,0.8,6,0.0023888554909026194,0.0019708722631053277,0.0,0.0
1781764688000,BTCUSDT,ALL,cointelegraph,regulatory,3,-0.7,0.7,0.8,6,0.005276610588540898,-0.0015450891780418585,0.0,0.0
1781765224000,BTCUSDT,ALL,coindesk,regulatory,3,-0.7,0.7,0.8,6,0.006021882403578038,0.001296389383121932,0.0,0.0
1781766145000,BTCUSDT,ALL,coindesk,influencer,3,0.6,0.6,0.8,7,0.008464120381930229,-0.00013623867642809095,0.0,0.0
1781766505000,BTCUSDT,ALL,cointelegraph,regulatory,2,-0.2,0.2,0.8,7,0.006939954315100971,-0.0009235277229946437,0.0,0.0
1781770135000,BTCUSDT,BTC,coindesk,exchange,2,0.8,0.8,0.9,8,-0.002257345087601559,-0.008181481371867028,0.0,0.0
1781774300000,BTCUSDT,ALL,cointelegraph,exchange,3,-0.7,0.7,0.8,9,-0.007823414361553538,-0.0011874825370215003,0.0,0.0
1781775572000,BTCUSDT,ALL,theblock,regulatory,3,-0.5,0.5,0.8,9,-0.00438438608483227,-0.006175848977002518,0.0,0.0
1781777394000,BTCUSDT,BTC,coindesk,macro,2,0.4,0.4,0.7,10,0.00034400880237606124,-0.003593032900020776,0.0,0.0
1781789651000,BTCUSDT,BTC,cointelegraph,macro,2,-0.6,0.6,0.8,13,0.00016722872799057598,-0.023399062082611333,0.0,0.0
1781791103000,BTCUSDT,ALL,coindesk,macro,2,-0.3,0.3,0.8,13,-0.004681902754541278,-0.02088317455265798,0.0,0.0
1781792454000,BTCUSDT,BTC,coindesk,macro,2,-0.7,0.7,0.8,14,-0.008995640633222335,-0.015113140126264524,0.0,0.0
1781792555000,BTCUSDT,BTC,decrypt,regulatory,3,-0.7,0.7,0.8,14,-0.008995640633222335,-0.015113140126264524,0.0,0.0
1781793461000,BTCUSDT,ALL,theblock,hack,2,-0.2,0.2,0.8,14,-0.017002752849017866,-0.01722209775455641,0.0,0.0
1781793551000,BTCUSDT,ALL,coindesk,macro,2,-0.7,0.7,0.8,14,-0.017002752849017866,-0.01722209775455641,0.0,0.0
1781793822000,BTCUSDT,ALL,cointelegraph,geopolitical,2,-0.45,0.45,0.8,14,-0.018910977744436064,-0.018785946486621685,0.0,0.0
1781796265000,BTCUSDT,BTC,theblock,macro,2,-0.6,0.6,0.8,15,-0.01008887221115029,-0.007289605504539165,0.0,0.0
1781796640000,BTCUSDT,ALL,decrypt,regulatory,2,-0.2,0.2,0.8,15,-0.003777394171629922,-0.0007394940678402406,0.0,0.0
1781799820000,BTCUSDT,BTC,decrypt,macro,2,-0.7,0.7,0.8,16,-0.000271086305285384,0.008275081194102585,0.0,0.0
1781803449000,BTCUSDT,ALL,theblock,regulatory,2,-0.2,0.2,0.8,17,0.004227983884446784,0.00599188086480984,0.0,0.0
1781804991000,BTCUSDT,BTC,cointelegraph,influencer,3,-0.7,0.7,0.6,17,0.0006687216508018956,0.004695425796971797,0.0,0.0
1781806158000,ETHUSDT,ETH,theblock,influencer,2,-0.35,0.35,0.7,18,0.003976427168283836,0.016066432525745578,0.004435200112512305,0.012708157167577339
1781806884000,ETHUSDT,ETH,theblock,hack,2,-0.2,0.2,0.8,18,0.002934672413486439,0.00993638578788536,0.00405818353451215,0.010185082556354974
1781807706000,BTCUSDT,ALL,decrypt,regulatory,2,0.4,0.4,0.8,18,0.0031542726056204007,0.0006416873765373587,0.0,0.0
1781808352000,ETHUSDT,ETH,coindesk,influencer,2,-0.35,0.35,0.7,18,0.014348523557720982,0.014211870952409278,0.00877823715721604,0.01098333933895912
1781808622000,BTCUSDT,BTC,decrypt,influencer,3,-0.5,0.5,0.8,18,0.0038570270385775984,0.002821448687044814,0.0,0.0
1781812798000,BTCUSDT,BTC,cointelegraph,exchange,2,-0.4,0.4,0.8,19,-0.0021220464588349586,-0.003814179212011548,0.0,0.0
1781813976000,BTCUSDT,ALL,coindesk,regulatory,2,-0.4,0.4,0.8,20,-0.0011137950522015494,-0.0022120590976992816,0.0,0.0
1781815518000,BTCUSDT,ALL,cointelegraph,regulatory,3,-0.7,0.7,0.8,20,-0.0033273654857722823,-0.0017038468851005018,0.0,0.0
1781816610000,BTCUSDT,BTC,decrypt,exchange,2,-0.4,0.4,0.7,21,-0.0030510835481670773,-0.002376955367803024,0.0,0.0
1781817246000,BTCUSDT,ALL,theblock,regulatory,2,-0.45,0.45,0.8,21,-0.0033220435058525233,0.0004218014540249282,0.0,0.0
1781818152000,BTCUSDT,ALL,decrypt,regulatory,3,-0.5,0.5,0.8,21,-0.0035572722741565865,-0.0018608076499059267,0.0,0.0
1781818332000,BTCUSDT,BTC,theblock,macro,2,-0.8,0.8,0.9,21,-0.0017437462254855651,-0.0006226756937159905,0.0,0.0
1781819148000,BTCUSDT,ALL,theblock,influencer,3,0.8,0.8,0.7,21,-0.0007922933889125128,0.0014942933097468192,0.0,0.0
1781821782000,BTCUSDT,ALL,theblock,regulatory,3,-0.7,0.7,0.8,22,0.002517927144086496,0.003792427574337953,0.0,0.0
1781822693000,BTCUSDT,BTC,cointelegraph,macro,2,-0.3,0.3,0.8,22,0.0009399360353563591,0.0014128468211265233,0.0,0.0
1781823324000,ETHUSDT,ETH,cointelegraph,influencer,2,-0.45,0.45,0.8,22,0.002871693889152649,0.00017581799321342295,0.0011700328172858931,-0.0014488635517084791
1781823414000,BTCUSDT,ALL,theblock,regulatory,2,-0.4,0.4,0.8,22,0.0017016610718667557,0.001624681544921902,0.0,0.0
1781824050000,BTCUSDT,ALL,theblock,regulatory,2,-0.3,0.3,0.7,23,0.0016038535824760558,-0.00042175645070663403,0.0,0.0
1781824686000,ETHUSDT,ETH,decrypt,influencer,2,-0.35,0.35,0.7,23,0.003296774080211673,-0.0047080041927002325,0.001411874678462377,-0.0047786580833187875
1781825402000,BTCUSDT,ALL,cointelegraph,regulatory,2,-0.3,0.3,0.7,23,0.0014373232949052017,-0.0043674410590957,0.0,0.0
1781826959000,BTCUSDT,BTC,theblock,regulatory,3,0.7,0.7,0.8,23,0.0014739400944889791,-0.00542323579310211,0.0,0.0
1781827410000,BTCUSDT,ALL,decrypt,regulatory,3,-0.7,0.7,0.8,0,0.0012695446510333497,-0.0015694395923974147,0.0,0.0
1781829132000,BTCUSDT,ALL,theblock,regulatory,2,-0.2,0.2,0.6,0,-0.001954893495047072,-0.00712630656228086,0.0,0.0
1781829948000,BTCUSDT,ALL,cointelegraph,regulatory,2,-0.45,0.45,0.8,0,-0.00013442639290028868,-0.00784354989790259,0.0,0.0
1781830850000,BTCUSDT,BTC,cointelegraph,macro,2,-0.6,0.6,0.8,1,0.0011634383079930366,-0.004726805596382833,0.0,0.0
1781839836000,ETHUSDT,ETH,cointelegraph,macro,2,-0.6,0.6,0.8,3,-0.0027449984946783523,-0.001664708764514522,-0.0014073714727925735,4.0124742695102356e-06
1781845202000,BTCUSDT,ALL,theblock,regulatory,2,0.5,0.5,0.8,5,0.0023902644433484443,-0.002948897007845286,0.0,0.0
1781847375000,BTCUSDT,ALL,cointelegraph,regulatory,3,-0.7,0.7,0.8,5,0.002745483423591155,-0.0037301289232791746,0.0,0.0
1781855450000,BTCUSDT,BTC,coindesk,macro,2,-0.7,0.7,0.8,7,-0.0004151365823306108,-6.370749859607727e-05,0.0,0.0
1781856176000,BTCUSDT,BTC,coindesk,influencer,3,-0.8,0.8,0.9,8,-0.0014258021935172893,0.0018005506965208529,0.0,0.0
1781856356000,BTCUSDT,BTC,coindesk,macro,2,-0.7,0.7,0.8,8,-0.0038206860832087353,-0.000771796140508596,0.0,0.0
1781856892000,BTCUSDT,ALL,theblock,exchange,2,0.0,0.0,0.8,8,-0.003572136061701592,-0.0017558985020429407,0.0,0.0
1781858254000,BTCUSDT,ALL,cointelegraph,geopolitical,2,-0.2,0.2,0.8,8,-0.0038617771675736323,-0.002427215841872332,0.0,0.0
1781862527000,BTCUSDT,ALL,theblock,regulatory,2,-0.2,0.2,0.8,9,0.0024292313065803484,0.013470011456097719,0.0,0.0
1781869786000,BTCUSDT,ALL,coindesk,hack,3,-0.7,0.7,0.8,11,0.001148605526836377,0.008879475397281178,0.0,0.0
1781876855000,BTCUSDT,BTC,cointelegraph,macro,2,0.6,0.6,0.8,13,0.0006271121540661895,-0.0002902271885778518,0.0,0.0
1781878587000,BTCUSDT,ALL,decrypt,other,2,-0.7,0.7,0.8,14,-0.0011723541241680513,0.00047784881497459075,0.0,0.0
1781882307000,BTCUSDT,ALL,cointelegraph,regulatory,2,0.5,0.5,0.8,15,0.004671595159096986,-0.00030196140035199104,0.0,0.0
1781885937000,ETHUSDT,ETH,cointelegraph,influencer,3,-0.5,0.5,0.7,16,-0.006547535458503062,-0.004950147451200704,-0.0010959658559510643,-0.0002795846477511299
1781887389000,BTCUSDT,ALL,cointelegraph,regulatory,2,0.0,0.0,0.8,16,0.0003580813677379613,6.316289377861217e-05,0.0,0.0
1781887664000,BTCUSDT,ALL,cointelegraph,exchange,2,0.0,0.0,0.6,16,0.0024725591923375756,0.002172331190342991,0.0,0.0
1781887834000,BTCUSDT,ALL,theblock,other,2,-0.8,0.8,0.9,16,0.0035892148239242694,0.004414978786600354,0.0,0.0
1781890919000,BTCUSDT,ALL,decrypt,geopolitical,3,-0.5,0.5,0.8,17,-0.002098821033215681,-0.0010225877642041636,0.0,0.0
1781892471000,BTCUSDT,BTC,cointelegraph,influencer,3,-0.8,0.8,0.7,18,-0.0016670891521405329,-0.0009499985670854416,0.0,0.0
1781901808000,BTCUSDT,BTC,cointelegraph,macro,2,0.2,0.2,0.8,20,-0.0007279894779480545,0.006742015186946393,0.0,0.0
1781902178000,BTCUSDT,ALL,theblock,regulatory,2,0.4,0.4,0.8,20,-0.001884028957548911,0.006629946169470768,0.0,0.0
1781904881000,BTCUSDT,ALL,cointelegraph,regulatory,2,-0.35,0.35,0.7,21,0.002868190029474249,0.007923018413463101,0.0,0.0
1781908691000,BTCUSDT,ALL,decrypt,regulatory,2,-0.4,0.4,0.7,22,0.00020797814918704915,0.0012639765422124416,0.0,0.0
1781910598000,BTCUSDT,ALL,cointelegraph,regulatory,3,0.5,0.5,0.8,23,0.003610051837816597,0.0008760497785862409,0.0,0.0
1781913592000,BTCUSDT,BTC,cointelegraph,macro,2,-0.7,0.7,0.8,23,-0.00012611789897976067,-0.0013228996095225876,0.0,0.0
1781943333000,BTCUSDT,ALL,cointelegraph,other,2,-0.8,0.8,0.9,8,0.0008189805754243995,0.0036860423322591096,0.0,0.0
1781950242000,BTCUSDT,ALL,cointelegraph,regulatory,3,0.7,0.7,0.8,10,-0.00010929268943393744,-0.005613969741314007,0.0,0.0
1781993245000,BTCUSDT,ALL,theblock,exchange,2,-0.4,0.4,0.7,22,0.0020236699843023676,0.0020639001319331385,0.0,0.0
1782003588000,BTCUSDT,ALL,theblock,hack,3,-0.8,0.8,0.9,0,-0.00031658019956526395,-0.00017516919150395438,0.0,0.0
1782011303000,ETHUSDT,ETH,cointelegraph,hack,3,-0.8,0.8,0.9,3,-0.00016124016722907086,-0.0006910292881247004,-0.001808679963670068,-4.141576695659843e-05
1782027257000,BTCUSDT,BTC,cointelegraph,macro,2,-0.7,0.7,0.8,7,-0.004508515886665676,0.0004417610857048171,0.0,0.0
1782035237000,BTCUSDT,BTC,coindesk,geopolitical,2,-0.2,0.2,0.6,9,0.002673186618832535,-0.0013714081342696138,0.0,0.0
1782036789000,ETHUSDT,ETH,coindesk,hack,3,-0.7,0.7,0.8,10,-0.006522303278452157,-0.006533836971252205,-0.005285477125871241,-0.0026835136246690094
1782062733000,BTCUSDT,BTC,cointelegraph,macro,2,-0.7,0.7,0.8,17,0.0011544940216936528,-0.004806958549638418,0.0,0.0
1782064550000,BTCUSDT,BTC,cointelegraph,influencer,3,0.7,0.7,0.8,17,0.0029714946552479304,-0.003031662186659956,0.0,0.0
1782077526000,BTCUSDT,ALL,coindesk,regulatory,2,-0.2,0.2,0.6,21,-0.004972790465552768,0.008872086181065386,0.0,0.0
1782083319000,BTCUSDT,ALL,theblock,hack,3,-0.7,0.7,0.8,23,-0.0030384893102690658,0.0054313565441246325,0.0,0.0
1782110002000,BTCUSDT,ALL,theblock,exchange,3,-0.7,0.7,0.8,6,0.003878649834000658,0.0009204925173496026,0.0,0.0
1782115354000,BTCUSDT,BTC,coindesk,macro,2,-0.4,0.4,0.7,8,-0.0016634824223491496,0.006752413076353436,0.0,0.0
1782115444000,ETHUSDT,ETH,theblock,hack,3,-0.6,0.6,0.8,8,0.00011440534959406001,0.009369798131760643,0.0017778877719432096,0.0026173850554072065
1782117494000,BTCUSDT,BTC,coindesk,influencer,2,-0.35,0.35,0.8,8,-0.0020870806873298786,0.012396748872312013,0.0,0.0
1782117515000,BTCUSDT,ALL,coindesk,regulatory,2,-0.4,0.4,0.7,8,-0.0020870806873298786,0.012396748872312013,0.0,0.0
1782117566000,BTCUSDT,ALL,cointelegraph,other,2,-0.8,0.8,0.9,8,-0.0020870806873298786,0.012396748872312013,0.0,0.0
1782117623000,ETHUSDT,ETH,theblock,geopolitical,2,-1.0,1.0,0.3,8,-0.001263940520446094,0.00980268801830153,-0.00045361826151701923,-0.0058413623463435815
1782117623000,ETHUSDT,ETH,theblock,regulatory,2,0.0,0.0,0.3,8,-0.001263940520446094,0.00980268801830153,-0.00045361826151701923,-0.0058413623463435815
1782117625000,BTCUSDT,ALL,theblock,regulatory,2,-1.0,1.0,0.3,8,-0.0008103222589290748,0.015644050364645112,0.0,0.0
1782119992000,BTCUSDT,BTC,coindesk,influencer,2,0.4,0.4,0.8,9,0.000550860671074016,0.015152644380691083,0.0,0.0
1782129779000,BTCUSDT,ALL,cointelegraph,regulatory,2,-0.35,0.35,0.8,12,0.005354448644628196,-0.0006564793882006814,0.0,0.0
1782131061000,ETHUSDT,ETH,coindesk,hack,3,-0.5,0.5,0.8,12,-0.0015335427100132693,-0.014271567212743697,-0.002275237750326009,-0.010312421567826968
1782131061000,BTCUSDT,BTC,coindesk,influencer,3,0.8,0.8,0.7,12,0.0007416950403127398,-0.003959145644916728,0.0,0.0
1782131602000,BTCUSDT,ALL,cointelegraph,regulatory,2,0.4,0.4,0.8,12,0.0030786085936516105,-0.007132522110265493,0.0,0.0
1782133504000,BTCUSDT,ALL,theblock,regulatory,2,0.4,0.4,0.8,13,0.002294231418659587,-0.00723513339268711,0.0,0.0
1782134315000,BTCUSDT,BTC,cointelegraph,macro,2,-0.4,0.4,0.8,13,-0.0008266286865957762,-0.007980299758108989,0.0,0.0
1782134596000,BTCUSDT,BTC,theblock,exchange,2,-0.6,0.6,0.8,13,-0.0003689571345047993,-0.0071465058313076035,0.0,0.0
1782136128000,BTCUSDT,ALL,theblock,regulatory,3,0.6,0.6,0.8,13,-0.009316955488624434,-0.013459486259649989,0.0,0.0
1782136774000,BTCUSDT,ALL,coindesk,regulatory,3,0.6,0.6,0.8,13,-0.005146226790735731,-0.011117396731929019,0.0,0.0
1782136784000,BTCUSDT,ALL,cointelegraph,hack,3,-0.7,0.7,0.8,13,-0.005146226790735731,-0.011117396731929019,0.0,0.0
1782138501000,BTCUSDT,BTC,theblock,macro,2,-0.4,0.4,0.8,14,0.0008557056372606731,-0.006926232760545714,0.0,0.0
1782140949000,BTCUSDT,BTC,theblock,influencer,3,0.8,0.8,0.9,15,-0.005449974348814002,-0.010274302520515088,0.0,0.0
1782142491000,BTCUSDT,ALL,cointelegraph,regulatory,2,-0.2,0.2,0.6,15,-0.006373002758124358,-0.009785876023842843,0.0,0.0
1782142852000,BTCUSDT,BTC,coindesk,influencer,3,0.7,0.7,0.8,15,-0.004752349903125452,-0.008530407982197397,0.0,0.0
1782143583000,BTCUSDT,BTC,coindesk,macro,2,-0.35,0.35,0.7,15,-0.0018073027802819608,-0.0056287348494954426,0.0,0.0
1782145756000,BTCUSDT,BTC,cointelegraph,influencer,3,0.5,0.5,0.8,16,-0.0032868091228980267,-0.0034827434015612946,0.0,0.0
1782149660000,BTCUSDT,ALL,cointelegraph,other,2,-0.35,0.35,0.62,17,0.0010546317552893036,-0.004157566544642277,0.0,0.0
1782151017000,BTCUSDT,BTC,decrypt,influencer,2,0.1,0.1,0.8,17,-0.005307181225979729,-0.004950586873618157,0.0,0.0
1782152109000,BTCUSDT,ALL,theblock,regulatory,3,0.8,0.8,0.9,18,-0.004574584371149215,-0.006665213337847864,0.0,0.0
1782153195000,ETHUSDT,ETH,decrypt,hack,3,-0.7,0.7,0.8,18,-0.003557205496141136,-0.012338158643319774,-0.0016247953789336744,-0.0025467228878598425
1782154642000,BTCUSDT,ALL,coindesk,regulatory,2,0.2,0.2,0.8,18,0.004244001080929705,-0.005594386251493999,0.0,0.0
1782154822000,BTCUSDT,ALL,theblock,exchange,3,0.7,0.7,0.8,19,0.0031741876472040076,-0.004947591471059276,0.0,0.0
1782157280000,ETHUSDT,ETH,coindesk,influencer,2,-0.35,0.35,0.8,19,0.0025468805045250065,-0.002876069141164228,0.0006014244529801704,0.002971177901759603
1782157461000,BTCUSDT,ALL,decrypt,regulatory,3,0.7,0.7,0.8,19,0.001945456051544836,-0.005847247042923831,0.0,0.0
1782158097000,BTCUSDT,ALL,cointelegraph,exchange,3,0.7,0.7,0.8,19,-0.0005925052736071024,-0.007010640277950064,0.0,0.0
1782162813000,ETHUSDT,ETH,decrypt,hack,3,-0.5,0.5,0.8,21,-0.0012854581822583366,-0.0014987404815568484,-1.2459871871373096e-05,0.0008842464678795459
1782163359000,BTCUSDT,ALL,theblock,influencer,3,0.7,0.7,0.8,21,-0.004152295201469092,-0.0013568291009669053,0.0,0.0
1782165361000,BTCUSDT,ALL,decrypt,regulatory,2,0.6,0.6,0.8,21,-0.005950749886446727,-0.003374287068847126,0.0,0.0
1782166988000,BTCUSDT,ALL,theblock,exchange,2,0.4,0.4,0.8,22,0.00019334689885175393,0.002248946157886289,0.0,0.0
1782169262000,BTCUSDT,ALL,cointelegraph,regulatory,2,-0.4,0.4,0.7,23,-0.0008957975316356004,-0.0006170910795187945,0.0,0.0
1782170348000,SOLUSDT,SOL,theblock,exchange,3,-0.7,0.7,0.8,23,-0.005550929780738345,-0.003191784623924554,-0.003613308679419558,-0.0038480756421132023
1782172090000,BTCUSDT,BTC,decrypt,influencer,3,-0.5,0.5,0.7,23,0.0009614907119404048,6.277720743863568e-05,0.0,0.0
1782172805000,BTCUSDT,ALL,coindesk,influencer,3,0.8,0.8,0.7,0,0.00401468836479979,0.001786634050874314,0.0,0.0
1782173446000,BTCUSDT,ALL,coindesk,exchange,2,-0.2,0.2,0.7,0,0.0046738654147104874,0.0010017214397497476,0.0,0.0
1782180159000,BTCUSDT,ALL,coindesk,regulatory,3,-0.7,0.7,0.8,2,-0.0017790570607468803,-0.014321401536814382,0.0,0.0
1782202656000,BTCUSDT,ALL,coindesk,regulatory,2,0.4,0.4,0.7,8,0.0041207509023832856,0.0023899680464676276,0.0,0.0
1782205109000,BTCUSDT,ALL,theblock,regulatory,3,-0.7,0.7,0.8,8,0.002087415823419203,-0.0037362692984251877,0.0,0.0
1782205289000,BTCUSDT,ALL,cointelegraph,regulatory,3,-0.7,0.7,0.8,9,0.001221239826140863,-0.0041876118060450995,0.0,0.0
1782206646000,BTCUSDT,BTC,coindesk,macro,2,-0.8,0.8,0.7,9,-0.0023522069174334304,-0.00751759316737155,0.0,0.0
1782213910000,BTCUSDT,BTC,coindesk,influencer,3,0.7,0.7,0.8,11,-0.0033902223276659482,-0.0017755262270611194,0.0,0.0
1782215537000,XRPUSDT,XRP,cointelegraph,regulatory,3,0.7,0.7,0.8,11,-0.007301902100423696,-0.009014693951140407,-0.003294994720681288,-0.008706408775033925
1782219532000,BTCUSDT,BTC,coindesk,exchange,2,-0.4,0.4,0.7,12,0.005723656709218927,0.00466236856490565,0.0,0.0
1782219803000,BTCUSDT,BTC,theblock,influencer,2,0.0,0.0,0.8,13,0.007308669418096381,0.005418074403864548,0.0,0.0
1782220078000,BTCUSDT,ALL,cointelegraph,hack,2,0.4,0.4,0.8,13,0.008819472664909345,0.00405200759874047,0.0,0.0
1782221155000,BTCUSDT,ALL,decrypt,regulatory,3,-0.7,0.7,0.8,13,0.004363545912636102,0.004782071444619174,0.0,0.0
1782221245000,BTCUSDT,BTC,cointelegraph,macro,2,-0.6,0.6,0.8,13,0.004363545912636102,0.004782071444619174,0.0,0.0
1782221345000,XRPUSDT,XRP,coindesk,regulatory,3,0.6,0.6,0.8,13,0.0007251631617115617,-0.0009970993473530365,-0.0036383827509245403,-0.00577917079197221
1782221530000,BTCUSDT,ALL,cointelegraph,influencer,2,0.0,0.0,0.8,13,0.0037506416837782552,0.004203189168377808,0.0,0.0
1782221801000,BTCUSDT,BTC,theblock,exchange,2,-0.4,0.4,0.8,13,0.0018267628205128617,0.0020466346153846793,0.0,0.0
1782222428000,BTCUSDT,ALL,coindesk,macro,2,-0.6,0.6,0.8,13,0.0016067100569157056,-0.00041152922594367425,0.0,0.0
1782224250000,BTCUSDT,BTC,coindesk,macro,2,0.7,0.7,0.8,14,-0.005324884756916171,-0.0034236994200258497,0.0,0.0
1782227614000,BTCUSDT,ALL,cointelegraph,regulatory,2,0.4,0.4,0.8,15,0.006811246074095667,0.0008997591806843008,0.0,0.0
1782228516000,BTCUSDT,ALL,cointelegraph,regulatory,2,-0.2,0.2,0.8,15,0.003045512441581355,-0.0004737392617899516,0.0,0.0
1782230513000,BTCUSDT,ALL,coindesk,influencer,2,0.4,0.4,0.7,16,-0.004263893966408361,-0.0035397462549431324,0.0,0.0
1782230959000,BTCUSDT,BTC,coindesk,macro,2,-0.7,0.7,0.8,16,-0.005595084098270919,-0.005552400279929426,0.0,0.0
1782232411000,BTCUSDT,ALL,theblock,regulatory,3,-0.7,0.7,0.8,16,-9.552106822574569e-05,-0.001788863617159242,0.0,0.0
1782232957000,BTCUSDT,ALL,decrypt,regulatory,3,-0.7,0.7,0.8,16,-0.001496420113714536,-0.0024001210687610852,0.0,0.0
1782233237000,ETHUSDT,ETH,coindesk,influencer,3,-0.5,0.5,0.8,16,-0.0024941261521779223,0.001530212663413355,-0.0006999155208721186,0.0033082664407818596
1782233317000,ETHUSDT,ETH,theblock,influencer,2,-0.3,0.3,0.8,16,-0.0024941261521779223,0.001530212663413355,-0.0006999155208721186,0.0033082664407818596
1782234869000,BTCUSDT,ALL,coindesk,regulatory,2,0.8,0.8,0.9,17,-0.0032961524060585168,-0.0014380915108174186,0.0,0.0
1782236591000,BTCUSDT,BTC,cointelegraph,macro,2,-0.7,0.7,0.8,17,-0.0049930884503901485,0.002330737454421028,0.0,0.0
1782237317000,BTCUSDT,BTC,coindesk,macro,2,-0.45,0.45,0.8,17,-0.0001641519412169945,0.004383530109938416,0.0,0.0
1782237673000,ETHUSDT,ETH,coindesk,influencer,2,-0.4,0.4,0.8,18,0.0015690060949853368,0.008436425079958898,0.0011214341926153448,0.001881398369272258
1782238955000,ETHUSDT,ETH,decrypt,influencer,2,-0.35,0.35,0.8,18,0.002563839606194218,0.004626976418708129,0.001088458928629077,0.0003929754939289154
1782244667000,BTCUSDT,ALL,cointelegraph,regulatory,2,-0.35,0.35,0.8,19,0.0018024399628335797,0.004778059068216711,0.0,0.0
1782245303000,ETHUSDT,ETH,cointelegraph,exchange,2,-0.4,0.4,0.8,20,0.0006549850975867688,0.004212335352369978,-0.0005706982292761342,-0.0031606631626521775
1782245313000,BTCUSDT,ALL,decrypt,regulatory,2,0.0,0.0,0.8,20,0.001225683326862903,0.0073729985150221555,0.0,0.0
1782247856000,BTCUSDT,ALL,theblock,influencer,3,-0.5,0.5,0.8,20,0.0020660885823273745,0.008696877095982547,0.0,0.0
1782252212000,BTCUSDT,ALL,theblock,regulatory,3,-0.7,0.7,0.8,22,-0.003257524256056188,0.0025434262165653365,0.0,0.0
1782252563000,BTCUSDT,ALL,decrypt,regulatory,3,0.8,0.8,0.9,22,-0.003570107485719065,0.0020983007525099406,0.0,0.0
1782252848000,BTCUSDT,BTC,cointelegraph,macro,2,0.4,0.4,0.8,22,-0.002181371419697764,0.0008609417969864808,0.0,0.0
1782255206000,BTCUSDT,ALL,cointelegraph,regulatory,2,0.8,0.8,0.9,22,0.0023097938967886478,0.0006390797251956126,0.0,0.0
1782255832000,BTCUSDT,ALL,theblock,regulatory,2,-0.4,0.4,0.7,23,0.005531992624222992,0.0015649852778776285,0.0,0.0
1782256478000,BTCUSDT,ALL,decrypt,influencer,2,0.2,0.2,0.6,23,0.0051195818052161,-0.0019284114979918332,0.0,0.0
1782257114000,BTCUSDT,BTC,theblock,influencer,3,-0.6,0.6,0.8,23,0.003137077689266299,0.0012439805526713865,0.0,0.0
1782257740000,BTCUSDT,BTC,theblock,regulatory,3,0.7,0.7,0.8,23,0.005403195606540123,0.002834861191290061,0.0,0.0
1782259923000,BTCUSDT,ALL,decrypt,regulatory,3,-0.6,0.6,0.8,0,-0.001634671634957785,-0.004285786956964022,0.0,0.0
1782262011000,BTCUSDT,ALL,theblock,regulatory,2,-0.4,0.4,0.7,0,0.00046297472373946214,-0.003624571319700287,0.0,0.0
1782262546000,BTCUSDT,ALL,coindesk,influencer,2,0.4,0.4,0.7,0,-0.0006822010999141259,-0.002320787106208533,0.0,0.0
1782263102000,BTCUSDT,ALL,cointelegraph,influencer,2,0.4,0.4,0.7,1,-0.0016565050331841524,-0.003077863516560253,0.0,0.0
1782273260000,BTCUSDT,ALL,theblock,regulatory,3,-0.7,0.7,0.8,3,0.00023338197583355758,-0.0011444325167409009,0.0,0.0
1782279884000,BTCUSDT,ALL,cointelegraph,regulatory,2,-0.2,0.2,0.8,5,-0.002923923171014531,-0.003909370618346397,0.0,0.0
1782280875000,BTCUSDT,ALL,coindesk,influencer,3,0.6,0.6,0.8,6,-0.0021955449482895517,-0.00337295147175809,0.0,0.0
1782283508000,BTCUSDT,ALL,theblock,exchange,2,0.2,0.2,0.8,6,-0.001657002807969099,-0.0047172733981363235,0.0,0.0
1782283518000,BTCUSDT,ALL,theblock,influencer,2,0.2,0.2,0.6,6,-0.001657002807969099,-0.0047172733981363235,0.0,0.0
1782285321000,BTCUSDT,ALL,cointelegraph,regulatory,2,-0.45,0.45,0.8,7,-0.0004784146667493605,-0.0049421303178596165,0.0,0.0
1782288865000,BTCUSDT,BTC,coindesk,macro,2,-0.7,0.7,0.8,8,0.0011173184357542443,0.0026815642458100086,0.0,0.0
1782292263000,BTCUSDT,ALL,cointelegraph,regulatory,3,-0.8,0.8,0.9,9,-0.0028043686224489273,-0.008195153061224536,0.0,0.0
1782292273000,BTCUSDT,ALL,cointelegraph,regulatory,2,-0.4,0.4,0.7,9,-0.0028043686224489273,-0.008195153061224536,0.0,0.0
1782294080000,BTCUSDT,BTC,coindesk,influencer,3,0.5,0.5,0.8,9,-0.00204468015417425,-0.019062781540380103,0.0,0.0
1782296433000,BTCUSDT,ALL,coindesk,regulatory,3,-0.7,0.7,0.8,10,-0.0026228473426103127,-0.021016993268851203,0.0,0.0
1782296708000,BTCUSDT,ALL,cointelegraph,regulatory,3,0.6,0.6,0.8,10,-0.0018609092569449315,-0.020106320779785802,0.0,0.0
1782299797000,BTCUSDT,BTC,coindesk,influencer,3,-0.6,0.6,0.8,11,0.005735525008811582,-0.02354769457528283,0.0,0.0
1782301514000,BTCUSDT,ALL,theblock,influencer,2,-0.2,0.2,0.8,11,-0.0044488051353756,-0.040676083640523664,0.0,0.0
1782302425000,BTCUSDT,ALL,cointelegraph,regulatory,2,0.4,0.4,0.8,12,-0.01057037585996079,-0.03981993083751978,0.0,0.0
1782303151000,BTCUSDT,ALL,theblock,regulatory,2,-0.4,0.4,0.7,12,-0.009742430513547062,-0.03636792002292333,0.0,0.0
1782304878000,BTCUSDT,ALL,theblock,exchange,2,0.2,0.2,0.8,12,-0.020416356919967016,-0.04273516665142485,0.0,0.0
1782309955000,BTCUSDT,BTC,coindesk,macro,2,-0.7,0.7,0.8,14,-0.005491548818947867,-0.026624523310992743,0.0,0.0
1782311758000,BTCUSDT,BTC,cointelegraph,exchange,3,-0.6,0.6,0.8,14,-0.009554787890837524,-0.026124835188983342,0.0,0.0
1782312033000,BTCUSDT,BTC,theblock,influencer,3,0.7,0.7,0.8,14,-0.011481519705842214,-0.027452735926191685,0.0,0.0
1782312679000,BTCUSDT,ALL,decrypt,hack,3,-0.7,0.7,0.8,14,-0.014122994906165753,-0.024759176019544138,0.0,0.0
1782316844000,BTCUSDT,ALL,coindesk,influencer,3,0.5,0.5,0.8,16,-0.007884839555782786,0.005083607344724905,0.0,0.0
1782318126000,BTCUSDT,ALL,cointelegraph,regulatory,2,-0.2,0.2,0.8,16,-0.01426903385631706,0.0036992568125515657,0.0,0.0
1782319383000,BTCUSDT,BTC,coindesk,influencer,3,-0.7,0.7,0.8,16,-0.011483920597177177,0.01813227845478349,0.0,0.0
1782320755000,BTCUSDT,BTC,theblock,macro,2,-0.45,0.45,0.8,17,-0.0039727792843951,0.014844320795618593,0.0,0.0
1782322297000,BTCUSDT,ALL,cointelegraph,influencer,3,-0.7,0.7,0.8,17,0.00200168272496537,0.026886104673294442,0.0,0.0
1782322387000,BTCUSDT,BTC,decrypt,macro,2,-0.7,0.7,0.8,17,0.00200168272496537,0.026886104673294442,0.0,0.0
1782322933000,BTCUSDT,ALL,theblock,regulatory,2,-0.4,0.4,0.8,17,0.0011368149751127543,0.02820217055558305,0.0,0.0
1782323294000,BTCUSDT,ALL,coindesk,regulatory,3,0.7,0.7,0.8,17,0.0023560993671738473,0.027127709707822856,0.0,0.0
1782323379000,BTCUSDT,BTC,coindesk,other,2,-0.8,0.8,0.9,17,0.0023560993671738473,0.027127709707822856,0.0,0.0
1782325286000,BTCUSDT,ALL,cointelegraph,regulatory,3,0.8,0.8,0.9,18,0.001875313975685744,0.01955859204929844,0.0,0.0
1782325477000,BTCUSDT,ALL,coindesk,regulatory,2,0.0,0.0,0.8,18,0.001875313975685744,0.01955859204929844,0.0,0.0
1782326198000,BTCUSDT,ALL,decrypt,regulatory,2,0.8,0.8,0.7,18,0.0037637371031815636,0.022847183677690674,0.0,0.0
1782326649000,BTCUSDT,ALL,coindesk,regulatory,3,-0.7,0.7,0.8,18,0.005826792549737725,0.023014207673431875,0.0,0.0
1782326834000,BTCUSDT,ALL,coindesk,hack,3,-0.7,0.7,0.8,18,0.005138358039216584,0.021794617132550487,0.0,0.0
1782328376000,BTCUSDT,ALL,decrypt,regulatory,2,-0.2,0.2,0.8,19,0.0177755776761106,0.019572842515527267,0.0,0.0
1782328466000,BTCUSDT,ALL,theblock,exchange,2,-0.2,0.2,0.8,19,0.0177755776761106,0.019572842515527267,0.0,0.0
1782329558000,BTCUSDT,BTC,cointelegraph,regulatory,3,0.5,0.5,0.8,19,0.016913065197049493,0.019787589375558134,0.0,0.0
1782330097000,BTCUSDT,ALL,theblock,regulatory,2,0.2,0.2,0.7,19,0.022830892188336005,0.020030765115034876,0.0,0.0
1782331278000,BTCUSDT,BTC,decrypt,macro,2,-0.7,0.7,0.8,20,0.0010947296984551436,0.005813960192096568,0.0,0.0
1782332370000,BTCUSDT,ALL,coindesk,regulatory,2,-0.2,0.2,0.8,20,0.0028326369904798643,0.005779865523938943,0.0,0.0
1782332460000,BTCUSDT,ALL,decrypt,influencer,3,-0.7,0.7,0.8,20,0.0013163526041322093,0.0024181397337907917,0.0,0.0
1782332916000,BTCUSDT,ALL,coindesk,regulatory,2,0.2,0.2,0.8,20,0.0029689178695480045,0.00419038632666946,0.0,0.0
1782333642000,BTCUSDT,ALL,decrypt,exchange,3,-0.6,0.6,0.8,20,-0.001706949107186495,-0.005222361916039753,0.0,0.0
1782337362000,BTCUSDT,ALL,theblock,exchange,2,0.2,0.2,0.8,21,-0.003914585211330479,-0.0031569182752966274,0.0,0.0
1782337372000,BTCUSDT,BTC,decrypt,influencer,3,-0.7,0.7,0.8,21,-0.003914585211330479,-0.0031569182752966274,0.0,0.0
1782340356000,BTCUSDT,ALL,theblock,regulatory,2,-0.45,0.45,0.8,22,0.002982648827535961,0.0013248181169369655,0.0,0.0
1782340626000,BTCUSDT,ALL,cointelegraph,regulatory,2,-0.4,0.4,0.8,22,0.0017186989886905923,-0.0025879788897608114,0.0,0.0
1782345798000,BTCUSDT,BTC,cointelegraph,macro,2,-0.7,0.7,0.8,0,-0.004880448580058205,-0.003462709465345215,0.0,0.0
1782346344000,BTCUSDT,ALL,cointelegraph,regulatory,2,-0.2,0.2,0.6,0,-0.003377988390778297,-0.0025579641229134253,0.0,0.0
1782348157000,BTCUSDT,BTC,theblock,macro,2,-0.7,0.7,0.8,0,0.0003657935386334188,0.0035494790810792765,0.0,0.0
1782368658000,BTCUSDT,ALL,cointelegraph,exchange,2,-0.4,0.4,0.8,6,0.0021333964586072174,-0.0016442296311549587,0.0,0.0
1782368828000,XRPUSDT,XRP,theblock,regulatory,3,0.6,0.6,0.8,6,-0.0008281954541270453,-0.008742063126897959,-0.002945593159547788,-0.005986157168583972
1782374100000,BTCUSDT,BTC,coindesk,macro,2,-0.3,0.3,0.7,7,-0.0032092822217169026,-0.010160223443185568,0.0,0.0
1782377365000,BTCUSDT,ALL,cointelegraph,regulatory,2,-0.35,0.35,0.7,8,-0.00044389819675660913,-0.007494303144586434,0.0,0.0
1782377926000,BTCUSDT,ALL,theblock,exchange,3,-0.8,0.8,0.9,8,-4.243974083240065e-05,-0.007752379986649238,0.0,0.0
1782383188000,BTCUSDT,BTC,coindesk,macro,2,-0.7,0.7,0.8,10,-0.004733892005590712,-0.024376018348096218,0.0,0.0
1782386998000,BTCUSDT,ALL,cointelegraph,regulatory,3,0.7,0.7,0.8,11,0.0019506856864235367,-0.032462348093412974,0.0,0.0
1782388169000,BTCUSDT,ALL,cointelegraph,regulatory,2,-0.2,0.2,0.8,11,0.0022560082157934147,-0.02890289830029391,0.0,0.0
1782391534000,BTCUSDT,ALL,theblock,regulatory,2,-0.35,0.35,0.7,12,-0.040777556073849364,-0.03275103294040471,0.0,0.0
1782391804000,BTCUSDT,ALL,cointelegraph,regulatory,3,-0.8,0.8,0.9,12,-0.04823067594692121,-0.031535655486961134,0.0,0.0
1782392435000,BTCUSDT,ALL,theblock,exchange,2,0.4,0.4,0.7,13,-0.028398991191628364,-0.03205764469933792,0.0,0.0
1782392626000,BTCUSDT,ALL,coindesk,macro,2,-0.4,0.4,0.8,13,-0.028398991191628364,-0.03205764469933792,0.0,0.0
1782393352000,BTCUSDT,ALL,theblock,regulatory,2,-0.35,0.35,0.7,13,-0.031801644181298716,-0.02896566654780708,0.0,0.0
1782394163000,BTCUSDT,BTC,coindesk,macro,2,-0.65,0.65,0.8,13,-0.015837007668576875,-0.024351075029860114,0.0,0.0
1782395615000,BTCUSDT,ALL,theblock,exchange,3,0.7,0.7,0.8,13,0.02026636738235621,0.023774849172682133,0.0,0.0
1782395705000,BTCUSDT,ALL,coindesk,macro,2,-0.7,0.7,0.8,13,0.007278243716782207,0.012832567806883022,0.0,0.0
1782395890000,BTCUSDT,ALL,coindesk,exchange,3,0.6,0.6,0.8,13,0.007278243716782207,0.012832567806883022,0.0,0.0
1782397978000,BTCUSDT,BTC,coindesk,macro,2,-0.5,0.5,0.7,14,-0.008397357311118459,-0.005187636768354653,0.0,0.0
1782401152000,BTCUSDT,ALL,cointelegraph,regulatory,3,-0.5,0.5,0.8,15,0.0018744142455482393,0.002162071877290783,0.0,0.0
1782403051000,BTCUSDT,ALL,decrypt,hack,2,-0.2,0.2,0.8,15,-0.006280181636803328,0.0029549647454469863,0.0,0.0
1782403327000,BTCUSDT,ALL,coindesk,influencer,2,0.2,0.2,0.8,16,-0.011359475207326497,-0.005386959024845539,0.0,0.0
1782403327000,BTCUSDT,BTC,theblock,macro,2,-0.4,0.4,0.8,16,-0.011359475207326497,-0.005386959024845539,0.0,0.0
1782403782000,BTCUSDT,ALL,cointelegraph,exchange,3,0.7,0.7,0.8,16,-0.006061209464208073,-0.003045413473444669,0.0,0.0
1782404964000,BTCUSDT,ALL,theblock,hack,2,-0.3,0.3,0.8,16,0.002509811317895183,0.00264453012186161,0.0,0.0
1782406782000,BTCUSDT,ALL,coindesk,exchange,2,-0.45,0.45,0.8,16,0.008349611355187525,0.005576208178438735,0.0,0.0
1782407503000,BTCUSDT,BTC,decrypt,influencer,3,-0.7,0.7,0.8,17,0.0042047627052843595,0.002819329826083017,0.0,0.0
1782409045000,BTCUSDT,ALL,theblock,macro,2,-0.43,0.43,0.78,17,-0.0018800449678940678,0.007091530290761261,0.0,0.0
1782409320000,BTCUSDT,BTC,coindesk,influencer,3,-0.7,0.7,0.8,17,-0.000597282741553018,0.0065934638282714175,0.0,0.0
1782410682000,BTCUSDT,BTC,coindesk,macro,2,-0.4,0.4,0.8,18,-0.004995640549245506,0.005598973110880978,0.0,0.0
1782411954000,BTCUSDT,BTC,coindesk,influencer,3,0.7,0.7,0.8,18,-0.0003702332469456282,0.00628285820066643,0.0,0.0
1782412855000,BTCUSDT,BTC,cointelegraph,macro,2,-0.7,0.7,0.8,18,-0.0036774594849035003,0.004626958509851509,0.0,0.0
1782414943000,BTCUSDT,ALL,cointelegraph,regulatory,2,-0.3,0.3,0.8,19,0.006481670123838823,0.015360207845555252,0.0,0.0
1782417216000,BTCUSDT,BTC,theblock,exchange,3,-0.7,0.7,0.8,19,0.0023031018206338683,0.007990559676331666,0.0,0.0
1782418298000,BTCUSDT,ALL,theblock,exchange,3,-0.7,0.7,0.8,20,-0.00017197045933392552,0.00332934809270502,0.0,0.0
1782421838000,BTCUSDT,BTC,cointelegraph,macro,2,-0.8,0.8,0.9,21,0.004983638181726313,-1.2920978483932366e-05,0.0,0.0
1782424016000,BTCUSDT,ALL,coindesk,exchange,2,0.5,0.5,0.8,21,-0.0034328490432318226,-0.011093189653794355,0.0,0.0
1782424286000,BTCUSDT,ALL,decrypt,regulatory,3,-0.7,0.7,0.8,21,-0.0059888523641601354,-0.012960401329505378,0.0,0.0
1782426004000,ETHUSDT,ETH,decrypt,exchange,2,0.2,0.2,0.8,22,0.005539195063805957,-0.019798319756249905,0.0003463672203480872,-0.004545955848895278
1782426104000,BTCUSDT,ALL,cointelegraph,regulatory,2,-0.35,0.35,0.8,22,0.00519282784345787,-0.015252363907354627,0.0,0.0
1782427451000,BTCUSDT,ALL,decrypt,exchange,3,0.8,0.8,0.7,22,0.0022217488411413466,-0.018762791956991376,0.0,0.0
1782430721000,BTCUSDT,ALL,theblock,regulatory,2,-0.4,0.4,0.7,23,-0.0032707631780748425,-0.0081992464908478,0.0,0.0
1782432273000,BTCUSDT,ALL,decrypt,hack,3,-0.8,0.8,0.9,0,-0.005148643851919932,0.0007850834151128527,0.0,0.0
1782445606000,BTCUSDT,ALL,cointelegraph,exchange,2,-0.2,0.2,0.7,3,0.001084951955471647,0.012992504485103362,0.0,0.0
1782450132000,BTCUSDT,ALL,theblock,influencer,3,0.7,0.7,0.8,5,-0.0012856238157133992,0.004076376344989585,0.0,0.0
1782456315000,BTCUSDT,ALL,theblock,exchange,2,0.0,0.0,0.8,6,0.004776930893213516,-0.015459849252373092,0.0,0.0
1782457307000,ETHUSDT,ETH,cointelegraph,influencer,2,0.4,0.4,0.8,7,-0.0018416907991668507,-0.01533048823858163,0.00047354060559623434,0.0008615620607478336
1782461572000,BTCUSDT,ALL,cointelegraph,exchange,2,-0.3,0.3,0.7,8,-0.0010400574099730386,-0.010475326668726526,0.0,0.0
1782464842000,ETHUSDT,ETH,cointelegraph,macro,2,-0.7,0.7,0.8,9,-0.006728881099647532,-0.018050287512552665,0.0003118370110576363,-7.325758950071926e-05
1782465658000,BTCUSDT,ALL,theblock,regulatory,2,-0.2,0.2,0.8,9,-0.006823095087637676,-0.020282203079788452,0.0,0.0
1782466736000,BTCUSDT,BTC,coindesk,geopolitical,3,-0.8,0.8,0.9,9,-0.007424565662908722,-0.008716490085330042,0.0,0.0
1782473180000,BTCUSDT,BTC,coindesk,influencer,3,0.8,0.8,0.7,11,0.006794927866316858,0.011621832081375016,0.0,0.0
1782473641000,BTCUSDT,ALL,coindesk,exchange,3,0.8,0.8,0.9,11,-0.00259770617516486,0.016648896811516156,0.0,0.0
1782477542000,BTCUSDT,BTC,cointelegraph,exchange,3,-0.7,0.7,0.8,12,0.005666719587159141,0.015568431184676657,0.0,0.0
1782479815000,BTCUSDT,ALL,decrypt,exchange,2,-0.4,0.4,0.8,13,0.02009476264153065,0.021231561001496813,0.0,0.0
1782479995000,BTCUSDT,ALL,coindesk,regulatory,3,-0.8,0.8,0.9,13,0.02009476264153065,0.021231561001496813,0.0,0.0
1782480541000,BTCUSDT,ALL,cointelegraph,exchange,2,0.0,0.0,0.8,13,0.01379742027023445,0.018472149516819414,0.0,0.0
1782480551000,BTCUSDT,ALL,cointelegraph,exchange,2,0.0,0.0,0.8,13,0.01379742027023445,0.018472149516819414,0.0,0.0
1782482714000,BTCUSDT,BTC,coindesk,macro,2,-0.6,0.6,0.8,14,-0.0026001004500917357,0.0015669280825016951,0.0,0.0
1782485618000,BTCUSDT,ALL,cointelegraph,exchange,3,-0.7,0.7,0.8,14,0.012377596314057548,0.0012968460027256157,0.0,0.0
1782487160000,BTCUSDT,ALL,cointelegraph,regulatory,2,0.2,0.2,0.8,15,-0.002947372408029114,-0.0045765506971476855,0.0,0.0
1782488968000,BTCUSDT,BTC,theblock,macro,2,-0.6,0.6,0.8,15,-0.0030336822687376808,-0.006434877457255128,0.0,0.0
1782490420000,BTCUSDT,ALL,cointelegraph,regulatory,3,-0.5,0.5,0.8,16,0.0006989013483851281,-0.004993341379270766,0.0,0.0
1782492243000,BTCUSDT,BTC,decrypt,exchange,2,-0.45,0.45,0.8,16,-0.001995178388166541,-0.006830589055596192,0.0,0.0
1782496964000,BTCUSDT,ALL,theblock,regulatory,2,-0.45,0.45,0.8,18,-0.00032832983952446604,-0.0037905205700391464,0.0,0.0
1782498957000,BTCUSDT,BTC,decrypt,influencer,3,-0.7,0.7,0.8,18,0.0017732276088193721,0.0032061962594935878,0.0,0.0
1782500314000,BTCUSDT,BTC,cointelegraph,macro,2,-0.6,0.6,0.8,18,0.002077567431730598,0.0066679510805831566,0.0,0.0
1782501230000,BTCUSDT,ALL,cointelegraph,regulatory,3,0.6,0.6,0.8,19,-0.0034339679258493794,0.00013336445170542,0.0,0.0
1782502136000,BTCUSDT,BTC,cointelegraph,exchange,2,-0.3,0.3,0.7,19,-0.006674239397663095,-0.0007457269330489735,0.0,0.0
1782502867000,BTCUSDT,ALL,decrypt,geopolitical,2,-0.35,0.35,0.62,19,-0.002118732188342576,0.003609728996380124,0.0,0.0
1782503313000,BTCUSDT,ALL,theblock,regulatory,3,-0.6,0.6,0.8,19,-0.002607788363011676,0.003474490566138577,0.0,0.0
1782504306000,ETHUSDT,ETH,cointelegraph,influencer,3,-0.7,0.7,0.8,20,-0.001408826105167016,0.0024940029699578314,-0.001996637925023137,-0.003934927215878403
1782505497000,BTCUSDT,ALL,theblock,exchange,2,0.4,0.4,0.8,20,0.001505251989620593,0.00445972091868696,0.0,0.0
1782506659000,BTCUSDT,ALL,cointelegraph,regulatory,2,0.0,0.0,0.8,20,0.0033278009479544846,0.005270245726629819,0.0,0.0
1782507035000,BTCUSDT,ALL,theblock,exchange,3,-0.5,0.5,0.8,20,0.00336079573997794,0.005711343313573813,0.0,0.0
1782507841000,BTCUSDT,ALL,decrypt,regulatory,3,-0.7,0.7,0.9,21,0.0019032473530351535,0.0035916011428187566,0.0,0.0
1782507851000,BTCUSDT,ALL,decrypt,regulatory,2,0.0,0.0,0.8,21,0.0019032473530351535,0.0035916011428187566,0.0,0.0
1782509123000,BTCUSDT,ALL,coindesk,regulatory,2,-0.35,0.35,0.7,21,0.00030018694066602514,0.0013688724841605104,0.0,0.0
1782509939000,ETHUSDT,ETH,coindesk,influencer,2,-0.35,0.35,0.8,21,-0.0009696124718781007,-0.0010393231724706853,-6.447437626011521e-05,-0.00010669606787472308
1782511661000,BTCUSDT,ALL,decrypt,geopolitical,2,-0.2,0.2,0.6,22,0.002939146646059765,0.0033153440645843357,0.0,0.0
1782512388000,BTCUSDT,ALL,decrypt,regulatory,2,-0.4,0.4,0.7,22,0.0020690115464192527,0.006173496629513497,0.0,0.0
1782512663000,BTCUSDT,ALL,cointelegraph,regulatory,3,-0.8,0.8,0.9,22,0.0014353691521689083,0.00673239389588276,0.0,0.0
1782513559000,BTCUSDT,ALL,coindesk,regulatory,3,-0.7,0.7,0.8,22,0.001639995957956053,0.0052426510338727805,0.0,0.0
1782517745000,BTCUSDT,ALL,decrypt,exchange,2,0.2,0.2,0.8,23,-0.0005094006978173526,0.002801620629779622,0.0,0.0
1782519833000,BTCUSDT,BTC,theblock,macro,2,-0.4,0.4,0.7,0,-0.0009098988636755401,0.005754977091830815,0.0,0.0
1782537703000,BTCUSDT,ALL,cointelegraph,regulatory,2,-0.45,0.45,0.8,5,0.0006480618562492158,0.003394720531427309,0.0,0.0
1782549671000,BTCUSDT,ALL,cointelegraph,exchange,2,0.7,0.7,0.8,8,-0.0002911383542755219,-0.0011331058404604466,0.0,0.0
1782572547000,BTCUSDT,ALL,cointelegraph,hack,2,-0.2,0.2,0.7,15,0.0018032180811453635,-0.0018210113705708908,0.0,0.0
1782572993000,BTCUSDT,BTC,coindesk,exchange,3,-0.7,0.7,0.8,15,-0.002095191162580612,-0.004569175803868508,0.0,0.0
1782576082000,BTCUSDT,ALL,coindesk,influencer,2,0.0,0.0,0.8,16,-0.004544251773124897,-0.008925691977945127,0.0,0.0
1782580348000,BTCUSDT,ALL,coindesk,regulatory,2,-0.45,0.45,0.8,17,-0.0017582278330634526,-0.003465801016657055,0.0,0.0
1782580529000,BTCUSDT,ALL,coindesk,hack,3,-0.7,0.7,0.8,17,-0.0016954617398226013,-0.0032500062703207933,0.0,0.0
1782587879000,BTCUSDT,ALL,cointelegraph,exchange,3,-0.7,0.7,0.8,19,-0.0013120181191027536,-0.0060616231055666825,0.0,0.0
1782588700000,BTCUSDT,ALL,coindesk,influencer,2,-0.35,0.35,0.8,19,0.0020415945381944134,-0.0015347697745602407,0.0,0.0
1782588710000,BTCUSDT,BTC,theblock,macro,2,-0.7,0.7,0.8,19,0.0020415945381944134,-0.0015347697745602407,0.0,0.0
1782599770000,BTCUSDT,BTC,cointelegraph,geopolitical,3,-0.7,0.7,0.8,22,-0.002043106811862594,-0.0006514012771452471,0.0,0.0
1782604582000,BTCUSDT,BTC,cointelegraph,influencer,3,0.7,0.7,0.8,23,0.00010692659489253131,0.0027024780821298666,0.0,0.0
1782625897000,BTCUSDT,BTC,cointelegraph,influencer,3,0.8,0.8,0.7,5,0.00022754107116340627,0.004495311403708291,0.0,0.0
1782634688000,BTCUSDT,ALL,cointelegraph,exchange,2,-0.4,0.4,0.8,8,0.002120048163136934,0.00046960885136293484,0.0,0.0
1782641593000,BTCUSDT,BTC,coindesk,macro,2,-0.7,0.7,0.8,10,4.966776583592569e-05,0.000498172674722186,0.0,0.0
1782645218000,BTCUSDT,BTC,cointelegraph,exchange,3,-0.5,0.5,0.8,11,-4.966529907146633e-05,-0.0022090261282660117,0.0,0.0
1782658365000,BTCUSDT,ALL,cointelegraph,exchange,2,-0.35,0.35,0.8,14,-0.002382023220562024,-0.00697183215897923,0.0,0.0
1782669797000,BTCUSDT,BTC,coindesk,influencer,3,0.7,0.7,0.8,18,-0.0022153146422059233,-0.0001668900524648409,0.0,0.0
1782670082000,BTCUSDT,BTC,coindesk,influencer,3,0.5,0.5,0.8,18,-0.0024031223490044162,-0.00029171430774854734,0.0,0.0
1782673793000,BTCUSDT,ALL,cointelegraph,regulatory,2,-0.45,0.45,0.8,19,0.002676960193976674,-0.003968132594649787,0.0,0.0
1782674073000,BTCUSDT,BTC,theblock,influencer,3,0.7,0.7,0.8,19,0.003647217084244092,-0.0014294602320498173,0.0,0.0
1782684322000,BTCUSDT,ALL,cointelegraph,regulatory,3,-0.7,0.7,0.8,22,-0.006071775951702163,-0.010164346805299318,0.0,0.0
1782685869000,BTCUSDT,ALL,coindesk,influencer,3,0.8,0.8,0.9,22,0.008510138214504748,0.005811571413974814,0.0,0.0
1782695116000,BTCUSDT,ALL,theblock,regulatory,2,-0.45,0.45,0.8,1,-0.007703491402122231,0.0008723629890796669,0.0,0.0
1782698746000,ETHUSDT,ETH,cointelegraph,exchange,2,0.4,0.4,0.8,2,0.018245758407642754,0.019312987405411874,0.0016455337528842318,-0.00024010888270198372
1782711358000,BTCUSDT,BTC,cointelegraph,influencer,3,0.5,0.5,0.8,5,0.0027689402019073217,0.0009062896501721429,0.0,0.0
1782711719000,BTCUSDT,ALL,theblock,influencer,2,0.2,0.2,0.8,5,0.0021809078771695134,0.001827102803738434,0.0,0.0
1782712166000,BTCUSDT,ALL,theblock,exchange,2,0.4,0.4,0.7,5,0.0021051508691456444,0.00019118036792642457,0.0,0.0
1782716436000,BTCUSDT,ALL,cointelegraph,regulatory,2,0.7,0.7,0.8,7,-0.0005330422901322907,5.781984203689916e-05,0.0,0.0
1782716802000,BTCUSDT,BTC,coindesk,exchange,3,-0.7,0.7,0.8,7,-0.0020637773783369617,-0.0023185873110977973,0.0,0.0
1782722141000,BTCUSDT,ALL,cointelegraph,macro,2,-0.35,0.35,0.8,8,0.0016522465341572978,0.0013642892934691009,0.0,0.0
1782724863000,BTCUSDT,ALL,coindesk,macro,2,-0.7,0.7,0.8,9,0.004781137758273379,0.0008136260674045381,0.0,0.0
1782727507000,BTCUSDT,ALL,coindesk,exchange,3,-0.5,0.5,0.7,10,-0.0047793087326853945,-0.01895403416358188,0.0,0.0
1782734036000,BTCUSDT,ALL,coindesk,regulatory,3,-0.55,0.55,0.8,11,-0.00012125548631047867,-0.002202279836647003,0.0,0.0
1782736940000,BTCUSDT,ALL,cointelegraph,exchange,2,0.2,0.2,0.8,12,-0.008835264962827605,0.0005423581733376981,0.0,0.0
1782737486000,BTCUSDT,ALL,theblock,regulatory,3,-0.7,0.7,0.8,12,-0.006151584736169724,-0.0009327962971056314,0.0,0.0
1782738207000,BTCUSDT,ALL,coindesk,regulatory,3,-0.7,0.7,0.8,13,-0.013611749043102028,0.002046763188550571,0.0,0.0
1782741026000,BTCUSDT,ALL,decrypt,hack,2,0.0,0.0,0.8,13,-0.0018517959046659982,0.013997818059751532,0.0,0.0
1782745287000,BTCUSDT,BTC,theblock,macro,2,-0.65,0.65,0.8,15,0.009214567792891648,0.016268943868768426,0.0,0.0
1782746103000,BTCUSDT,BTC,coindesk,influencer,3,0.7,0.7,0.8,15,0.007767814927389427,0.01992586963863574,0.0,0.0
1782748006000,BTCUSDT,BTC,theblock,exchange,2,0.0,0.0,0.8,15,-0.0006813553663829186,0.009350525788683006,0.0,0.0
1782748191000,BTCUSDT,ALL,coindesk,exchange,2,-0.4,0.4,0.7,15,-0.0006813553663829186,0.009350525788683006,0.0,0.0
1782748201000,BTCUSDT,BTC,decrypt,exchange,3,-0.7,0.7,0.8,15,0.0011508757102707268,0.01018788275810989,0.0,0.0
1782748372000,ETHUSDT,ETH,coindesk,influencer,3,0.5,0.5,0.8,15,0.0032336450963765806,0.028691481148671594,0.002082769386105854,0.018503598390561704
1782749814000,BTCUSDT,BTC,cointelegraph,influencer,3,0.7,0.7,0.8,16,0.012634046140407751,0.012600366521386297,0.0,0.0
1782753089000,BTCUSDT,BTC,coindesk,regulatory,3,-0.5,0.5,0.8,17,-0.002161822835813232,-0.0045738230318624895,0.0,0.0
1782756349000,BTCUSDT,ALL,coindesk,regulatory,3,-0.65,0.65,0.8,18,-0.0052871786660902975,-0.0011564773887107194,0.0,0.0
1782756540000,BTCUSDT,ALL,coindesk,regulatory,2,0.2,0.2,0.8,18,-0.0052871786660902975,-0.0011564773887107194,0.0,0.0
1782757616000,BTCUSDT,ALL,coindesk,regulatory,2,-0.2,0.2,0.8,18,0.0013131760587024033,0.0024090938437899556,0.0,0.0
1782758082000,BTCUSDT,ALL,theblock,regulatory,3,-0.5,0.5,0.8,18,0.0014795763547172935,0.0015261967803370524,0.0,0.0
1782760986000,BTCUSDT,ALL,cointelegraph,exchange,2,0.7,0.7,0.8,19,-0.000992391663910075,-0.0037709229242474107,0.0,0.0
1782762073000,BTCUSDT,BTC,theblock,influencer,3,0.6,0.6,0.8,19,-0.0018624420465709335,-0.004102660714123352,0.0,0.0
1782763255000,BTCUSDT,ALL,theblock,exchange,2,0.7,0.7,0.8,20,-0.002183664331657731,-0.0043279624982695,0.0,0.0
1782765162000,BTCUSDT,ALL,coindesk,regulatory,2,-0.2,0.2,0.8,20,-3.787046910430636e-05,-0.01224208391434456,0.0,0.0
1782766069000,BTCUSDT,ALL,cointelegraph,regulatory,2,0.4,0.4,0.8,20,0.004311248890975117,-0.007394715379147598,0.0,0.0
1782769153000,BTCUSDT,ALL,theblock,regulatory,2,-0.45,0.45,0.8,21,-0.0013035843110766887,-0.01033804213610523,0.0,0.0
1782770695000,BTCUSDT,BTC,theblock,influencer,2,0.0,0.0,0.8,22,-0.0015054101452631752,-0.008801826544455826,0.0,0.0
1782772237000,BTCUSDT,ALL,decrypt,regulatory,2,-0.35,0.35,0.8,22,-0.001466388364311011,-0.005877315044892861,0.0,0.0
1782773044000,BTCUSDT,BTC,cointelegraph,macro,2,-0.7,0.7,0.8,22,-0.002587057265805992,-0.00632257530619007,0.0,0.0
1782774235000,BTCUSDT,ALL,cointelegraph,regulatory,2,-0.4,0.4,0.7,23,-0.0025626745931841555,-0.0073138792540505815,0.0,0.0
1782776408000,BTCUSDT,ALL,theblock,regulatory,2,-0.4,0.4,0.8,23,-0.006788167136794976,-0.009721442546913539,0.0,0.0
1782779312000,BTCUSDT,BTC,decrypt,influencer,2,0.2,0.2,0.6,0,0.0019038712047829698,-0.0035739336651190445,0.0,0.0
1782779938000,BTCUSDT,ALL,cointelegraph,regulatory,2,-0.4,0.4,0.8,0,0.0010132420718449442,-0.0027168671766278907,0.0,0.0
1782784940000,BTCUSDT,ALL,theblock,regulatory,2,0.2,0.2,0.8,2,-6.50976464700026e-06,-0.006102820898013728,0.0,0.0
1782785030000,BTCUSDT,ALL,cointelegraph,regulatory,2,-0.2,0.2,0.8,2,-6.50976464700026e-06,-0.006102820898013728,0.0,0.0
1782785211000,BTCUSDT,ALL,coindesk,exchange,2,0.6,0.6,0.8,2,0.0017380758348257697,-0.003844069194583355,0.0,0.0
1782793467000,BTCUSDT,ALL,cointelegraph,regulatory,2,-0.4,0.4,0.7,4,-0.00276403549854487,-0.002361352805621997,0.0,0.0
1782794283000,BTCUSDT,ALL,theblock,influencer,3,0.7,0.7,0.8,4,-0.0008135399892645889,-0.005724973161567393,0.0,0.0
1782798364000,BTCUSDT,ALL,theblock,exchange,2,0.8,0.8,0.9,5,-0.0009656276160104893,-0.003931795419811479,0.0,0.0
1782800086000,BTCUSDT,ALL,cointelegraph,regulatory,3,-0.8,0.8,0.9,6,-0.0011034870391897211,-0.0031284772516809722,0.0,0.0
1782802540000,BTCUSDT,BTC,cointelegraph,influencer,3,0.6,0.6,0.8,6,-0.0010743177469706433,-0.0030871739787184937,0.0,0.0
1782803806000,BTCUSDT,BTC,coindesk,macro,2,-0.45,0.45,0.8,7,-0.001524281633338953,-0.004195429339606704,0.0,0.0
1782809249000,BTCUSDT,ALL,theblock,regulatory,3,-0.8,0.8,0.9,8,0.0002671892749619431,-0.011669398926896446,0.0,0.0
1782811792000,BTCUSDT,ALL,cointelegraph,regulatory,2,-0.3,0.3,0.8,9,0.0013283176436988953,-0.015134622479608395,0.0,0.0
1782811883000,BTCUSDT,ALL,coindesk,regulatory,2,0.4,0.4,0.8,9,-0.00039354478682929184,-0.016429272923056848,0.0,0.0
1782813785000,BTCUSDT,BTC,coindesk,macro,2,-0.7,0.7,0.8,10,0.0005326066615585212,-0.006572689608055682,0.0,0.0
1782815783000,BTCUSDT,BTC,coindesk,macro,2,-0.45,0.45,0.8,10,-0.0014302086493410693,-0.00698756193750627,0.0,0.0
1782818412000,BTCUSDT,BTC,cointelegraph,exchange,2,0.4,0.4,0.8,11,-0.006034617112755103,-0.01416266669323274,0.0,0.0
1782821496000,BTCUSDT,ALL,cointelegraph,regulatory,2,-0.4,0.4,0.8,12,-0.008374944650934135,-0.010415618549314054,0.0,0.0
1782822132000,BTCUSDT,ALL,decrypt,influencer,3,-0.8,0.8,0.9,12,-0.005927368501163266,-0.009341907847528752,0.0,0.0
1782822222000,BTCUSDT,ALL,theblock,regulatory,3,-0.5,0.5,0.8,12,-0.005927368501163266,-0.009341907847528752,0.0,0.0
1782824130000,BTCUSDT,ALL,coindesk,regulatory,3,-0.7,0.7,0.8,12,0.009424934635531734,0.0012947184551768132,0.0,0.0
1782825307000,BTCUSDT,ALL,coindesk,regulatory,3,0.5,0.5,0.8,13,0.010086390993534922,-0.0008557154590421723,0.0,0.0
1782826298000,BTCUSDT,ALL,cointelegraph,regulatory,2,-0.4,0.4,0.8,13,0.005725035179578564,-0.000207513247604596,0.0,0.0
1782826489000,BTCUSDT,BTC,coindesk,macro,2,-0.8,0.8,0.9,13,0.005725035179578564,-0.000207513247604596,0.0,0.0
1782827395000,BTCUSDT,BTC,coindesk,macro,2,-0.7,0.7,0.8,13,-0.0028592590774702,-0.0047728169794689634,0.0,0.0
1782828031000,BTCUSDT,ALL,decrypt,regulatory,3,0.6,0.6,0.8,14,-0.01082044240768365,-0.008582496102795933,0.0,0.0
1782829208000,BTCUSDT,BTC,coindesk,macro,2,-0.7,0.7,0.8,14,-0.011101627896617061,-0.008536586811752511,0.0,0.0
1782831391000,BTCUSDT,BTC,coindesk,other,2,-0.55,0.55,0.8,14,0.0025190744129333087,0.0056954850791701706,0.0,0.0
1782832558000,BTCUSDT,BTC,decrypt,influencer,3,0.5,0.5,0.8,15,-0.0017355336958685408,0.003148404306944519,0.0,0.0
1782833204000,BTCUSDT,ALL,cointelegraph,exchange,3,0.5,0.5,0.8,15,-0.0005461234731947151,0.005852814332908629,0.0,0.0
1782833564000,BTCUSDT,BTC,theblock,influencer,2,-0.4,0.4,0.8,15,0.0025694349197642463,0.007124537100534845,0.0,0.0
1782833745000,BTCUSDT,ALL,cointelegraph,influencer,3,0.7,0.7,0.8,15,-0.0020400725480802517,0.005270002053247458,0.0,0.0
1782834381000,BTCUSDT,BTC,cointelegraph,influencer,3,0.7,0.7,0.8,15,0.00020986520262322728,0.004140394351754839,0.0,0.0
1782836469000,BTCUSDT,BTC,cointelegraph,influencer,2,0.4,0.4,0.8,16,0.0012329377872282166,0.007305027779683115,0.0,0.0
1782836834000,BTCUSDT,ALL,coindesk,regulatory,2,0.8,0.8,0.9,16,0.00010993508350432002,0.005306679498134459,0.0,0.0
1782840815000,BTCUSDT,ALL,coindesk,exchange,2,-0.4,0.4,0.8,17,0.0011037677042027294,0.005252323182498131,0.0,0.0
1782841461000,BTCUSDT,ALL,coindesk,regulatory,2,-0.35,0.35,0.8,17,0.005161335019138402,0.004705015247528088,0.0,0.0
1782842813000,BTCUSDT,BTC,decrypt,influencer,3,-0.6,0.6,0.8,18,0.0030631755370091884,0.0045151525516486934,0.0,0.0
1782845547000,BTCUSDT,ALL,decrypt,exchange,3,-0.7,0.7,0.8,18,0.002337729484924056,-0.0012419720430185688,0.0,0.0
1782847995000,BTCUSDT,ALL,coindesk,geopolitical,2,-0.4,0.4,0.7,19,-0.0006472198824858388,-0.0026819961200852394,0.0,0.0
1782850899000,BTCUSDT,ALL,theblock,regulatory,2,0.4,0.4,0.8,20,-0.0024854448265295703,-0.005924210956385512,0.0,0.0
1782851165000,BTCUSDT,ALL,cointelegraph,other,2,-0.35,0.35,0.8,20,-0.0011701982694010127,-0.0034518293929277633,0.0,0.0
1782854800000,BTCUSDT,BTC,cointelegraph,macro,2,-0.7,0.7,0.8,21,-0.00186393766637738,-0.0030235695173714827,0.0,0.0
1782862331000,BTCUSDT,ALL,decrypt,regulatory,2,-0.4,0.4,0.8,23,-0.0025603382104362193,0.00717816420677897,0.0,0.0
1782863152000,BTCUSDT,ALL,cointelegraph,regulatory,2,-0.2,0.2,0.8,23,-0.001499079064056219,0.010995463537758488,0.0,0.0
1782864689000,BTCUSDT,ALL,theblock,influencer,2,-0.4,0.4,0.7,0,-0.0039053315105946895,0.011585953520164116,0.0,0.0
1782865055000,BTCUSDT,ALL,decrypt,exchange,3,-0.5,0.5,0.8,0,-0.0036712861616553516,0.013175904658469406,0.0,0.0
1782865596000,ETHUSDT,ETH,cointelegraph,macro,2,-0.45,0.45,0.8,0,5.7246445949843405e-05,0.014057182838787652,0.0007982043241610004,0.0014656847963010478
1782867053000,BTCUSDT,ALL,cointelegraph,regulatory,2,-0.4,0.4,0.7,0,0.0033216675771647886,0.013042713739415346,0.0,0.0
1782867413000,BTCUSDT,BTC,cointelegraph,macro,2,0.6,0.6,0.8,0,0.006598218873094641,0.01576245932522702,0.0,0.0
1782868685000,BTCUSDT,ALL,theblock,influencer,3,0.5,0.5,0.8,1,0.012008320758650992,0.017440652250750643,0.0,0.0
1782868775000,BTCUSDT,BTC,decrypt,influencer,2,0.2,0.2,0.8,1,0.012008320758650992,0.017440652250750643,0.0,0.0
1782869406000,BTCUSDT,ALL,coindesk,influencer,3,-0.8,0.8,0.9,1,0.004780817374443913,0.006955958247233163,0.0,0.0
1782872225000,BTCUSDT,BTC,cointelegraph,exchange,2,0.5,0.5,0.8,2,-0.0006104406220487357,-0.0025228830379137035,0.0,0.0
1782882014000,BTCUSDT,ALL,theblock,influencer,3,-0.7,0.7,0.8,5,-0.005375033384121708,-0.00440661969804057,0.0,0.0
1782884372000,BTCUSDT,ALL,cointelegraph,exchange,3,-0.7,0.7,0.8,5,-0.008251449312947967,-0.005146786388343982,0.0,0.0
1782888808000,BTCUSDT,ALL,cointelegraph,influencer,2,-0.45,0.45,0.8,6,0.00021870181326777427,-0.0016308177235269117,0.0,0.0
1782889079000,BTCUSDT,BTC,theblock,macro,2,-0.6,0.6,0.8,6,0.001107990379467072,-0.0004229517259054516,0.0,0.0
1782889715000,BTCUSDT,ALL,cointelegraph,influencer,2,0.0,0.0,0.8,7,0.00032565896093839086,0.00042586171815028884,0.0,0.0
1782890801000,BTCUSDT,ALL,theblock,regulatory,3,0.6,0.6,0.8,7,-0.002581045808711435,-0.001493438522610857,0.0,0.0
1782893154000,BTCUSDT,ALL,coindesk,regulatory,3,-0.7,0.7,0.8,8,0.004358934128425362,-0.004369666642986991,0.0,0.0
1782897871000,BTCUSDT,ALL,cointelegraph,regulatory,2,0.2,0.2,0.8,9,-0.0024247724493954292,-0.001154564597201424,0.0,0.0
1782897881000,BTCUSDT,ALL,cointelegraph,regulatory,2,0.4,0.4,0.7,9,-0.0024247724493954292,-0.001154564597201424,0.0,0.0
1782899688000,BTCUSDT,BTC,decrypt,macro,2,-0.6,0.6,0.8,9,-0.004827757612875128,0.009389841808954191,0.0,0.0
1782900394000,BTCUSDT,BTC,coindesk,exchange,3,-0.7,0.7,0.8,10,-0.0008751233673766068,0.02077320264007465,0.0,0.0
1782902648000,BTCUSDT,BTC,coindesk,macro,2,-0.8,0.8,0.9,10,-0.0004144825521081863,0.01603444159127898,0.0,0.0
1782902934000,BTCUSDT,ALL,theblock,regulatory,2,-0.3,0.3,0.7,10,-0.0010716765071324685,0.01718944567421854,0.0,0.0
1782905197000,BTCUSDT,ALL,cointelegraph,influencer,3,-0.7,0.7,0.8,11,-0.0036980082140075643,0.027134354770790292,0.0,0.0
1782906288000,BTCUSDT,ALL,decrypt,influencer,3,-0.8,0.8,0.9,11,-0.005046269261098413,0.025226572323693075,0.0,0.0
1782908818000,BTCUSDT,BTC,cointelegraph,macro,2,-0.7,0.7,0.8,12,0.006451172410748329,0.028252028311919863,0.0,0.0
1782909188000,BTCUSDT,ALL,theblock,regulatory,2,-0.45,0.45,0.8,12,0.00760060309040167,0.027677822903225957,0.0,0.0
1782910370000,BTCUSDT,ALL,coindesk,regulatory,3,-0.7,0.7,0.8,12,0.016399942533065204,0.023608421263380697,0.0,0.0
1782912718000,BTCUSDT,ALL,theblock,exchange,3,-0.7,0.7,0.8,13,0.014842216076949244,0.022668037686275122,0.0,0.0
1782913729000,BTCUSDT,BTC,coindesk,macro,2,-0.7,0.7,0.8,13,0.004198465123958606,0.013136003508903649,0.0,0.0
1782914546000,BTCUSDT,ALL,theblock,regulatory,2,0.0,0.0,0.8,14,0.0051763025210083136,0.010084033613445342,0.0,0.0
1782916453000,BTCUSDT,ALL,theblock,hack,2,-0.2,0.2,0.8,14,0.00738690775154871,0.008457391595513286,0.0,0.0
1782917089000,BTCUSDT,ALL,coindesk,influencer,3,0.8,0.8,0.9,14,0.008628833676639358,0.010426661120094494,0.0,0.0
1782918171000,BTCUSDT,ALL,decrypt,regulatory,2,0.2,0.2,0.8,15,0.005718633914966853,0.007858648986531769,0.0,0.0
1782919352000,BTCUSDT,ALL,cointelegraph,regulatory,2,0.4,0.4,0.8,15,-0.002766004049355675,-0.0025768174637955665,0.0,0.0
1782919808000,BTCUSDT,ALL,coindesk,regulatory,2,-0.2,0.2,0.8,15,-0.002360264591610428,0.000611421872450002,0.0,0.0
1782919898000,BTCUSDT,BTC,coindesk,macro,2,-0.7,0.7,0.8,15,-0.002360264591610428,0.000611421872450002,0.0,0.0
1782924164000,BTCUSDT,ALL,cointelegraph,regulatory,3,0.7,0.7,0.8,16,0.0031949478314114987,0.003112094240375063,0.0,0.0
1782925251000,BTCUSDT,ALL,coindesk,regulatory,3,-0.55,0.55,0.8,17,0.003826231499365562,0.0063501613137062485,0.0,0.0
1782925341000,BTCUSDT,ALL,coindesk,regulatory,2,-0.2,0.2,0.8,17,0.003826231499365562,0.0063501613137062485,0.0,0.0
1782927419000,BTCUSDT,BTC,coindesk,macro,2,0.7,0.7,0.8,17,0.001083002365150909,0.010828860026557141,0.0,0.0
1782929247000,BTCUSDT,ALL,coindesk,influencer,3,-0.8,0.8,0.9,18,0.0033626285828423086,0.012219947401711062,0.0,0.0
1782929612000,BTCUSDT,BTC,coindesk,influencer,2,0.4,0.4,0.7,18,0.0014007380000233827,0.010455277231818716,0.0,0.0
1782933963000,BTCUSDT,ALL,decrypt,geopolitical,2,0.4,0.4,0.7,19,-0.004115654470199015,-0.0008156973623406616,0.0,0.0
1782934960000,BTCUSDT,BTC,decrypt,macro,2,0.7,0.7,0.8,19,0.0006322547364643327,-0.0017191608273456893,0.0,0.0
1782936141000,BTCUSDT,ALL,cointelegraph,exchange,3,0.7,0.7,0.8,20,0.004989157993061211,2.101681345090256e-05,0.0,0.0
1782937048000,BTCUSDT,ALL,cointelegraph,regulatory,3,-0.7,0.7,0.8,20,0.007126278447717738,-0.0020674243777011325,0.0,0.0
1782941209000,BTCUSDT,ALL,coindesk,exchange,3,0.7,0.7,0.8,21,-0.003387054211645979,-0.009284172234062305,0.0,0.0
1782943672000,BTCUSDT,BTC,cointelegraph,macro,2,0.8,0.8,0.7,22,-0.009307021705366458,-0.010987278035721526,0.0,0.0
1782950296000,ETHUSDT,ETH,decrypt,exchange,3,0.7,0.7,0.8,23,0.0005175402496664372,0.021418683826555318,0.0032357466240398036,0.003138850280600458
1782954742000,BTCUSDT,BTC,cointelegraph,macro,2,0.7,0.7,0.8,1,0.0036791477727393662,0.014601226993864902,0.0,0.0
1782969705000,BTCUSDT,ALL,theblock,exchange,2,-0.35,0.35,0.7,5,-0.0044299475649610676,-0.002316709479067036,0.0,0.0
1782974882000,BTCUSDT,BTC,cointelegraph,macro,2,-0.8,0.8,0.7,6,-0.003077738591457213,0.016362835013619126,0.0,0.0
1782980875000,BTCUSDT,ALL,cointelegraph,regulatory,2,0.2,0.2,0.8,8,0.0039949391703024695,0.014481489084133159,0.0,0.0
1782991941000,BTCUSDT,ALL,cointelegraph,regulatory,2,-0.35,0.35,0.7,11,0.0020240817933296906,0.006144679676453713,0.0,0.0
1782992301000,BTCUSDT,ALL,coindesk,hack,3,0.5,0.5,0.8,11,0.001232463094214653,0.006655626972980944,0.0,0.0
1782993758000,BTCUSDT,BTC,cointelegraph,influencer,2,0.4,0.4,0.8,12,0.005013780313060323,0.004786296297685455,0.0,0.0
1782995571000,BTCUSDT,ALL,cointelegraph,exchange,2,0.4,0.4,0.8,12,0.008417479363735492,-0.001044756679311587,0.0,0.0
1782996192000,BTCUSDT,BTC,coindesk,macro,2,0.2,0.2,0.8,12,0.007214344589306698,0.004485814325629445,0.0,0.0
1782997384000,BTCUSDT,ALL,decrypt,hack,2,-0.2,0.2,0.8,13,0.004049297060138457,0.0016131636228520208,0.0,0.0
1782999111000,BTCUSDT,BTC,coindesk,macro,2,0.8,0.8,0.9,13,-0.0057823943649465415,-0.0036066706050129627,0.0,0.0
1782999747000,BTCUSDT,BTC,cointelegraph,exchange,2,-0.4,0.4,0.8,13,-0.004810630851645459,-0.004390883210384944,0.0,0.0
1783003102000,BTCUSDT,BTC,theblock,influencer,3,0.5,0.5,0.8,14,0.004558018402354147,0.005665330848256378,0.0,0.0
1783008720000,BTCUSDT,BTC,coindesk,influencer,2,-0.45,0.45,0.8,16,0.005614012262355805,-0.000829904535770587,0.0,0.0
1783011364000,BTCUSDT,ALL,theblock,exchange,2,0.2,0.2,0.8,16,0.0008223376272229466,-0.002357270604193662,0.0,0.0
1783014353000,BTCUSDT,BTC,coindesk,exchange,3,-0.7,0.7,0.8,17,0.0010241907969279485,-0.002751966002438433,0.0,0.0
1783014619000,BTCUSDT,ALL,coindesk,regulatory,2,-0.2,0.2,0.8,17,0.001523819963841433,-0.001218310033876846,0.0,0.0
1783014719000,BTCUSDT,BTC,decrypt,influencer,2,-0.43,0.43,0.72,17,0.001523819963841433,-0.001218310033876846,0.0,0.0
1783018073000,BTCUSDT,ALL,theblock,hack,3,-0.7,0.7,0.8,18,-0.0017960835086584526,-0.003986081890273607,0.0,0.0
1783019255000,BTCUSDT,ALL,theblock,influencer,3,0.6,0.6,0.8,19,-0.0036149136635497126,-0.005061138599691595,0.0,0.0
1783021974000,BTCUSDT,ALL,coindesk,influencer,3,0.5,0.5,0.8,19,0.0017108113910955236,0.0013077508637011626,0.0,0.0
1783025239000,BTCUSDT,BTC,cointelegraph,macro,2,0.7,0.7,0.8,20,0.002079794364727494,-0.0014512654008723702,0.0,0.0
1783027872000,BTCUSDT,BTC,decrypt,exchange,3,-0.6,0.6,0.8,21,-0.00023559610119328056,0.002823903612922951,0.0,0.0
1783029234000,BTCUSDT,BTC,theblock,influencer,2,-0.4,0.4,0.8,21,-0.0020619473940394206,-6.916453463479133e-05,0.0,0.0
1783030411000,BTCUSDT,ALL,cointelegraph,regulatory,3,-0.7,0.7,0.8,22,-0.0021106511376627335,-0.0005301804920218034,0.0,0.0
1783030501000,BTCUSDT,ALL,theblock,regulatory,3,-0.7,0.7,0.8,22,-0.0014873348256508878,-1.3810734124986013e-05,0.0,0.0
1783031047000,BTCUSDT,ALL,theblock,exchange,2,0.6,0.6,0.8,22,-0.00019082496035993657,-0.0020061002221143376,0.0,0.0
1783031947000,BTCUSDT,ALL,decrypt,regulatory,2,-0.2,0.2,0.8,22,-0.0007229310041345638,-0.0026568689578660987,0.0,0.0
1783037760000,BTCUSDT,ALL,decrypt,regulatory,2,0.2,0.2,0.8,0,0.0039006922885511663,0.0009700806781862692,0.0,0.0
1783059445000,BTCUSDT,BTC,cointelegraph,influencer,2,-0.4,0.4,0.8,6,0.00020244554214920996,-0.00026739007207066123,0.0,0.0
1783070620000,BTCUSDT,ALL,cointelegraph,hack,3,-0.5,0.5,0.8,9,0.0009871101794258763,0.006722043617981788,0.0,0.0
1783071061000,BTCUSDT,ALL,coindesk,regulatory,2,0.4,0.4,0.8,9,0.004003706720891564,0.007380966569527914,0.0,0.0
1783073249000,BTCUSDT,BTC,coindesk,macro,2,-0.7,0.7,0.8,10,0.004795541442550677,0.0007131747780442232,0.0,0.0
1783073790000,BTCUSDT,BTC,theblock,exchange,2,0.5,0.5,0.8,10,0.005305653839904334,0.002151842690465866,0.0,0.0
1783079598000,BTCUSDT,BTC,cointelegraph,regulatory,2,-0.4,0.4,0.8,11,-0.0006453951227282095,-0.0016332382196445616,0.0,0.0
1783081140000,BTCUSDT,ALL,theblock,regulatory,3,0.6,0.6,0.8,12,0.0009517584782576805,0.001835269145648688,0.0,0.0
1783088025000,BTCUSDT,BTC,cointelegraph,regulatory,2,0.4,0.4,0.8,14,0.005598125092420192,0.0056547502523054405,0.0,0.0
1783091110000,BTCUSDT,ALL,coindesk,influencer,3,0.7,0.7,0.8,15,-0.004263400487585778,-0.0001738161767708135,0.0,0.0
1783091565000,BTCUSDT,ALL,cointelegraph,regulatory,2,0.2,0.2,0.8,15,-0.0028738979342299853,0.001737563549778054,0.0,0.0
1783098200000,BTCUSDT,ALL,cointelegraph,hack,2,-0.2,0.2,0.8,17,-0.0022161558079581978,0.008158022829295453,0.0,0.0
1783098550000,BTCUSDT,ALL,cointelegraph,regulatory,2,-0.4,0.4,0.8,17,-0.0004900915641541381,0.009061227036203379,0.0,0.0
1783100017000,BTCUSDT,ALL,theblock,exchange,2,-0.45,0.45,0.8,17,-0.00015122816231594172,0.005098205093672981,0.0,0.0
1783100288000,BTCUSDT,ALL,decrypt,geopolitical,2,-0.45,0.45,0.8,17,-6.460321013679327e-05,0.006202872400142612,0.0,0.0
1783105732000,BTCUSDT,BTC,cointelegraph,influencer,2,0.2,0.2,0.8,19,0.004127927144691235,0.006123059767296768,0.0,0.0
1783109062000,BTCUSDT,ALL,cointelegraph,regulatory,3,-0.7,0.7,0.8,20,0.005980632570234734,0.00854453914340203,0.0,0.0
1783109337000,BTCUSDT,ALL,cointelegraph,influencer,3,0.7,0.7,0.8,20,0.0050928913333401216,0.006241710778418508,0.0,0.0
1783109698000,BTCUSDT,BTC,decrypt,influencer,3,-0.8,0.8,0.7,20,0.00025184447733161974,0.0035770858895067814,0.0,0.0
1783117233000,BTCUSDT,ALL,coindesk,geopolitical,3,-0.7,0.7,0.8,22,-0.0002236732869276281,-0.0022447154990740126,0.0,0.0
1783118044000,BTCUSDT,ALL,cointelegraph,regulatory,3,-0.7,0.7,0.8,22,0.001725526267134292,-0.0020697366375185267,0.0,0.0
1783123582000,BTCUSDT,ALL,decrypt,regulatory,3,-0.7,0.7,0.8,0,-0.005054456049900291,-0.002738281328960923,0.0,0.0
1783152247000,BTCUSDT,ALL,cointelegraph,regulatory,2,0.2,0.2,0.8,8,-0.0006136774276074286,0.0002016277322076654,0.0,0.0
1783156625000,BTCUSDT,ALL,decrypt,regulatory,2,-1.0,1.0,0.3,9,0.0004277253081479415,0.003246518328797743,0.0,0.0
1783158642000,BTCUSDT,BTC,coindesk,macro,2,0.7,0.7,0.8,9,0.00030402918680194624,0.0015175856882259087,0.0,0.0
1783164901000,BTCUSDT,BTC,cointelegraph,influencer,3,0.7,0.7,0.8,11,0.0020167706867404434,0.006785239683531508,0.0,0.0
1783177333000,BTCUSDT,ALL,coindesk,regulatory,2,0.2,0.2,0.8,15,0.0005802524822220434,0.006098458361275982,0.0,0.0
1783181960000,BTCUSDT,BTC,cointelegraph,influencer,3,0.5,0.5,0.8,16,0.0009735487442492641,0.005300432052024462,0.0,0.0
1783184499000,BTCUSDT,ALL,coindesk,regulatory,2,-0.2,0.2,0.8,17,0.0040672661413319044,0.004282060244026331,0.0,0.0
1783184589000,BTCUSDT,ALL,decrypt,exchange,2,0.0,0.0,0.8,17,0.0040672661413319044,0.004282060244026331,0.0,0.0
1783189942000,BTCUSDT,ALL,coindesk,influencer,3,-0.7,0.7,0.8,18,0.002995409921673353,0.0013853731278490322,0.0,0.0
1783198924000,BTCUSDT,BTC,coindesk,regulatory,2,-0.2,0.2,0.8,21,0.0010065883047507551,-0.0034775782969247437,0.0,0.0
1783205098000,BTCUSDT,ALL,cointelegraph,exchange,2,0.4,0.4,0.8,22,0.00022482473242924073,-0.008949796368281526,0.0,0.0
1783208819000,BTCUSDT,ALL,theblock,influencer,3,-0.7,0.7,0.8,23,-0.002768750847387147,-0.006893321062930724,0.0,0.0
1783220245000,BTCUSDT,BTC,theblock,exchange,2,-0.7,0.7,0.8,2,4.159362549804868e-05,0.0004768127490040186,0.0,0.0
1783234490000,ETHUSDT,ETH,cointelegraph,influencer,3,0.7,0.7,0.8,6,0.0030656942579148083,-0.001870016830151422,-0.000725668195571183,-0.0014549308933458072
1783242111000,BTCUSDT,BTC,coindesk,influencer,3,-0.8,0.8,0.7,9,-0.0036885520863109145,-0.001972654380713923,0.0,0.0
1783263614000,BTCUSDT,ALL,cointelegraph,regulatory,2,0.0,0.0,0.8,15,-0.002841820839171172,-0.0009050759637205807,0.0,0.0
1783267334000,BTCUSDT,ALL,coindesk,other,2,-0.2,0.2,0.8,16,0.0003548643772146587,0.001913715803235183,0.0,0.0
1783267344000,BTCUSDT,ALL,coindesk,regulatory,2,-0.35,0.35,0.62,16,0.0003548643772146587,0.001913715803235183,0.0,0.0
1783270869000,BTCUSDT,ALL,coindesk,regulatory,3,0.7,0.7,0.8,17,-0.0008944193018555202,-0.0013912126253103896,0.0,0.0
1783274500000,BTCUSDT,ALL,coindesk,regulatory,3,-0.5,0.5,0.8,18,0.002483477525988542,0.006115262208502781,0.0,0.0
1783287118000,BTCUSDT,ALL,coindesk,regulatory,2,0.0,0.0,0.8,21,0.011384308814929689,0.013672421245328081,0.0,0.0
1783292290000,ETHUSDT,ETH,theblock,influencer,3,0.5,0.5,0.8,22,-0.0030953363598844597,-0.004762913966380733,-0.0012072116646955067,0.000907100053556098
1783318497000,BTCUSDT,ALL,cointelegraph,influencer,3,-0.8,0.8,0.9,6,-0.001522373145217193,-0.0034157860946015806,0.0,0.0
1783319774000,BTCUSDT,ALL,cointelegraph,macro,2,-0.3,0.3,0.7,6,0.0004981608320648867,-0.0023833079654997924,0.0,0.0
1783327215000,BTCUSDT,ALL,cointelegraph,hack,3,-0.7,0.7,0.8,8,-0.004340652266177525,-0.019156285417716523,0.0,0.0
1783328657000,BTCUSDT,BTC,coindesk,influencer,3,-0.5,0.5,0.8,9,-0.0006332255900760586,-0.017713774080188482,0.0,0.0
1783328757000,BTCUSDT,ALL,cointelegraph,influencer,2,-0.45,0.45,0.8,9,-0.0003903630901677113,-0.019478863683904613,0.0,0.0
1783334750000,ETHUSDT,ETH,coindesk,influencer,3,0.5,0.5,0.8,10,0.0014860604142887812,-0.011233034614471782,-0.0003284310354434439,0.0015653460804471164
1783337835000,BTCUSDT,ALL,theblock,regulatory,2,-0.2,0.2,0.8,11,-0.01848938850060544,-0.0008845761522399131,0.0,0.0
1783340734000,BTCUSDT,BTC,cointelegraph,influencer,2,0.0,0.0,0.8,12,-0.009102342199234448,0.022980957155731563,0.0,0.0
1783341190000,XRPUSDT,XRP,theblock,regulatory,3,0.8,0.8,0.9,12,-0.011008522727272707,0.022638494318181657,-0.0032341691424909724,-0.003619404672479787
1783341636000,BTCUSDT,ALL,coindesk,influencer,3,-0.7,0.7,0.8,12,0.003063133844736221,0.0320754729212227,0.0,0.0
1783342913000,XRPUSDT,XRP,coindesk,regulatory,3,0.7,0.7,0.8,13,0.0020637056976222645,0.03885150291610584,-0.0001233254634427361,0.004116473578376523
1783344365000,BTCUSDT,BTC,coindesk,macro,2,-0.5,0.5,0.8,13,0.006525500762912806,0.03561341427783016,0.0,0.0
1783345807000,BTCUSDT,BTC,theblock,influencer,3,0.7,0.7,0.8,13,0.004594434580506679,0.029451557686389185,0.0,0.0
1783348616000,BTCUSDT,ALL,coindesk,regulatory,3,0.8,0.8,0.7,14,0.013929699587416078,0.028257961578133095,0.0,0.0
1783350620000,BTCUSDT,ALL,decrypt,influencer,3,0.7,0.7,0.8,15,0.02055816610616512,0.022332216172803898,0.0,0.0
1783351081000,BTCUSDT,BTC,coindesk,influencer,2,-0.4,0.4,0.8,15,0.019505180570188907,0.02405027154333861,0.0,0.0
1783351434000,BTCUSDT,BTC,theblock,influencer,3,-0.5,0.5,0.8,15,0.016014984631147478,0.022051901895491666,0.0,0.0
1783351894000,BTCUSDT,ALL,cointelegraph,regulatory,3,-0.5,0.5,0.8,15,0.02010453073395957,0.02248228428511867,0.0,0.0
1783353978000,BTCUSDT,ALL,cointelegraph,hack,3,-0.7,0.7,0.8,16,0.0016157057897012717,-0.0023085769035956494,0.0,0.0
1783354889000,BTCUSDT,ALL,theblock,regulatory,2,0.4,0.4,0.7,16,0.00670455039647444,0.004633151583030237,0.0,0.0
1783358790000,BTCUSDT,ALL,coindesk,exchange,2,0.4,0.4,0.8,17,-0.0012537617554858604,0.00768025078369905,0.0,0.0
1783362691000,BTCUSDT,BTC,cointelegraph,exchange,2,-0.4,0.4,0.8,18,-0.0004653167413722903,0.006519763031689774,0.0,0.0
1783362956000,ETHUSDT,ETH,coindesk,influencer,2,0.4,0.4,0.8,18,0.001070210251722381,0.007848208512630572,0.00043307639797163233,0.001506493172751311
1783363783000,BTCUSDT,BTC,coindesk,influencer,3,-0.7,0.7,0.8,18,0.0008295034786616196,0.006851008787562396,0.0,0.0
1783364869000,BTCUSDT,ALL,theblock,influencer,3,0.5,0.5,0.7,19,-0.0022894832324962255,0.008180961256673003,0.0,0.0
1783366597000,ETHUSDT,ETH,theblock,influencer,3,0.8,0.8,0.9,19,-0.0015200783981825783,0.002494487627786812,-0.0013634417013372868,-0.0010453450842209389
1783374664000,BTCUSDT,ALL,decrypt,exchange,2,-0.2,0.2,0.7,21,-0.0038142359479721444,-0.010078775028306786,0.0,0.0
1783375034000,BTCUSDT,ALL,theblock,regulatory,2,-0.45,0.45,0.8,21,-0.0016067934999212108,-0.007333665951966384,0.0,0.0
1783377383000,XRPUSDT,XRP,cointelegraph,regulatory,3,0.8,0.8,0.9,22,-0.0027838190517615047,-0.013571117877338001,-0.0006349531209350889,-0.004083836634288351
1783378289000,BTCUSDT,ALL,decrypt,influencer,3,-0.6,0.6,0.8,22,-0.003143951186103,-0.014351379117115926,0.0,0.0
1783378665000,BTCUSDT,BTC,theblock,regulatory,3,-0.5,0.5,0.8,22,-0.003047409227482367,-0.014083042796326772,0.0,0.0
1783378846000,BTCUSDT,ALL,decrypt,regulatory,2,-0.2,0.2,0.8,23,-0.003171201936908452,-0.013144219476441843,0.0,0.0
1783378856000,BTCUSDT,BTC,decrypt,influencer,3,0.8,0.8,0.7,23,-0.003171201936908452,-0.013144219476441843,0.0,0.0
1783382296000,SOLUSDT,SOL,decrypt,hack,3,-0.8,0.8,0.9,23,-0.00024408103490358712,-0.011715889675372182,0.0017348829695565948,0.002033359646773647
1783382476000,BTCUSDT,ALL,cointelegraph,hack,3,-0.7,0.7,0.8,0,-0.0008542787809957542,-0.012972231098184017,0.0,0.0
1783384925000,BTCUSDT,BTC,coindesk,regulatory,2,-0.2,0.2,0.7,0,-0.0027088617341173293,-0.01687630212006619,0.0,0.0
1783386728000,BTCUSDT,BTC,theblock,influencer,3,0.5,0.5,0.8,1,-0.0036616682286785274,-0.01774429865666971,0.0,0.0
1783400437000,BTCUSDT,BTC,cointelegraph,influencer,3,0.5,0.5,0.8,5,0.0005245796581427875,0.0019837899016432736,0.0,0.0
1783401709000,BTCUSDT,BTC,cointelegraph,regulatory,2,-0.35,0.35,0.7,5,0.0036309489101193915,0.0036358742773017205,0.0,0.0
1783412946000,BTCUSDT,BTC,theblock,regulatory,3,0.7,0.7,0.8,8,0.0015327055391736177,0.008215859729224118,0.0,0.0
1783413777000,BTCUSDT,ALL,coindesk,hack,3,-0.8,0.8,0.9,8,0.0038099815683383387,0.006219873380016727,0.0,0.0
1783414578000,BTCUSDT,BTC,cointelegraph,influencer,3,0.5,0.5,0.8,8,0.004168971416250278,0.0027758314275283524,0.0,0.0
1783415224000,BTCUSDT,ALL,cointelegraph,hack,3,-0.5,0.5,0.8,9,0.001791601008621413,0.001371684640910642,0.0,0.0
1783421579000,BTCUSDT,BTC,coindesk,macro,2,-0.45,0.45,0.8,10,0.0019278174578092333,0.004393685607736675,0.0,0.0
1783423301000,BTCUSDT,BTC,coindesk,exchange,2,0.4,0.4,0.8,11,0.008297407499386233,0.009073301047171523,0.0,0.0
1783426296000,BTCUSDT,ALL,theblock,regulatory,2,-0.3,0.3,0.7,12,-0.00618114034770989,0.0024769145224301514,0.0,0.0
1783426556000,BTCUSDT,ALL,cointelegraph,regulatory,2,0.6,0.6,0.8,12,-0.009379803620164995,0.004297769551714348,0.0,0.0
1783427748000,BTCUSDT,BTC,cointelegraph,regulatory,3,0.7,0.7,0.8,12,-0.006921020102964914,0.0069464869920004,0.0,0.0
1783430472000,BTCUSDT,BTC,cointelegraph,macro,2,-0.8,0.8,0.7,13,0.0005075106988421396,0.016502574709678752,0.0,0.0
1783431368000,ETHUSDT,ETH,cointelegraph,influencer,2,0.0,0.0,0.8,13,-0.0011904291751060336,0.020242937821232543,0.002509959052226618,0.003459486357564101
1783431914000,BTCUSDT,BTC,coindesk,macro,2,-0.4,0.4,0.8,13,0.0038971799746514435,0.016931083650190137,0.0,0.0
1783432285000,BTCUSDT,ALL,cointelegraph,hack,3,-0.8,0.8,0.9,13,0.008025405988327794,0.01792057853336715,0.0,0.0
1783434463000,BTCUSDT,BTC,coindesk,macro,2,-0.6,0.6,0.8,14,0.00916046312399632,0.012792615794055884,0.0,0.0
1783435004000,BTCUSDT,BTC,decrypt,exchange,3,-0.5,0.5,0.8,14,0.014331725560349229,0.01824033465320385,0.0,0.0
1783435189000,BTCUSDT,ALL,coindesk,exchange,3,0.5,0.5,0.8,14,0.014331725560349229,0.01824033465320385,0.0,0.0
1783435369000,BTCUSDT,ALL,theblock,exchange,3,0.7,0.7,0.8,14,0.012016225961538396,0.01081730769230771,0.0,0.0
1783436453000,BTCUSDT,ALL,cointelegraph,exchange,3,0.5,0.5,0.8,15,0.005482712642447707,0.0013113298584928046,0.0,0.0
1783438173000,BTCUSDT,BTC,decrypt,influencer,2,-0.3,0.3,0.7,15,0.003630704743455837,0.0003029900032118782,0.0,0.0
1783442179000,BTCUSDT,BTC,cointelegraph,influencer,2,-0.2,0.2,0.8,16,0.0027804712563124223,-0.0059309434602644595,0.0,0.0
1783442539000,BTCUSDT,BTC,cointelegraph,macro,2,0.7,0.7,0.8,16,0.002241433167775586,-0.0062788554649674255,0.0,0.0
1783442986000,BTCUSDT,ALL,decrypt,exchange,3,0.6,0.6,0.8,16,0.0009776065870317208,-0.007423042135795144,0.0,0.0
1783445900000,BTCUSDT,ALL,theblock,influencer,3,0.6,0.6,0.8,17,-0.002272855005737817,-0.01291832932468695,0.0,0.0
1783451153000,BTCUSDT,ALL,theblock,regulatory,2,-0.3,0.3,0.8,19,0.0038591029214785078,0.001654261020668013,0.0,0.0
1783451433000,BTCUSDT,ALL,coindesk,regulatory,3,0.7,0.7,0.8,19,0.003703095501289999,0.003047496450806486,0.0,0.0
1783452700000,BTCUSDT,ALL,cointelegraph,influencer,2,-0.4,0.4,0.7,19,-0.001877564422302358,-0.0034829180681628102,0.0,0.0
1783455509000,BTCUSDT,BTC,decrypt,influencer,2,-0.4,0.4,0.8,20,-0.004706759131417049,-0.0021996987573741356,0.0,0.0
1783456246000,BTCUSDT,ALL,decrypt,regulatory,2,0.0,0.0,0.8,20,-0.004378960941723298,0.0004337486962795456,0.0,0.0
1783460417000,BTCUSDT,ALL,coindesk,regulatory,2,0.4,0.4,0.8,21,-0.0002325373429467037,-0.005008448174558255,0.0,0.0
1783463777000,BTCUSDT,ALL,coindesk,exchange,3,-0.7,0.7,0.8,22,-0.0026724404752829223,-0.010123395038450278,0.0,0.0
1783463787000,BTCUSDT,ALL,cointelegraph,exchange,2,0.4,0.4,0.8,22,-0.0026724404752829223,-0.010123395038450278,0.0,0.0
1783467587000,BTCUSDT,ALL,decrypt,influencer,3,-0.5,0.5,0.8,23,0.0041923840746460606,-0.0077770072187371975,0.0,0.0
1783468298000,BTCUSDT,BTC,cointelegraph,regulatory,2,0.45,0.45,0.8,23,0.0039262047734052175,-0.009437379180193606,0.0,0.0
1783468854000,BTCUSDT,ALL,theblock,regulatory,3,-0.5,0.5,0.8,0,0.0005154704140146738,-0.009940449933833362,0.0,0.0
1783470672000,BTCUSDT,ALL,theblock,regulatory,2,0.3,0.3,0.8,0,-0.010520872623621447,-0.01489950532316997,0.0,0.0
1783471308000,BTCUSDT,ALL,cointelegraph,regulatory,2,-0.2,0.2,0.8,0,-0.006554531574286981,-0.014234260093408002,0.0,0.0
1783472580000,BTCUSDT,ALL,decrypt,regulatory,3,0.8,0.8,0.9,1,-0.010875829334932252,-0.010548945089745243,0.0,0.0
1783489635000,BTCUSDT,BTC,cointelegraph,exchange,2,-0.4,0.4,0.8,5,0.001258581400105152,-0.009087395170770618,0.0,0.0
1783492354000,BTCUSDT,ALL,cointelegraph,regulatory,2,-0.4,0.4,0.8,6,0.004014509690135171,-0.006305681767651117,0.0,0.0
1783494172000,BTCUSDT,ALL,cointelegraph,exchange,2,-0.45,0.45,0.7,7,0.0034485638862711276,-0.007243373616354187,0.0,0.0
1783495889000,BTCUSDT,BTC,coindesk,macro,2,-0.35,0.35,0.7,7,-0.01244575364987921,-0.00986471071799544,0.0,0.0
1783500426000,BTCUSDT,ALL,cointelegraph,exchange,2,0.6,0.6,0.8,8,-0.0012844227137814856,-0.0004409068198147903,0.0,0.0
1783501062000,BTCUSDT,BTC,cointelegraph,influencer,3,-0.5,0.5,0.7,8,-0.002482047979391444,-0.0028625020125583323,0.0,0.0
1783503144000,BTCUSDT,ALL,theblock,regulatory,2,-0.4,0.4,0.7,9,0.00033089949109110783,-0.0011674069637033213,0.0,0.0
1783503690000,BTCUSDT,ALL,cointelegraph,regulatory,3,-0.5,0.5,0.7,9,0.0008375201288244316,-0.0059652173913044,0.0,0.0
1783511858000,BTCUSDT,ALL,cointelegraph,exchange,2,0.4,0.4,0.8,11,-0.0057757024619056185,-0.009214507354797896,0.0,0.0
1783514767000,BTCUSDT,ALL,coindesk,regulatory,3,-0.7,0.7,0.8,12,-0.007039429466050073,-0.0012352446381641569,0.0,0.0
1783517476000,BTCUSDT,ALL,theblock,regulatory,3,-0.8,0.8,0.9,13,-0.0018903466737167918,0.00562702973273832,0.0,0.0
1783517932000,BTCUSDT,ALL,coindesk,geopolitical,2,-0.35,0.35,0.8,13,-0.0008555243536361168,0.0048553952422452085,0.0,0.0
1783518488000,BTCUSDT,ALL,cointelegraph,regulatory,2,-0.2,0.2,0.8,13,0.005117057430952476,0.006598089039587807,0.0,0.0
1783519034000,BTCUSDT,ALL,cointelegraph,regulatory,2,-0.35,0.35,0.8,13,-0.0025501969139388736,0.0043358189683000425,0.0,0.0
1783520201000,BTCUSDT,BTC,coindesk,macro,2,-0.45,0.45,0.8,14,-0.007959364526939905,0.002269592678525445,0.0,0.0
1783525564000,BTCUSDT,BTC,coindesk,influencer,2,0.2,0.2,0.6,15,0.00555204652600394,0.007895883770568046,0.0,0.0
1783526110000,BTCUSDT,ALL,coindesk,regulatory,2,-0.45,0.45,0.8,15,0.00567127904339082,0.0088995106775982,0.0,0.0
1783528649000,BTCUSDT,ALL,cointelegraph,regulatory,2,-0.4,0.4,0.7,16,0.0033007826064677115,0.0021913367831163377,0.0,0.0
1783534008000,BTCUSDT,ALL,decrypt,exchange,3,0.7,0.7,0.8,18,-0.00316950926627535,-0.0013071035023053401,0.0,0.0
1783535636000,BTCUSDT,ALL,theblock,regulatory,2,-0.35,0.35,0.7,18,0.0029846292800430607,0.0033592183799673325,0.0,0.0
1783536182000,BTCUSDT,BTC,cointelegraph,macro,2,-0.35,0.35,0.8,18,-0.0008359859811581938,0.0015329089096813853,0.0,0.0
1783536192000,BTCUSDT,ALL,decrypt,regulatory,2,-0.4,0.4,0.8,18,-0.0008359859811581938,0.0015329089096813853,0.0,0.0
1783537179000,BTCUSDT,ALL,coindesk,regulatory,2,-0.2,0.2,0.6,18,0.0012957758799794217,0.0016934494653839671,0.0,0.0
1783541075000,BTCUSDT,ALL,theblock,influencer,2,0.2,0.2,0.8,20,-0.0034370125861641343,-0.0017122449192563671,0.0,0.0
1783541901000,BTCUSDT,ALL,cointelegraph,regulatory,2,0.4,0.4,0.7,20,-0.0022797862170015337,-0.001119159012195503,0.0,0.0
1783543083000,BTCUSDT,BTC,cointelegraph,exchange,2,0.0,0.0,0.8,20,-0.00161816252371616,0.0001284689841463127,0.0,0.0
1783546077000,BTCUSDT,BTC,decrypt,macro,2,-0.35,0.35,0.7,21,0.0029438772971719374,0.0026216818986244395,0.0,0.0
1783547249000,BTCUSDT,BTC,cointelegraph,macro,2,-0.4,0.4,0.8,21,0.0010647199217426184,-0.004160479114317717,0.0,0.0
1783548070000,BTCUSDT,ALL,theblock,regulatory,2,-0.3,0.3,0.8,22,0.0013921687214628609,-0.0030318483908654548,0.0,0.0
1783549067000,BTCUSDT,ALL,cointelegraph,regulatory,2,-0.35,0.35,0.7,22,-0.0006885758395309693,-0.003174707170598756,0.0,0.0
1783552242000,BTCUSDT,BTC,coindesk,exchange,2,-0.2,0.2,0.6,23,-0.0016661852386296028,-0.007959699415494348,0.0,0.0
1783554150000,BTCUSDT,ALL,decrypt,influencer,3,0.6,0.6,0.8,23,-0.001086551610639308,-0.0052372622947475245,0.0,0.0
1783558682000,BTCUSDT,BTC,cointelegraph,macro,2,-0.45,0.45,0.8,0,-0.00414774919614147,0.004228295819935779,0.0,0.0
1783558957000,BTCUSDT,ALL,theblock,regulatory,3,0.6,0.6,0.8,1,-0.009571881478491528,-0.002591556294139874,0.0,0.0
1783560500000,BTCUSDT,ALL,decrypt,influencer,2,0.0,0.0,0.8,1,-0.006426737076305145,0.0003854307807269475,0.0,0.0
1783575742000,BTCUSDT,ALL,cointelegraph,influencer,3,0.6,0.6,0.8,5,0.0054739116517286135,0.006304577464788741,0.0,0.0
1783581460000,BTCUSDT,ALL,cointelegraph,macro,2,-0.35,0.35,0.7,7,0.002433946531121167,-0.003055914437577134,0.0,0.0
1783582906000,BTCUSDT,ALL,theblock,exchange,3,-0.8,0.8,0.9,7,-0.002624137630592993,-0.00731384305866889,0.0,0.0
1783587172000,BTCUSDT,ALL,cointelegraph,hack,3,-0.7,0.7,0.8,8,0.0007908921024455395,-0.004604343309172143,0.0,0.0
1783588354000,BTCUSDT,ALL,cointelegraph,regulatory,3,0.7,0.7,0.8,9,0.00178196369535355,-0.0008594792752054659,0.0,0.0
1783590167000,BTCUSDT,ALL,coindesk,macro,2,-0.35,0.35,0.7,9,-0.0007620012816127453,0.0009220040554180908,0.0,0.0
1783594343000,BTCUSDT,ALL,theblock,regulatory,3,0.5,0.5,0.8,10,4.778132209004582e-06,0.0036625976092774515,0.0,0.0
1783596521000,BTCUSDT,ALL,cointelegraph,regulatory,3,0.6,0.6,0.8,11,0.002101181312030187,0.005124641737095814,0.0,0.0
1783597067000,BTCUSDT,ALL,cointelegraph,regulatory,2,0.2,0.2,0.8,11,-0.0007765558646246618,0.005079530747047922,0.0,0.0
1783597433000,BTCUSDT,BTC,coindesk,exchange,2,-0.4,0.4,0.8,11,-0.0014569813102649487,0.005803190070951647,0.0,0.0
1783599150000,BTCUSDT,ALL,theblock,regulatory,3,0.5,0.5,0.8,12,0.0004459136530188257,0.00012792735383149179,0.0,0.0
1783599876000,BTCUSDT,ALL,decrypt,hack,2,-0.2,0.2,0.8,12,-0.001362464191136059,-0.001611776988906466,0.0,0.0
1783600062000,BTCUSDT,ALL,cointelegraph,regulatory,2,0.2,0.2,0.8,12,-0.0024463443785917027,-0.0014263042936442094,0.0,0.0
1783600412000,BTCUSDT,ALL,coindesk,macro,2,-0.45,0.45,0.8,12,-0.003559578482595138,-0.0026286435859014246,0.0,0.0
1783600878000,BTCUSDT,ALL,theblock,hack,2,-0.45,0.45,0.8,12,0.005743256903071314,0.0013983776581760754,0.0,0.0
1783601414000,BTCUSDT,ALL,coindesk,regulatory,2,0.4,0.4,0.8,12,0.006617208094928273,0.0013733345982258616,0.0,0.0
1783602150000,BTCUSDT,BTC,cointelegraph,exchange,2,-0.4,0.4,0.7,13,0.0014231213699902323,-0.0015076206931999847,0.0,0.0
1783603422000,BTCUSDT,ALL,coindesk,influencer,3,-0.7,0.7,0.8,13,0.0024338770432164036,0.0017840779452829025,0.0,0.0
1783603688000,BTCUSDT,ALL,cointelegraph,exchange,2,0.4,0.4,0.8,13,0.0023492114376504336,0.0027132075013840407,0.0,0.0
1783605776000,BTCUSDT,BTC,theblock,influencer,2,0.3,0.3,0.8,14,0.003457483111836579,0.007052737979255541,0.0,0.0
1783605866000,BTCUSDT,ALL,decrypt,regulatory,2,0.4,0.4,0.7,14,0.003457483111836579,0.007052737979255541,0.0,0.0
1783605961000,BTCUSDT,BTC,theblock,exchange,2,0.4,0.4,0.8,14,0.0026301400511439255,0.007291043143227149,0.0,0.0
1783606958000,BTCUSDT,ALL,cointelegraph,regulatory,3,0.7,0.7,0.8,14,0.0016781237202756483,0.008048378054938299,0.0,0.0
1783606958000,BTCUSDT,ALL,cointelegraph,hack,2,-0.45,0.45,0.8,14,0.0016781237202756483,0.008048378054938299,0.0,0.0
1783607314000,BTCUSDT,BTC,coindesk,macro,2,0.7,0.7,0.8,14,0.0031203218466009375,0.009496188511972425,0.0,0.0
1783608230000,BTCUSDT,ALL,theblock,regulatory,2,-0.4,0.4,0.8,14,0.0010711559494422929,0.00574920401867729,0.0,0.0
1783610403000,BTCUSDT,ALL,decrypt,regulatory,2,0.2,0.2,0.8,15,-0.00434784196368454,0.004436910407782824,0.0,0.0
1783612672000,BTCUSDT,ALL,cointelegraph,regulatory,2,-0.2,0.2,0.8,15,-0.00373046319401793,0.0036750311824917947,0.0,0.0
1783614940000,BTCUSDT,BTC,theblock,macro,2,-0.2,0.2,0.8,16,0.0048061003852755135,0.009417546291816237,0.0,0.0
1783616578000,BTCUSDT,ALL,theblock,regulatory,2,-0.3,0.3,0.8,17,0.010008606126286956,0.010023746533643463,0.0,0.0
1783619933000,BTCUSDT,ALL,theblock,regulatory,2,-0.35,0.35,0.62,17,0.002316023874299855,0.0030102763952242206,0.0,0.0
1783620298000,BTCUSDT,ALL,theblock,influencer,3,0.7,0.7,0.8,18,-0.0015335942184492302,-0.0012939060182408646,0.0,0.0
1783621746000,BTCUSDT,ALL,decrypt,regulatory,3,-0.7,0.7,0.8,18,-0.0024519807937375404,-0.001306376743590909,0.0,0.0
1783623744000,BTCUSDT,ALL,theblock,regulatory,3,0.7,0.7,0.8,19,-0.0007154279743242231,-0.0011825817388707582,0.0,0.0
1783623834000,BTCUSDT,BTC,cointelegraph,macro,2,0.4,0.4,0.7,19,-0.0007154279743242231,-0.0011825817388707582,0.0,0.0
1783625562000,BTCUSDT,BTC,cointelegraph,macro,2,-0.35,0.35,0.8,19,0.0006181835425029814,-0.000399740777036639,0.0,0.0
1783626458000,BTCUSDT,ALL,cointelegraph,regulatory,3,-0.7,0.7,0.8,19,-5.26365788815486e-05,0.00087253428056,0.0,0.0
1783628010000,BTCUSDT,BTC,cointelegraph,influencer,2,-0.45,0.45,0.8,20,0.0018635246953799811,-0.00020421105014312158,0.0,0.0
1783630464000,BTCUSDT,ALL,theblock,regulatory,2,-0.2,0.2,0.7,20,-0.0006126667064686453,-0.003150203006062835,0.0,0.0
1783632367000,BTCUSDT,BTC,coindesk,macro,2,-0.7,0.7,0.8,21,0.0006532053459766818,0.0012759003744864383,0.0,0.0
1783636633000,BTCUSDT,ALL,coindesk,regulatory,3,-0.5,0.5,0.7,22,-0.0011107849357486765,0.008074102833622199,0.0,0.0
1783636724000,BTCUSDT,ALL,cointelegraph,regulatory,3,0.7,0.7,0.8,22,-0.0011107849357486765,0.008074102833622199,0.0,0.0
1783637175000,BTCUSDT,BTC,theblock,influencer,3,-0.8,0.8,0.9,22,0.001027283401373591,0.011451569784841187,0.0,0.0
1783637530000,ETHUSDT,ETH,theblock,regulatory,2,0.0,0.0,0.8,22,-0.001350485259109968,0.014500549349935943,-0.0015279641664853738,0.0027443908160318387
1783637631000,BTCUSDT,ALL,cointelegraph,regulatory,2,-0.4,0.4,0.8,22,0.00017747890737540573,0.011756158533904104,0.0,0.0
1783639989000,BTCUSDT,ALL,coindesk,exchange,2,0.0,0.0,0.8,23,-0.0021615823098759535,0.009636356075066299,0.0,0.0
1783640625000,BTCUSDT,ALL,coindesk,influencer,2,-0.2,0.2,0.6,23,-0.0032306621972044702,0.01211482512175066,0.0,0.0
1783642533000,BTCUSDT,ALL,theblock,exchange,2,-0.2,0.2,0.6,0,0.003797609598125362,0.01283325767700405,0.0,0.0
1783644256000,BTCUSDT,ALL,cointelegraph,exchange,2,-0.2,0.2,0.6,0,0.011290190559342994,0.017163158188620242,0.0,0.0
1783644346000,BTCUSDT,ALL,decrypt,geopolitical,2,-0.2,0.2,0.6,0,0.012529432417806241,0.016767256348922288,0.0,0.0
1783646524000,BTCUSDT,BTC,coindesk,regulatory,3,-0.7,0.7,0.8,1,0.006658697430568239,0.009242862627847792,0.0,0.0
1783664024000,BTCUSDT,ALL,cointelegraph,hack,3,-0.8,0.8,0.9,6,-0.0005940470235117346,0.005346266883441642,0.0,0.0
1783667484000,BTCUSDT,ALL,theblock,regulatory,2,0.4,0.4,0.8,7,0.005304708274675329,0.007710308149538436,0.0,0.0
1783668936000,BTCUSDT,BTC,coindesk,macro,2,-0.3,0.3,0.7,7,0.003936306027308323,0.006995184233258511,0.0,0.0
1783673548000,BTCUSDT,ALL,theblock,regulatory,2,0.2,0.2,0.8,8,0.002164803697537021,0.000632412814429939,0.0,0.0
1783674820000,BTCUSDT,ALL,cointelegraph,regulatory,2,-0.35,0.35,0.7,9,-9.360033372718402e-05,-0.0017557059276532838,0.0,0.0
1783683899000,BTCUSDT,ALL,theblock,regulatory,3,-0.7,0.7,0.8,11,-0.0017402452104474664,-0.00723152707525565,0.0,0.0
1783685626000,BTCUSDT,ALL,theblock,influencer,2,0.2,0.2,0.8,12,-0.0039229892663128485,-0.005708704937247844,0.0,0.0
1783688526000,BTCUSDT,ALL,decrypt,regulatory,2,0.2,0.2,0.8,13,-0.0004879233528076732,-0.004311233525589819,0.0,0.0
1783688806000,BTCUSDT,ALL,theblock,exchange,2,0.6,0.6,0.8,13,-0.0005432337819811783,-0.0044345932517600994,0.0,0.0
1783689527000,BTCUSDT,BTC,cointelegraph,exchange,2,0.0,0.0,0.8,13,-0.0025887586047557143,-0.004797426021854956,0.0,0.0
1783690258000,BTCUSDT,BTC,theblock,regulatory,3,-0.5,0.5,0.8,13,-0.002753608921282291,-0.006657587502043039,0.0,0.0
1783692617000,BTCUSDT,ALL,theblock,hack,2,-0.2,0.2,0.8,14,-0.000987974062290009,-0.003950025381438738,0.0,0.0
1783693613000,BTCUSDT,ALL,theblock,regulatory,3,0.7,0.7,0.8,14,0.0005346550943887696,-0.002256790861191238,0.0,0.0
1783693969000,BTCUSDT,ALL,decrypt,hack,3,-0.7,0.7,0.8,14,-0.0017781171202487789,-0.0033375953874376085,0.0,0.0
1783694610000,BTCUSDT,ALL,cointelegraph,regulatory,3,0.7,0.7,0.8,14,-0.0017780374702797141,-0.004268444194596155,0.0,0.0
1783694696000,BTCUSDT,ALL,coindesk,regulatory,3,0.7,0.7,0.8,14,-0.0017780374702797141,-0.004268444194596155,0.0,0.0
1783695246000,BTCUSDT,ALL,cointelegraph,regulatory,2,-0.35,0.35,0.8,14,0.001957760377201634,-0.001640776238768904,0.0,0.0
1783696428000,BTCUSDT,ALL,decrypt,influencer,3,0.7,0.7,0.8,15,0.00015605982647093342,-0.0036933118532587184,0.0,0.0
1783697605000,BTCUSDT,ALL,cointelegraph,exchange,2,-0.3,0.3,0.7,15,-0.002038900490376472,0.00040634282242502096,0.0,0.0
1783700335000,BTCUSDT,ALL,theblock,exchange,2,-0.4,0.4,0.8,16,-0.0006925477147878834,-0.0035680345720818796,0.0,0.0
1783701241000,BTCUSDT,ALL,cointelegraph,regulatory,2,0.0,0.0,0.8,16,-0.00010175411571911042,-2.1603181491247625e-05,0.0,0.0
1783702418000,BTCUSDT,BTC,decrypt,influencer,3,0.8,0.8,0.7,16,-0.004927033843618145,-0.0046579350392992325,0.0,0.0
1783706139000,BTCUSDT,ALL,decrypt,regulatory,3,0.8,0.8,0.9,17,-0.0011556180702617658,0.0011728287374332957,0.0,0.0
1783706675000,BTCUSDT,BTC,cointelegraph,influencer,3,0.8,0.8,0.7,18,-0.0011076939054781576,0.0015694155108116892,0.0,0.0
1783707321000,BTCUSDT,ALL,decrypt,regulatory,2,-0.4,0.4,0.7,18,-0.0015822074546745224,0.0020647212939066684,0.0,0.0
1783710305000,BTCUSDT,ALL,coindesk,regulatory,3,-0.8,0.8,0.7,19,-0.000975704442797376,0.003724833501742575,0.0,0.0
1783710496000,ETHUSDT,ETH,theblock,regulatory,2,-0.3,0.3,0.7,19,0.0028469790699496844,0.00473750741109491,0.0038226835127470604,0.0010126739093523351
1783711677000,BTCUSDT,ALL,theblock,exchange,2,0.7,0.7,0.8,19,-0.00241357402911202,0.0033874119994155016,0.0,0.0
1783712484000,BTCUSDT,BTC,theblock,influencer,2,-0.35,0.35,0.8,19,-0.0016026850836345918,0.0023830836229936647,0.0,0.0
1783715393000,BTCUSDT,BTC,cointelegraph,regulatory,3,-0.7,0.7,0.8,20,0.0025041704841270995,0.004186777528641938,0.0,0.0
1783723190000,BTCUSDT,ALL,cointelegraph,regulatory,3,-0.8,0.8,0.9,22,0.0015287574989508723,0.0003368475158354034,0.0,0.0
1783723926000,BTCUSDT,ALL,theblock,regulatory,2,-0.2,0.2,0.6,22,0.0007709910221580518,0.0007135917310081563,0.0,0.0
1783725193000,BTCUSDT,ALL,theblock,regulatory,2,-0.2,0.2,0.8,23,-0.0011582561188580032,0.0009673707695267986,0.0,0.0
1783726645000,BTCUSDT,ALL,decrypt,regulatory,3,-0.7,0.7,0.8,23,-0.0011636199433217032,-0.0009794151536857143,0.0,0.0
1783728814000,BTCUSDT,ALL,cointelegraph,exchange,2,0.7,0.7,0.8,0,0.002029728021129218,0.0012804461154831692,0.0,0.0
1783728825000,BTCUSDT,ALL,cointelegraph,regulatory,2,-0.35,0.35,0.7,0,0.002029728021129218,0.0012804461154831692,0.0,0.0
1783731093000,BTCUSDT,ALL,decrypt,regulatory,2,-0.2,0.2,0.8,0,-0.0017318008857838407,0.0004366539829081528,0.0,0.0
1783744793000,BTCUSDT,ALL,cointelegraph,regulatory,2,-0.4,0.4,0.7,4,0.0007104731504901096,0.00206423780867504,0.0,0.0
1783747878000,BTCUSDT,BTC,coindesk,influencer,3,-0.7,0.7,0.8,5,0.0004673479561316807,0.0013322532402790799,0.0,0.0
1783753771000,BTCUSDT,ALL,theblock,regulatory,3,-0.7,0.7,0.8,7,0.00019885390388973967,-0.0001245756641440332,0.0,0.0
1783754407000,BTCUSDT,ALL,cointelegraph,exchange,2,0.6,0.6,0.8,7,0.0007097579175698865,-0.00045385880443249427,0.0,0.0
1783772374000,BTCUSDT,ALL,cointelegraph,regulatory,2,-0.2,0.2,0.8,12,0.0004107654199094757,0.0006420157549420491,0.0,0.0
1783781988000,BTCUSDT,ALL,cointelegraph,hack,3,-0.7,0.7,0.8,14,-0.0037791792570710525,-0.0011670537949051152,0.0,0.0
1783784622000,ETHUSDT,ETH,coindesk,hack,2,-0.2,0.2,0.8,15,0.004509327740368718,0.006016116569157903,0.003323339101581224,0.0032771553054722347
1783785799000,BTCUSDT,ALL,decrypt,regulatory,2,0.0,0.0,0.0,16,0.001746474374072049,0.003192693039464345,0.0,0.0
1783787707000,BTCUSDT,BTC,cointelegraph,influencer,2,0.0,0.0,0.8,16,0.0033285006079879498,0.004194337916627822,0.0,0.0
1783792879000,BTCUSDT,ALL,coindesk,regulatory,3,0.5,0.5,0.8,18,-4.96060903216744e-05,0.0011337868480725266,0.0,0.0
1783800537000,BTCUSDT,ALL,coindesk,macro,2,-0.4,0.4,0.8,20,0.00046389709941485613,-0.008435496149918342,0.0,0.0
1783804087000,BTCUSDT,ALL,coindesk,hack,3,-0.7,0.7,0.8,21,4.2265919450779066e-05,-0.0067703165826139555,0.0,0.0
1783808433000,BTCUSDT,ALL,theblock,hack,3,-0.7,0.7,0.8,22,-0.004957098144317662,-0.0021871930995949196,0.0,0.0
1783829129000,BTCUSDT,BTC,cointelegraph,influencer,3,0.6,0.6,0.8,4,-0.0028778707029053496,-0.0019384217631784884,0.0,0.0
