{"btc_dominance": 56.43457658240057, "eth_dominance": 9.89875185867846, "timestamp": 1771536172.823649}