{"btc_dominance": 56.39185764117077, "eth_dominance": 10.41143636316742, "timestamp": 1774133387.9734294}